{
  "type": "FeatureCollection",
  "features": [
    {
      "type": "Feature",
      "id": 10949,
      "geometry": {
        "type": "Polygon",
        "coordinates": [
          [
            [
              177.020347384677,
              -38.0742600814963
            ],
            [
              177.020974033886,
              -38.074600331544
            ],
            [
              177.023318867359,
              -38.0748300975972
            ],
            [
              177.023089783987,
              -38.0749036975285
            ],
            [
              177.02223160071,
              -38.07496823125
            ],
            [
              177.021551484741,
              -38.074927148017
            ],
            [
              177.020536418039,
              -38.0745879813932
            ],
            [
              177.020347384677,
              -38.0742600814963
            ]
          ]
        ]
      },
      "properties": {
        "OBJECTID": 10949,
        "NaPALIS_ID": 2792536,
        "Name": "Conservation Area - Puketi Rd",
        "Type": "CONSERVATION_AREA",
        "Legislation": "CONSERVATION_ACT",
        "Section": "S25_STEWARDSHIP_AREA",
        "Conservation_Unit_Number": "W16006",
        "Recorded_Area": 0.4
      }
    },
    {
      "type": "Feature",
      "id": 10757,
      "geometry": {
        "type": "Polygon",
        "coordinates": [
          [
            [
              169.491650317309,
              -46.4762575161188
            ],
            [
              169.489972450181,
              -46.4767271320528
            ],
            [
              169.490313667059,
              -46.4764591986604
            ],
            [
              169.490352200043,
              -46.4758930156208
            ],
            [
              169.490777483807,
              -46.4756746657728
            ],
            [
              169.491094765857,
              -46.4757674655412
            ],
            [
              169.491650317309,
              -46.4762575161188
            ]
          ]
        ]
      },
      "properties": {
        "OBJECTID": 10757,
        "NaPALIS_ID": 2805247,
        "Name": "Conservation Area - Puketiro / Tawanui Road",
        "Type": "CONSERVATION_AREA",
        "Legislation": "CONSERVATION_ACT",
        "Section": "S25_STEWARDSHIP_AREA",
        "Conservation_Unit_Number": "G47168",
        "Recorded_Area": 0.7
      }
    },
    {
      "type": "Feature",
      "id": 9934,
      "geometry": {
        "type": "Polygon",
        "coordinates": [
          [
            [
              169.493157167081,
              -46.4857774987448
            ],
            [
              169.493973716996,
              -46.4857611656346
            ],
            [
              169.494842349517,
              -46.4861181321293
            ],
            [
              169.494805983845,
              -46.4867578485177
            ],
            [
              169.493171500405,
              -46.4867526819782
            ],
            [
              169.493157167081,
              -46.4857774987448
            ]
          ]
        ]
      },
      "properties": {
        "OBJECTID": 9934,
        "NaPALIS_ID": 2805248,
        "Name": "Conservation Area - Puketiro Station Road",
        "Type": "CONSERVATION_AREA",
        "Legislation": "CONSERVATION_ACT",
        "Section": "S25_STEWARDSHIP_AREA",
        "Conservation_Unit_Number": "G47169",
        "Recorded_Area": 1.3
      }
    },
    {
      "type": "Feature",
      "id": 9674,
      "geometry": {
        "type": "MultiPolygon",
        "coordinates": [
          [
            [
              [
                173.771419649213,
                -35.2548522990302
              ],
              [
                173.771513516368,
                -35.2555050992852
              ],
              [
                173.771313717298,
                -35.2560679654599
              ],
              [
                173.770973083234,
                -35.2566197823469
              ],
              [
                173.770315533057,
                -35.2564603497647
              ],
              [
                173.769159883347,
                -35.2570589155775
              ],
              [
                173.768883350167,
                -35.2570648487339
              ],
              [
                173.768717716902,
                -35.2573907659481
              ],
              [
                173.768588933161,
                -35.25734329915
              ],
              [
                173.768212182738,
                -35.2578602317553
              ],
              [
                173.767789167043,
                -35.258121015801
              ],
              [
                173.767478333327,
                -35.2584545159663
              ],
              [
                173.767395667334,
                -35.2586472330222
              ],
              [
                173.765985616026,
                -35.260081999644
              ],
              [
                173.765941000025,
                -35.2605652326738
              ],
              [
                173.761266399913,
                -35.2617364993157
              ],
              [
                173.760742316804,
                -35.2617176990107
              ],
              [
                173.760721449851,
                -35.2613920817382
              ],
              [
                173.761076316574,
                -35.2606520823489
              ],
              [
                173.761129449367,
                -35.2602587830836
              ],
              [
                173.761363916741,
                -35.2600096159416
              ],
              [
                173.761450216061,
                -35.2596548159706
              ],
              [
                173.761672200212,
                -35.259331282384
              ],
              [
                173.761863266926,
                -35.2591414492154
              ],
              [
                173.762385599548,
                -35.25889409919
              ],
              [
                173.762883066607,
                -35.2587440658872
              ],
              [
                173.763220216185,
                -35.2587210992546
              ],
              [
                173.763453033986,
                -35.2585582327327
              ],
              [
                173.763459617251,
                -35.2584624157862
              ],
              [
                173.763266433069,
                -35.2583014486835
              ],
              [
                173.763168734113,
                -35.2580634662961
              ],
              [
                173.763131633025,
                -35.2576250326463
              ],
              [
                173.763216483113,
                -35.2575000324426
              ],
              [
                173.763476100115,
                -35.2574354827017
              ],
              [
                173.76367313386,
                -35.2574960656494
              ],
              [
                173.764049300008,
                -35.2577289489022
              ],
              [
                173.764374449983,
                -35.2580482491359
              ],
              [
                173.764501882717,
                -35.2581083822163
              ],
              [
                173.764663550011,
                -35.2580911484893
              ],
              [
                173.765079734086,
                -35.2577034991136
              ],
              [
                173.765223999818,
                -35.2574875824669
              ],
              [
                173.765121899317,
                -35.2568775652641
              ],
              [
                173.765742766677,
                -35.2568769154243
              ],
              [
                173.766215550156,
                -35.2566630659096
              ],
              [
                173.76645870004,
                -35.2563131155103
              ],
              [
                173.766273916382,
                -35.2559562318574
              ],
              [
                173.766292966536,
                -35.2558690829769
              ],
              [
                173.767061299853,
                -35.2558494156048
              ],
              [
                173.767306650105,
                -35.2557543325144
              ],
              [
                173.767441817217,
                -35.2555818497771
              ],
              [
                173.767660133337,
                -35.2550091495135
              ],
              [
                173.767827733198,
                -35.2549342323295
              ],
              [
                173.768029417502,
                -35.2548959159366
              ],
              [
                173.768865649577,
                -35.2550440657701
              ],
              [
                173.769134150109,
                -35.2549772654318
              ],
              [
                173.769624116588,
                -35.2546595318481
              ],
              [
                173.7698503837,
                -35.2548144986359
              ],
              [
                173.769943432882,
                -35.2550904992763
              ],
              [
                173.770033866529,
                -35.2551450993486
              ],
              [
                173.770302499776,
                -35.2550875152426
              ],
              [
                173.771058866574,
                -35.2545277489872
              ],
              [
                173.771349050311,
                -35.2543961651351
              ],
              [
                173.771871567453,
                -35.2544162994385
              ],
              [
                173.771419649213,
                -35.2548522990302
              ]
            ]
          ],
          [
            [
              [
                173.772336666275,
                -35.2542526156798
              ],
              [
                173.772128083346,
                -35.2543707818174
              ],
              [
                173.771460250222,
                -35.2542942824819
              ],
              [
                173.771042400059,
                -35.2544388654328
              ],
              [
                173.770167383345,
                -35.2550998491596
              ],
              [
                173.769993767316,
                -35.2550274320722
              ],
              [
                173.769933784093,
                -35.2548281992025
              ],
              [
                173.7696891494,
                -35.2545749825574
              ],
              [
                173.769502450507,
                -35.2546310821976
              ],
              [
                173.769233283916,
                -35.2548757491414
              ],
              [
                173.768860016485,
                -35.2550062995796
              ],
              [
                173.768067550106,
                -35.2548291985258
              ],
              [
                173.767754899989,
                -35.2548718997388
              ],
              [
                173.76759349988,
                -35.2549825984932
              ],
              [
                173.767442483895,
                -35.255441382919
              ],
              [
                173.767251017206,
                -35.2556667319172
              ],
              [
                173.767013917045,
                -35.2557342659036
              ],
              [
                173.766008716847,
                -35.2558235986892
              ],
              [
                173.766005483731,
                -35.2558940321634
              ],
              [
                173.766193099618,
                -35.2560310491645
              ],
              [
                173.766294449926,
                -35.2562177491896
              ],
              [
                173.765995184074,
                -35.2566234825133
              ],
              [
                173.76565058339,
                -35.2567517821878
              ],
              [
                173.765265266559,
                -35.2567504154947
              ],
              [
                173.764934749829,
                -35.2568469489899
              ],
              [
                173.764969233035,
                -35.2570856993245
              ],
              [
                173.765108866447,
                -35.2573543490142
              ],
              [
                173.765032415953,
                -35.2575994993119
              ],
              [
                173.764789733829,
                -35.2578281662914
              ],
              [
                173.764271882749,
                -35.2577422487066
              ],
              [
                173.76407086686,
                -35.257534731772
              ],
              [
                173.763786233068,
                -35.2573973654603
              ],
              [
                173.763257200688,
                -35.2573272988701
              ],
              [
                173.763004516901,
                -35.2573922985428
              ],
              [
                173.762887316467,
                -35.2575077824682
              ],
              [
                173.762872566042,
                -35.2576440830755
              ],
              [
                173.762963166073,
                -35.2577762164254
              ],
              [
                173.763135782701,
                -35.2585108490723
              ],
              [
                173.762963233342,
                -35.258614766442
              ],
              [
                173.762369050245,
                -35.2587865484319
              ],
              [
                173.755419166416,
                -35.2574418321937
              ],
              [
                173.755744533323,
                -35.2573345997462
              ],
              [
                173.757205999506,
                -35.2571181327038
              ],
              [
                173.757617100601,
                -35.2570044157356
              ],
              [
                173.759693666492,
                -35.2555273485813
              ],
              [
                173.760760200199,
                -35.2552205654769
              ],
              [
                173.761862633774,
                -35.2549853991037
              ],
              [
                173.762434832747,
                -35.2547364986938
              ],
              [
                173.763538699713,
                -35.2541204324206
              ],
              [
                173.76417178383,
                -35.2536606489105
              ],
              [
                173.76536993408,
                -35.2532657322838
              ],
              [
                173.765472583475,
                -35.2529557159046
              ],
              [
                173.765495649513,
                -35.2524761993527
              ],
              [
                173.765101599882,
                -35.2520761663827
              ],
              [
                173.76611863332,
                -35.2513441818452
              ],
              [
                173.769300083657,
                -35.2510301987343
              ],
              [
                173.769687583437,
                -35.2510843159624
              ],
              [
                173.766834934082,
                -35.2525614330742
              ],
              [
                173.771792950646,
                -35.2531657991081
              ],
              [
                173.772486483592,
                -35.2534062318524
              ],
              [
                173.772481299755,
                -35.2537632161283
              ],
              [
                173.772336666275,
                -35.2542526156798
              ]
            ]
          ]
        ]
      },
      "properties": {
        "OBJECTID": 9674,
        "NaPALIS_ID": 2797614,
        "Name": "Puketi Scenic Reserve",
        "Type": "RESERVE",
        "Legislation": "RESERVES_ACT",
        "Section": "S19_1_A_SCENIC_RESERVE",
        "Conservation_Unit_Number": "P05004",
        "Recorded_Area": 82.6
      }
    },
    {
      "type": "Feature",
      "id": 2584,
      "geometry": {
        "type": "MultiPolygon",
        "coordinates": [
          [
            [
              [
                172.556375599823,
                -43.2758929155349
              ],
              [
                172.556374816816,
                -43.2762490657325
              ],
              [
                172.556452600409,
                -43.2762384654546
              ],
              [
                172.557861700184,
                -43.2774843489579
              ],
              [
                172.557972817082,
                -43.2777657662467
              ],
              [
                172.558222016065,
                -43.2777241991565
              ],
              [
                172.55826355042,
                -43.2777752825722
              ],
              [
                172.558323367582,
                -43.2780838817827
              ],
              [
                172.558219849878,
                -43.2785116659053
              ],
              [
                172.557982549657,
                -43.2789357660874
              ],
              [
                172.55803719977,
                -43.2790785494133
              ],
              [
                172.560146417598,
                -43.2788878489933
              ],
              [
                172.560667699097,
                -43.2787936323666
              ],
              [
                172.561143416384,
                -43.2787860324263
              ],
              [
                172.56259203243,
                -43.2789880323602
              ],
              [
                172.564231182861,
                -43.279339599155
              ],
              [
                172.564562066821,
                -43.2793647322877
              ],
              [
                172.566252099167,
                -43.2791371489093
              ],
              [
                172.567775432901,
                -43.2790157984892
              ],
              [
                172.569156200426,
                -43.2791024319102
              ],
              [
                172.569484234006,
                -43.2793990991123
              ],
              [
                172.569500350303,
                -43.2796126326103
              ],
              [
                172.569121399307,
                -43.2793981489675
              ],
              [
                172.568591483625,
                -43.2793294327095
              ],
              [
                172.567948150573,
                -43.2793263823778
              ],
              [
                172.565790182711,
                -43.2795410326532
              ],
              [
                172.565069083565,
                -43.2796935663129
              ],
              [
                172.564463550196,
                -43.2797083486093
              ],
              [
                172.562058250849,
                -43.279226499242
              ],
              [
                172.561593900081,
                -43.2792364490337
              ],
              [
                172.560768332911,
                -43.2791415652678
              ],
              [
                172.560307349122,
                -43.2792179985696
              ],
              [
                172.557785116541,
                -43.2793620495189
              ],
              [
                172.557338933558,
                -43.2791862821928
              ],
              [
                172.557297150664,
                -43.2790932989342
              ],
              [
                172.557827099125,
                -43.278083715908
              ],
              [
                172.557641232399,
                -43.2775692819452
              ],
              [
                172.556205233461,
                -43.2763547157711
              ],
              [
                172.556046334071,
                -43.2758079318782
              ],
              [
                172.555509216444,
                -43.2755155661817
              ],
              [
                172.555396149966,
                -43.2753884324065
              ],
              [
                172.555208283467,
                -43.2748105163876
              ],
              [
                172.555208750449,
                -43.2744489323838
              ],
              [
                172.55511134971,
                -43.2743461825533
              ],
              [
                172.555200733919,
                -43.2741479157013
              ],
              [
                172.555436116167,
                -43.2742045658634
              ],
              [
                172.555548250006,
                -43.2744109656508
              ],
              [
                172.555466949991,
                -43.2746540496597
              ],
              [
                172.555639116082,
                -43.2753561989141
              ],
              [
                172.556166766481,
                -43.2756108158496
              ],
              [
                172.556375599823,
                -43.2758929155349
              ]
            ]
          ],
          [
            [
              [
                172.554190466479,
                -43.2732236823692
              ],
              [
                172.554286849086,
                -43.2733933821494
              ],
              [
                172.554271849703,
                -43.2735293829396
              ],
              [
                172.553954850318,
                -43.2737963829403
              ],
              [
                172.553533850291,
                -43.273910381731
              ],
              [
                172.55332584919,
                -43.2735643821838
              ],
              [
                172.552828850047,
                -43.2733123823881
              ],
              [
                172.551802849079,
                -43.2734043825224
              ],
              [
                172.550584850193,
                -43.2736963822621
              ],
              [
                172.550361365842,
                -43.2735742159965
              ],
              [
                172.550208017547,
                -43.2735596487163
              ],
              [
                172.55000293413,
                -43.273396065216
              ],
              [
                172.549885566228,
                -43.2732329661052
              ],
              [
                172.549679449757,
                -43.272067548411
              ],
              [
                172.549397499782,
                -43.2716919988962
              ],
              [
                172.549027916795,
                -43.2708648327227
              ],
              [
                172.549111866556,
                -43.2701684156704
              ],
              [
                172.548639250003,
                -43.2695933663917
              ],
              [
                172.548345133998,
                -43.2694318489238
              ],
              [
                172.548056866743,
                -43.2688284660028
              ],
              [
                172.548050817287,
                -43.2683386990583
              ],
              [
                172.547924282822,
                -43.2682398655849
              ],
              [
                172.54791764999,
                -43.2680325325275
              ],
              [
                172.548020816076,
                -43.2677736161907
              ],
              [
                172.547982716323,
                -43.2675888324935
              ],
              [
                172.548057599921,
                -43.2675237158915
              ],
              [
                172.548376099962,
                -43.2677069658938
              ],
              [
                172.552045949832,
                -43.2688921156665
              ],
              [
                172.551784750623,
                -43.2694685993182
              ],
              [
                172.551535732811,
                -43.2704980160658
              ],
              [
                172.551547816067,
                -43.2709651821397
              ],
              [
                172.551657917485,
                -43.2713778823998
              ],
              [
                172.551890816622,
                -43.271775616172
              ],
              [
                172.552403300261,
                -43.2722180325574
              ],
              [
                172.553128316335,
                -43.2724793824015
              ],
              [
                172.553645333034,
                -43.2725708324197
              ],
              [
                172.553858216673,
                -43.2727062490041
              ],
              [
                172.554190466479,
                -43.2732236823692
              ]
            ]
          ]
        ]
      },
      "properties": {
        "OBJECTID": 2584,
        "NaPALIS_ID": 2799267,
        "Name": "Conservation Area Makerikeri River Leigh Camp",
        "Type": "CONSERVATION_AREA",
        "Legislation": "CONSERVATION_ACT",
        "Section": "S25_STEWARDSHIP_AREA",
        "Conservation_Unit_Number": "M34082",
        "Recorded_Area": 19
      }
    },
    {
      "type": "Feature",
      "id": 4531,
      "geometry": {
        "type": "Polygon",
        "coordinates": [
          [
            [
              173.961966450291,
              -35.214768415864
            ],
            [
              173.962055350115,
              -35.2151205659352
            ],
            [
              173.961626733356,
              -35.2151851153348
            ],
            [
              173.961620083695,
              -35.2145051328258
            ],
            [
              173.96212133306,
              -35.2144840158299
            ],
            [
              173.96220208341,
              -35.2147380658487
            ],
            [
              173.961966450291,
              -35.214768415864
            ]
          ]
        ]
      },
      "properties": {
        "OBJECTID": 4531,
        "NaPALIS_ID": 2797782,
        "Name": "Kerikeri (Scout Hall) Local Purpose Reserve",
        "Type": "RESERVE",
        "Legislation": "RESERVES_ACT",
        "Section": "S23_LOCAL_PURPOSE_RESERVE",
        "Conservation_Unit_Number": "P05063",
        "Recorded_Area": 0.3
      }
    },
    {
      "type": "Feature",
      "id": 10971,
      "geometry": {
        "type": "MultiPolygon",
        "coordinates": [
          [
            [
              [
                173.964343282945,
                -35.2175577660477
              ],
              [
                173.963893232889,
                -35.217149166015
              ],
              [
                173.963434516319,
                -35.2170032325274
              ],
              [
                173.963494300509,
                -35.2168044824654
              ],
              [
                173.963358083088,
                -35.2167821826561
              ],
              [
                173.963192283415,
                -35.2166308656429
              ],
              [
                173.962823950544,
                -35.2169273159544
              ],
              [
                173.961011350512,
                -35.2168368988126
              ],
              [
                173.960023366675,
                -35.2166614320955
              ],
              [
                173.959184816295,
                -35.2160790654809
              ],
              [
                173.959116216924,
                -35.2159510156235
              ],
              [
                173.959140583274,
                -35.2156094821284
              ],
              [
                173.959272199622,
                -35.2155267327099
              ],
              [
                173.959695349564,
                -35.2156459654097
              ],
              [
                173.959942433152,
                -35.2155652825755
              ],
              [
                173.960148733133,
                -35.215649066187
              ],
              [
                173.960389833216,
                -35.2154305655726
              ],
              [
                173.960408016809,
                -35.2152491488263
              ],
              [
                173.960869500211,
                -35.2154679989953
              ],
              [
                173.96102446715,
                -35.2153962159949
              ],
              [
                173.961272483065,
                -35.2154876994932
              ],
              [
                173.96151633344,
                -35.2152792987602
              ],
              [
                173.962706899982,
                -35.2150528321954
              ],
              [
                173.963546932776,
                -35.2157000322562
              ],
              [
                173.963576066622,
                -35.2162477328347
              ],
              [
                173.963382550338,
                -35.2164720654401
              ],
              [
                173.963562733476,
                -35.2165769994791
              ],
              [
                173.96380039947,
                -35.2163017495173
              ],
              [
                173.963763149601,
                -35.2156169995345
              ],
              [
                173.963288283374,
                -35.2152627659471
              ],
              [
                173.963424683239,
                -35.2151482325291
              ],
              [
                173.964580500176,
                -35.2156741827993
              ],
              [
                173.964637866703,
                -35.2159971326665
              ],
              [
                173.964745082854,
                -35.2161769321352
              ],
              [
                173.964906682769,
                -35.2160861157099
              ],
              [
                173.965139733457,
                -35.2160880828256
              ],
              [
                173.965124849763,
                -35.2162758991582
              ],
              [
                173.964867583176,
                -35.2163573328207
              ],
              [
                173.964720433518,
                -35.2165069662066
              ],
              [
                173.964708967021,
                -35.2169632325084
              ],
              [
                173.964521583588,
                -35.2167340156536
              ],
              [
                173.964338216387,
                -35.2168397995473
              ],
              [
                173.964180566327,
                -35.2171947321098
              ],
              [
                173.96435756659,
                -35.2174695321905
              ],
              [
                173.964343282945,
                -35.2175577660477
              ]
            ]
          ],
          [
            [
              [
                173.958132000281,
                -35.2174357318091
              ],
              [
                173.958227849995,
                -35.2170897159039
              ],
              [
                173.956774349906,
                -35.2165790158796
              ],
              [
                173.956384516025,
                -35.2161627992169
              ],
              [
                173.956485767115,
                -35.2152135988804
              ],
              [
                173.955752499974,
                -35.2150342827307
              ],
              [
                173.9553850665,
                -35.2145717996482
              ],
              [
                173.954732932804,
                -35.2142911492521
              ],
              [
                173.954523750807,
                -35.2143555324308
              ],
              [
                173.954255333308,
                -35.2149615653627
              ],
              [
                173.954450550505,
                -35.2152835996558
              ],
              [
                173.954279783473,
                -35.2156781658749
              ],
              [
                173.954012650011,
                -35.2154987489511
              ],
              [
                173.954120399482,
                -35.2152546662365
              ],
              [
                173.953944582549,
                -35.2149887156802
              ],
              [
                173.953951033174,
                -35.2147369654972
              ],
              [
                173.954100933507,
                -35.2144604160107
              ],
              [
                173.954356650733,
                -35.2142144490931
              ],
              [
                173.954622816276,
                -35.214039165916
              ],
              [
                173.954766566614,
                -35.2140379655822
              ],
              [
                173.955017099854,
                -35.2141459823892
              ],
              [
                173.955304099399,
                -35.2141042492164
              ],
              [
                173.955536450784,
                -35.2142910655821
              ],
              [
                173.955742699401,
                -35.2146904659647
              ],
              [
                173.956071366805,
                -35.2149158156058
              ],
              [
                173.956154466955,
                -35.214663415817
              ],
              [
                173.956296949891,
                -35.2145599662033
              ],
              [
                173.957619999754,
                -35.2145960493477
              ],
              [
                173.958194099734,
                -35.2145204164128
              ],
              [
                173.95985516686,
                -35.2139951825687
              ],
              [
                173.96015323393,
                -35.2140713155885
              ],
              [
                173.960156483496,
                -35.2143308488944
              ],
              [
                173.960008766604,
                -35.2147804322882
              ],
              [
                173.959993833897,
                -35.2151187659794
              ],
              [
                173.959918550586,
                -35.2152295162777
              ],
              [
                173.959766399918,
                -35.2153251824026
              ],
              [
                173.959188749611,
                -35.2151176825796
              ],
              [
                173.959064267199,
                -35.2151265989972
              ],
              [
                173.958932266076,
                -35.2153007489593
              ],
              [
                173.958918200006,
                -35.2157098828542
              ],
              [
                173.959068250614,
                -35.2162119996982
              ],
              [
                173.959626283139,
                -35.2166304657618
              ],
              [
                173.960327150084,
                -35.2168774492645
              ],
              [
                173.960102216941,
                -35.2173916329784
              ],
              [
                173.959670383955,
                -35.2172586823234
              ],
              [
                173.958132000281,
                -35.2174357318091
              ]
            ]
          ]
        ]
      },
      "properties": {
        "OBJECTID": 10971,
        "NaPALIS_ID": 2797631,
        "Name": "Kerikeri Basin Recreation Reserve",
        "Type": "RESERVE",
        "Legislation": "RESERVES_ACT",
        "Section": "17_RECREATION_RESERVE",
        "Conservation_Unit_Number": "P05024",
        "Recorded_Area": 17.1
      }
    },
    {
      "type": "Feature",
      "id": 1784,
      "geometry": {
        "type": "Polygon",
        "coordinates": [
          [
            [
              173.961273767071,
              -35.2139843992233
            ],
            [
              173.961651899828,
              -35.2136301318968
            ],
            [
              173.962110999955,
              -35.2137616651832
            ],
            [
              173.962502249212,
              -35.2146665658973
            ],
            [
              173.96220208341,
              -35.2147380658487
            ],
            [
              173.96212133306,
              -35.2144840158299
            ],
            [
              173.961620083695,
              -35.2145051328258
            ],
            [
              173.961626733356,
              -35.2151851153348
            ],
            [
              173.960309632695,
              -35.2146192323324
            ],
            [
              173.960491533978,
              -35.2144491329241
            ],
            [
              173.960473000012,
              -35.2142644485609
            ],
            [
              173.960554032556,
              -35.2141180985699
            ],
            [
              173.961273767071,
              -35.2139843992233
            ]
          ]
        ]
      },
      "properties": {
        "OBJECTID": 1784,
        "NaPALIS_ID": 2797634,
        "Name": "Kerikeri Government Purpose Reserve",
        "Type": "RESERVE",
        "Legislation": "RESERVES_ACT",
        "Section": "S22_GOVERNMENT_PURPOSE_RESERVE",
        "Conservation_Unit_Number": "P05027",
        "Recorded_Area": 1.7
      }
    },
    {
      "type": "Feature",
      "id": 10278,
      "geometry": {
        "type": "Polygon",
        "coordinates": [
          [
            [
              173.969049283422,
              -35.2196060322352
            ],
            [
              173.96905468382,
              -35.2196243325355
            ],
            [
              173.96905471687,
              -35.2196244323561
            ],
            [
              173.969056233038,
              -35.2196287662581
            ],
            [
              173.969057600164,
              -35.2196331329115
            ],
            [
              173.969058216416,
              -35.2196356156799
            ],
            [
              173.969059016479,
              -35.2196400662196
            ],
            [
              173.969059566413,
              -35.2196445494183
            ],
            [
              173.969059966013,
              -35.2196490491487
            ],
            [
              173.96906030009,
              -35.2196535827655
            ],
            [
              173.969060333038,
              -35.2196537664419
            ],
            [
              173.969060933511,
              -35.219658249236
            ],
            [
              173.969061532895,
              -35.2196627329405
            ],
            [
              173.969062115982,
              -35.2196672321037
            ],
            [
              173.969062616669,
              -35.2196717319266
            ],
            [
              173.96906303276,
              -35.2196762324267
            ],
            [
              173.969063366237,
              -35.2196807155548
            ],
            [
              173.969063532901,
              -35.2196852153466
            ],
            [
              173.969063566616,
              -35.219689715301
            ],
            [
              173.969063465942,
              -35.2196936320505
            ],
            [
              173.969063216182,
              -35.2196981324708
            ],
            [
              173.969062833474,
              -35.2197026330538
            ],
            [
              173.969062316504,
              -35.2197071157765
            ],
            [
              173.969061683076,
              -35.2197115994315
            ],
            [
              173.96906096614,
              -35.2197160828534
            ],
            [
              173.96906016659,
              -35.2197205489032
            ],
            [
              173.969059332992,
              -35.2197250161272
            ],
            [
              173.969059066423,
              -35.2197267161017
            ],
            [
              173.969058299843,
              -35.2197311827892
            ],
            [
              173.969057466235,
              -35.2197356491117
            ],
            [
              173.969056567408,
              -35.2197400825944
            ],
            [
              173.969055566589,
              -35.219744532222
            ],
            [
              173.969054500552,
              -35.21974894901
            ],
            [
              173.969053316744,
              -35.2197533487074
            ],
            [
              173.969052033853,
              -35.2197577320662
            ],
            [
              173.969051750157,
              -35.2197589155221
            ],
            [
              173.969050633072,
              -35.2197633823104
            ],
            [
              173.9690494167,
              -35.2197678156301
            ],
            [
              173.969048100351,
              -35.2197722497502
            ],
            [
              173.969046617278,
              -35.2197766157764
            ],
            [
              173.969044966609,
              -35.2197809326508
            ],
            [
              173.969043067531,
              -35.2197851496253
            ],
            [
              173.969040933216,
              -35.2197892656926
            ],
            [
              173.96903848328,
              -35.2197932661681
            ],
            [
              173.969036800709,
              -35.2197959161139
            ],
            [
              173.969034000167,
              -35.2197998157041
            ],
            [
              173.969030933251,
              -35.2198035830779
            ],
            [
              173.969027583947,
              -35.2198071651653
            ],
            [
              173.969023966581,
              -35.2198105654582
            ],
            [
              173.969023133533,
              -35.2198113818244
            ],
            [
              173.969019383524,
              -35.2198147155538
            ],
            [
              173.969015400588,
              -35.2198178654041
            ],
            [
              173.969011183435,
              -35.2198208151556
            ],
            [
              173.969006766132,
              -35.2198235654371
            ],
            [
              173.969002182739,
              -35.219826115976
            ],
            [
              173.96899744952,
              -35.2198284486088
            ],
            [
              173.968992566306,
              -35.21983054891
            ],
            [
              173.968988716074,
              -35.2198321991252
            ],
            [
              173.968983766859,
              -35.2198340159291
            ],
            [
              173.968978683009,
              -35.2198355984752
            ],
            [
              173.968973482722,
              -35.2198369989144
            ],
            [
              173.968968183363,
              -35.2198381990746
            ],
            [
              173.968962783527,
              -35.2198392656903
            ],
            [
              173.968957333572,
              -35.21984018303
            ],
            [
              173.968951817392,
              -35.2198409827811
            ],
            [
              173.968946283542,
              -35.2198416825882
            ],
            [
              173.968940733518,
              -35.2198423158012
            ],
            [
              173.968935184003,
              -35.219842899418
            ],
            [
              173.968933650701,
              -35.2198431325995
            ],
            [
              173.968928249698,
              -35.2198439160992
            ],
            [
              173.968922833222,
              -35.2198445996375
            ],
            [
              173.968917382983,
              -35.2198452158206
            ],
            [
              173.96891193306,
              -35.2198457661793
            ],
            [
              173.968906466951,
              -35.2198462490421
            ],
            [
              173.968901000061,
              -35.2198466660892
            ],
            [
              173.968895515887,
              -35.2198470156493
            ],
            [
              173.968890016648,
              -35.219847299508
            ],
            [
              173.968884533482,
              -35.2198475489743
            ],
            [
              173.968879033246,
              -35.2198477489854
            ],
            [
              173.96887353352,
              -35.2198478994004
            ],
            [
              173.968872449828,
              -35.2198479657807
            ],
            [
              173.968866950782,
              -35.2198482658667
            ],
            [
              173.968861450048,
              -35.2198485163744
            ],
            [
              173.968855933321,
              -35.2198487156147
            ],
            [
              173.968850416719,
              -35.219848832802
            ],
            [
              173.968844916891,
              -35.2198488822297
            ],
            [
              173.968839433463,
              -35.2198488323424
            ],
            [
              173.968833949547,
              -35.2198486490119
            ],
            [
              173.968828483131,
              -35.2198483663577
            ],
            [
              173.968823032504,
              -35.2198479329983
            ],
            [
              173.968819566726,
              -35.2198476325287
            ],
            [
              173.968814132997,
              -35.2198470493568
            ],
            [
              173.968808716563,
              -35.2198463497311
            ],
            [
              173.968803299835,
              -35.2198455328907
            ],
            [
              173.968797916679,
              -35.2198445823345
            ],
            [
              173.968792550126,
              -35.2198435495935
            ],
            [
              173.968787216432,
              -35.2198424156024
            ],
            [
              173.968781916524,
              -35.2198411659272
            ],
            [
              173.968776633594,
              -35.2198398656225
            ],
            [
              173.968771400218,
              -35.2198384819675
            ],
            [
              173.96876891727,
              -35.2198379491157
            ],
            [
              173.968763567403,
              -35.2198367485296
            ],
            [
              173.968758266509,
              -35.2198354159078
            ],
            [
              173.968753083195,
              -35.2198338993063
            ],
            [
              173.968748049627,
              -35.2198321317441
            ],
            [
              173.968743215979,
              -35.2198300821632
            ],
            [
              173.968738182682,
              -35.2198277826144
            ],
            [
              173.968732816506,
              -35.2198249321052
            ],
            [
              173.968728565983,
              -35.2198221159479
            ],
            [
              173.968726149952,
              -35.2198196322521
            ],
            [
              173.968726199528,
              -35.219818348782
            ],
            [
              173.968728282937,
              -35.2198168822276
            ],
            [
              173.968732399422,
              -35.2198158159741
            ],
            [
              173.968738083403,
              -35.2198150825152
            ],
            [
              173.968744899382,
              -35.2198146492693
            ],
            [
              173.968752433031,
              -35.2198144158599
            ],
            [
              173.968760233461,
              -35.219814348927
            ],
            [
              173.968767883454,
              -35.219814382381
            ],
            [
              173.968771600086,
              -35.2198142489457
            ],
            [
              173.968777067144,
              -35.2198142160136
            ],
            [
              173.968782550763,
              -35.2198142821322
            ],
            [
              173.968788033577,
              -35.2198144654738
            ],
            [
              173.968793533664,
              -35.2198147154004
            ],
            [
              173.968799017475,
              -35.2198149825887
            ],
            [
              173.968804533339,
              -35.2198152657502
            ],
            [
              173.968810016946,
              -35.2198155158079
            ],
            [
              173.968815516433,
              -35.2198157152449
            ],
            [
              173.968821016044,
              -35.2198158326288
            ],
            [
              173.968823283495,
              -35.2198157991535
            ],
            [
              173.968828783423,
              -35.2198156658709
            ],
            [
              173.968834266078,
              -35.2198154660029
            ],
            [
              173.968839732752,
              -35.2198152157691
            ],
            [
              173.96884523379,
              -35.2198148985366
            ],
            [
              173.96885070018,
              -35.2198145319894
            ],
            [
              173.968856183355,
              -35.2198140985843
            ],
            [
              173.968861633175,
              -35.2198136320841
            ],
            [
              173.96886709978,
              -35.2198130987259
            ],
            [
              173.968872567087,
              -35.2198125320002
            ],
            [
              173.968878017324,
              -35.2198119158191
            ],
            [
              173.968883450482,
              -35.219811249281
            ],
            [
              173.968888883436,
              -35.2198105656127
            ],
            [
              173.968889099496,
              -35.219810532325
            ],
            [
              173.968894616537,
              -35.219810082417
            ],
            [
              173.968900149458,
              -35.2198095818883
            ],
            [
              173.968905666804,
              -35.2198090652539
            ],
            [
              173.968911166684,
              -35.2198084658057
            ],
            [
              173.968916649281,
              -35.2198077988704
            ],
            [
              173.968922099925,
              -35.2198070321055
            ],
            [
              173.968927483461,
              -35.2198061657924
            ],
            [
              173.968932833346,
              -35.2198051491699
            ],
            [
              173.96893810014,
              -35.2198039826337
            ],
            [
              173.968943300323,
              -35.2198026660519
            ],
            [
              173.968948416816,
              -35.2198011490678
            ],
            [
              173.968948717088,
              -35.2198010826459
            ],
            [
              173.968954133241,
              -35.2197996326914
            ],
            [
              173.968959467402,
              -35.2197980328145
            ],
            [
              173.968964700294,
              -35.219796232676
            ],
            [
              173.968969767288,
              -35.2197942490232
            ],
            [
              173.968974616159,
              -35.2197920326826
            ],
            [
              173.968979199642,
              -35.2197895822291
            ],
            [
              173.968983432562,
              -35.2197868496546
            ],
            [
              173.968987299313,
              -35.2197838161488
            ],
            [
              173.968989583247,
              -35.2197817492774
            ],
            [
              173.968992799876,
              -35.2197782827648
            ],
            [
              173.968995666827,
              -35.2197745160909
            ],
            [
              173.968998233436,
              -35.2197705327158
            ],
            [
              173.969000516377,
              -35.219766348736
            ],
            [
              173.969002600166,
              -35.2197620491335
            ],
            [
              173.969004482788,
              -35.2197576492528
            ],
            [
              173.96900624944,
              -35.2197531989053
            ],
            [
              173.969007916103,
              -35.2197487484565
            ],
            [
              173.969009233025,
              -35.2197457488859
            ],
            [
              173.969010966502,
              -35.2197414656124
            ],
            [
              173.969012566827,
              -35.2197371653714
            ],
            [
              173.969014066584,
              -35.2197328163437
            ],
            [
              173.9690155004,
              -35.2197284660405
            ],
            [
              173.969016883474,
              -35.2197240990117
            ],
            [
              173.969018233395,
              -35.2197197160183
            ],
            [
              173.96901978377,
              -35.2197154657688
            ],
            [
              173.969021334065,
              -35.2197111163365
            ],
            [
              173.969022834003,
              -35.2197067826355
            ],
            [
              173.969024250047,
              -35.2197024162445
            ],
            [
              173.96902555071,
              -35.2196980489736
            ],
            [
              173.969026716929,
              -35.2196936485156
            ],
            [
              173.969027700364,
              -35.2196892152574
            ],
            [
              173.969028433738,
              -35.2196852826232
            ],
            [
              173.969029083851,
              -35.2196808159665
            ],
            [
              173.969029583233,
              -35.219676332483
            ],
            [
              173.969029950369,
              -35.2196718157947
            ],
            [
              173.96903021661,
              -35.2196673152425
            ],
            [
              173.96903040026,
              -35.2196627991213
            ],
            [
              173.969030533167,
              -35.2196582662747
            ],
            [
              173.969030533334,
              -35.2196545829601
            ],
            [
              173.969030433498,
              -35.2196500664032
            ],
            [
              173.969030250153,
              -35.2196455496132
            ],
            [
              173.969030066808,
              -35.2196410328231
            ],
            [
              173.969029899943,
              -35.2196365159012
            ],
            [
              173.969029800106,
              -35.2196319993443
            ],
            [
              173.969029833411,
              -35.2196274988533
            ],
            [
              173.969030017446,
              -35.2196230151891
            ],
            [
              173.96903043333,
              -35.219618532374
            ],
            [
              173.969030399916,
              -35.2196180322158
            ],
            [
              173.96903011684,
              -35.2196129824367
            ],
            [
              173.969030649793,
              -35.2196083652375
            ],
            [
              173.9690329171,
              -35.2196047151696
            ],
            [
              173.969035783482,
              -35.2196025651897
            ],
            [
              173.969040967477,
              -35.2196011820099
            ],
            [
              173.969044867432,
              -35.2196026989543
            ],
            [
              173.969049283422,
              -35.2196060322352
            ]
          ]
        ]
      },
      "properties": {
        "OBJECTID": 10278,
        "NaPALIS_ID": 2797633,
        "Name": "Kerikeri Inlet Scenic Reserve",
        "Type": "RESERVE",
        "Legislation": "RESERVES_ACT",
        "Section": "S19_1_A_SCENIC_RESERVE",
        "Conservation_Unit_Number": "P05026",
        "Recorded_Area": 0
      }
    },
    {
      "type": "Feature",
      "id": 8115,
      "geometry": {
        "type": "MultiPolygon",
        "coordinates": [
          [
            [
              [
                173.960580233692,
                -35.2147353493652
              ],
              [
                173.960636799776,
                -35.2153577826831
              ],
              [
                173.960408016809,
                -35.2152491488263
              ],
              [
                173.960309632695,
                -35.2146192323324
              ],
              [
                173.960580233692,
                -35.2147353493652
              ]
            ]
          ],
          [
            [
              [
                173.965562050114,
                -35.2161824822207
              ],
              [
                173.966388166468,
                -35.21666661534
              ],
              [
                173.966604333625,
                -35.2167149158937
              ],
              [
                173.966593233961,
                -35.2168051488292
              ],
              [
                173.967193833877,
                -35.2170697658441
              ],
              [
                173.967105116649,
                -35.2171238164222
              ],
              [
                173.966692199752,
                -35.2169233328476
              ],
              [
                173.966268750723,
                -35.216831532473
              ],
              [
                173.965387366534,
                -35.2162926328384
              ],
              [
                173.965124849763,
                -35.2162758991582
              ],
              [
                173.965139733457,
                -35.2160880828256
              ],
              [
                173.965290649603,
                -35.2160617320177
              ],
              [
                173.965562050114,
                -35.2161824822207
              ]
            ]
          ]
        ]
      },
      "properties": {
        "OBJECTID": 8115,
        "NaPALIS_ID": 2797784,
        "Name": "Kerikeri Local Purpose Esplanade Reserve",
        "Type": "RESERVE",
        "Legislation": "RESERVES_ACT",
        "Section": "S23_LOCAL_PURPOSE_RESERVE",
        "Conservation_Unit_Number": "P05065",
        "Recorded_Area": 0.5
      }
    },
    {
      "type": "Feature",
      "id": 2072,
      "geometry": {
        "type": "MultiPolygon",
        "coordinates": [
          [
            [
              [
                173.952291216718,
                -35.2169032490078
              ],
              [
                173.952245433393,
                -35.2167922989163
              ],
              [
                173.952901316747,
                -35.2159823823517
              ],
              [
                173.953042949505,
                -35.2157002827589
              ],
              [
                173.953019916706,
                -35.2156358495168
              ],
              [
                173.952619400203,
                -35.2158714487276
              ],
              [
                173.952490049966,
                -35.2156163985712
              ],
              [
                173.952546866525,
                -35.2154360323107
              ],
              [
                173.953340617074,
                -35.2144516156601
              ],
              [
                173.953245449462,
                -35.2142380155377
              ],
              [
                173.953579849644,
                -35.2140499824125
              ],
              [
                173.953659699509,
                -35.2137534658838
              ],
              [
                173.953862850417,
                -35.2135002489635
              ],
              [
                173.954662416514,
                -35.2131788660175
              ],
              [
                173.95562930023,
                -35.2130477485637
              ],
              [
                173.955582233277,
                -35.2118392157879
              ],
              [
                173.956412682723,
                -35.2120262990033
              ],
              [
                173.956464733993,
                -35.2121081660868
              ],
              [
                173.956917649297,
                -35.2123069993263
              ],
              [
                173.957776383087,
                -35.2124765158373
              ],
              [
                173.957936250174,
                -35.2127596160211
              ],
              [
                173.957666950419,
                -35.2128193659993
              ],
              [
                173.95836130061,
                -35.2132212323038
              ],
              [
                173.959195700063,
                -35.2127155662116
              ],
              [
                173.95962511689,
                -35.2127837827962
              ],
              [
                173.959537167447,
                -35.2131003988151
              ],
              [
                173.959837199757,
                -35.213233931792
              ],
              [
                173.960838517084,
                -35.2133957163997
              ],
              [
                173.960862732998,
                -35.2136726162552
              ],
              [
                173.961403516022,
                -35.2137823489285
              ],
              [
                173.961542166268,
                -35.2136505823548
              ],
              [
                173.961651899828,
                -35.2136301318968
              ],
              [
                173.961273767071,
                -35.2139843992233
              ],
              [
                173.960554032556,
                -35.2141180985699
              ],
              [
                173.960508767089,
                -35.2139171491896
              ],
              [
                173.960331467441,
                -35.2138694490295
              ],
              [
                173.960101215984,
                -35.2139915823411
              ],
              [
                173.959880233569,
                -35.2137580494151
              ],
              [
                173.959690316764,
                -35.2138630153445
              ],
              [
                173.959446416908,
                -35.2138594159024
              ],
              [
                173.958253116775,
                -35.2143606152494
              ],
              [
                173.957598283064,
                -35.2145529328716
              ],
              [
                173.957415783086,
                -35.2144517654009
              ],
              [
                173.956522616919,
                -35.2144816325331
              ],
              [
                173.955972234024,
                -35.2143934487602
              ],
              [
                173.955680233247,
                -35.2138293152785
              ],
              [
                173.955492816149,
                -35.2137820494424
              ],
              [
                173.955406250164,
                -35.2135946487923
              ],
              [
                173.954473116301,
                -35.2137262991078
              ],
              [
                173.954060633786,
                -35.2140683322406
              ],
              [
                173.953693833526,
                -35.2146648160496
              ],
              [
                173.953639450492,
                -35.2149187489604
              ],
              [
                173.953837000191,
                -35.2152561159195
              ],
              [
                173.953783399933,
                -35.2154083659032
              ],
              [
                173.952708450308,
                -35.2163687988211
              ],
              [
                173.952291216718,
                -35.2169032490078
              ]
            ]
          ],
          [
            [
              [
                173.945104316203,
                -35.2216547495614
              ],
              [
                173.944703466573,
                -35.221567282347
              ],
              [
                173.944447582983,
                -35.2213550828614
              ],
              [
                173.944259167183,
                -35.2212918994031
              ],
              [
                173.943929817235,
                -35.2213550322941
              ],
              [
                173.94334956629,
                -35.2216614328167
              ],
              [
                173.943186349885,
                -35.2216340162161
              ],
              [
                173.943005766445,
                -35.221487048827
              ],
              [
                173.942965533754,
                -35.2212919992165
              ],
              [
                173.943104516871,
                -35.2205041823744
              ],
              [
                173.943736783778,
                -35.2196332160779
              ],
              [
                173.943661532829,
                -35.2190379826675
              ],
              [
                173.943711367066,
                -35.2187460328044
              ],
              [
                173.943625700511,
                -35.218685649411
              ],
              [
                173.943605016575,
                -35.218229716046
              ],
              [
                173.943275483782,
                -35.2172641994496
              ],
              [
                173.942262233558,
                -35.2154698661117
              ],
              [
                173.942224266432,
                -35.2149271654869
              ],
              [
                173.942267449544,
                -35.2147499323648
              ],
              [
                173.942443616696,
                -35.2145256661994
              ],
              [
                173.942428083788,
                -35.2142104989192
              ],
              [
                173.942308383023,
                -35.2142073154607
              ],
              [
                173.942011799833,
                -35.2140610327132
              ],
              [
                173.941558016163,
                -35.213689615515
              ],
              [
                173.941960699814,
                -35.2136492322732
              ],
              [
                173.943039316279,
                -35.2142549325164
              ],
              [
                173.942703016964,
                -35.2143008661885
              ],
              [
                173.942789383403,
                -35.2146713827058
              ],
              [
                173.943332682937,
                -35.2145972321851
              ],
              [
                173.943256016585,
                -35.2142190159628
              ],
              [
                173.943764366893,
                -35.2141347323479
              ],
              [
                173.943999816323,
                -35.2138171161486
              ],
              [
                173.944793882791,
                -35.214314348915
              ],
              [
                173.944798832766,
                -35.2143896656175
              ],
              [
                173.943382050087,
                -35.2147745659254
              ],
              [
                173.943047982923,
                -35.2151146325522
              ],
              [
                173.9432765002,
                -35.2157159825066
              ],
              [
                173.943243883739,
                -35.2160607154279
              ],
              [
                173.943536583483,
                -35.2165452491607
              ],
              [
                173.943558532823,
                -35.2172117155719
              ],
              [
                173.944063899891,
                -35.2181697487377
              ],
              [
                173.943906149658,
                -35.2186183155169
              ],
              [
                173.943724516706,
                -35.2197987988327
              ],
              [
                173.943359583373,
                -35.2202596826525
              ],
              [
                173.943583900218,
                -35.2205932654423
              ],
              [
                173.944125383268,
                -35.2211349820663
              ],
              [
                173.944596716643,
                -35.2211673989093
              ],
              [
                173.945167417188,
                -35.221501765603
              ],
              [
                173.946033717009,
                -35.2212643161942
              ],
              [
                173.946050399992,
                -35.2205942993056
              ],
              [
                173.94670764954,
                -35.2191580324568
              ],
              [
                173.945873083634,
                -35.2182463486807
              ],
              [
                173.946527766634,
                -35.2175952489272
              ],
              [
                173.9471681502,
                -35.2172829987856
              ],
              [
                173.94777913284,
                -35.2172924154562
              ],
              [
                173.947889767173,
                -35.2168825327298
              ],
              [
                173.948117049947,
                -35.216685365475
              ],
              [
                173.949098966235,
                -35.2173787656751
              ],
              [
                173.949631866229,
                -35.2176315660669
              ],
              [
                173.950322983248,
                -35.2174710987043
              ],
              [
                173.950614216628,
                -35.2172547989787
              ],
              [
                173.951369083535,
                -35.217036065892
              ],
              [
                173.951296133221,
                -35.2172303989977
              ],
              [
                173.949548183418,
                -35.2179114822716
              ],
              [
                173.949360700511,
                -35.2179264489033
              ],
              [
                173.94906008326,
                -35.2178447487771
              ],
              [
                173.949036716609,
                -35.2177974824865
              ],
              [
                173.949207132823,
                -35.2178024490471
              ],
              [
                173.94924395015,
                -35.2177226826631
              ],
              [
                173.949130766726,
                -35.2176258327003
              ],
              [
                173.948886383382,
                -35.2175666324113
              ],
              [
                173.948381116503,
                -35.2175970495029
              ],
              [
                173.947803216892,
                -35.2177890489063
              ],
              [
                173.947669083604,
                -35.2185053992273
              ],
              [
                173.94790433285,
                -35.2189632827921
              ],
              [
                173.947950699835,
                -35.2194296492561
              ],
              [
                173.947681300039,
                -35.220193432361
              ],
              [
                173.947458833127,
                -35.2204084321726
              ],
              [
                173.94683535029,
                -35.2207564823258
              ],
              [
                173.946175182924,
                -35.2213511657111
              ],
              [
                173.945104316203,
                -35.2216547495614
              ]
            ]
          ]
        ]
      },
      "properties": {
        "OBJECTID": 2072,
        "NaPALIS_ID": 2797628,
        "Name": "Kerikeri River Scenic Reserve",
        "Type": "RESERVE",
        "Legislation": "RESERVES_ACT",
        "Section": "S19_1_A_SCENIC_RESERVE",
        "Conservation_Unit_Number": "P05020",
        "Recorded_Area": 20.6
      }
    },
    {
      "type": "Feature",
      "id": 10160,
      "geometry": {
        "type": "Polygon",
        "coordinates": [
          [
            [
              173.962866017067,
              -35.2176528328479
            ],
            [
              173.962877533456,
              -35.2176617164583
            ],
            [
              173.962882416231,
              -35.2176657161952
            ],
            [
              173.962887050074,
              -35.2176698495555
            ],
            [
              173.962889515924,
              -35.2176721995274
            ],
            [
              173.962893850048,
              -35.2176766319204
            ],
            [
              173.962897933446,
              -35.2176812322146
            ],
            [
              173.962901765906,
              -35.2176859823783
            ],
            [
              173.962905382583,
              -35.2176908821318
            ],
            [
              173.962908732748,
              -35.2176959156488
            ],
            [
              173.962911850066,
              -35.2177010492997
            ],
            [
              173.962914732531,
              -35.2177062993305
            ],
            [
              173.962917366565,
              -35.2177116324875
            ],
            [
              173.962919749981,
              -35.2177170496898
            ],
            [
              173.962921899942,
              -35.2177225156357
            ],
            [
              173.962923800193,
              -35.2177280493898
            ],
            [
              173.962925450317,
              -35.21773361579
            ],
            [
              173.962927616588,
              -35.217742415977
            ],
            [
              173.96292866751,
              -35.2177479492734
            ],
            [
              173.96292946741,
              -35.2177535323549
            ],
            [
              173.962930050153,
              -35.2177591487222
            ],
            [
              173.962930483161,
              -35.2177648321024
            ],
            [
              173.962931783087,
              -35.2177876330785
            ],
            [
              173.962933067023,
              -35.2177972662122
            ],
            [
              173.962933884,
              -35.2178028996513
            ],
            [
              173.962935650302,
              -35.2178141158849
            ],
            [
              173.962936599831,
              -35.2178197158095
            ],
            [
              173.962939650587,
              -35.2178365157784
            ],
            [
              173.962943033868,
              -35.2178532824453
            ],
            [
              173.962945416882,
              -35.2178644324596
            ],
            [
              173.96294791727,
              -35.2178755662118
            ],
            [
              173.962879599487,
              -35.2178790661998
            ],
            [
              173.962853616724,
              -35.2177062318201
            ],
            [
              173.962883899594,
              -35.217703398657
            ],
            [
              173.962866017067,
              -35.2176528328479
            ]
          ]
        ]
      },
      "properties": {
        "OBJECTID": 10160,
        "NaPALIS_ID": 2797785,
        "Name": "Kerikeri Wharf Historic Reserve",
        "Type": "RESERVE",
        "Legislation": "RESERVES_ACT",
        "Section": "S18_HISTORIC_RESERVE",
        "Conservation_Unit_Number": "P05066",
        "Recorded_Area": 0
      }
    },
    {
      "type": "Feature",
      "id": 7471,
      "geometry": {
        "type": "Polygon",
        "coordinates": [
          [
            [
              174.039597499451,
              -35.1934738320946
            ],
            [
              174.039748132865,
              -35.1933661495098
            ],
            [
              174.039905582605,
              -35.1928679493412
            ],
            [
              174.040133133435,
              -35.1926962159464
            ],
            [
              174.040684533335,
              -35.1924938324971
            ],
            [
              174.04142653378,
              -35.1924130155161
            ],
            [
              174.042135666001,
              -35.1924527156998
            ],
            [
              174.042620283176,
              -35.1926192328367
            ],
            [
              174.042733249858,
              -35.192710482411
            ],
            [
              174.043395300595,
              -35.1928870322384
            ],
            [
              174.043503416731,
              -35.1932607657504
            ],
            [
              174.04330040076,
              -35.1929999322555
            ],
            [
              174.042654066471,
              -35.1928809991307
            ],
            [
              174.042131249719,
              -35.1925945657697
            ],
            [
              174.041590483608,
              -35.192586082988
            ],
            [
              174.040851583543,
              -35.1926510492109
            ],
            [
              174.040226350291,
              -35.1928779996963
            ],
            [
              174.04003443303,
              -35.1930442823179
            ],
            [
              174.039991684056,
              -35.1934484322243
            ],
            [
              174.039751199746,
              -35.1935942489448
            ],
            [
              174.039557183927,
              -35.1938068159713
            ],
            [
              174.039597499451,
              -35.1934738320946
            ]
          ]
        ]
      },
      "properties": {
        "OBJECTID": 7471,
        "NaPALIS_ID": 4267373,
        "Name": "Local Purpose Esplanade Reserve - Opito Bay - Kerikeri Inlet",
        "Type": "RESERVE",
        "Legislation": "RESERVES_ACT",
        "Section": "S23_LOCAL_PURPOSE_RESERVE",
        "Conservation_Unit_Number": null,
        "Recorded_Area": 0.8
      }
    },
    {
      "type": "Feature",
      "id": 9766,
      "geometry": {
        "type": "Polygon",
        "coordinates": [
          [
            [
              174.0065706505,
              -35.2093538160326
            ],
            [
              174.006915333903,
              -35.2097349485699
            ],
            [
              174.008072950245,
              -35.2099586157728
            ],
            [
              174.008241532965,
              -35.2099093497249
            ],
            [
              174.008351583771,
              -35.2099575324809
            ],
            [
              174.008397099776,
              -35.2101217993278
            ],
            [
              174.008732366567,
              -35.2104674991905
            ],
            [
              174.008842066322,
              -35.2110370995404
            ],
            [
              174.008896650567,
              -35.2113370985363
            ],
            [
              174.008695732835,
              -35.2117811153382
            ],
            [
              174.010104533835,
              -35.2123977324366
            ],
            [
              174.0103095161,
              -35.2124729159779
            ],
            [
              174.010911332844,
              -35.2124513988906
            ],
            [
              174.011303650597,
              -35.2125539326911
            ],
            [
              174.011377617396,
              -35.2124865663285
            ],
            [
              174.011909383411,
              -35.2124476160083
            ],
            [
              174.012169916518,
              -35.2125106491751
            ],
            [
              174.012336650316,
              -35.2124832997287
            ],
            [
              174.012572483956,
              -35.2122810162752
            ],
            [
              174.012870449592,
              -35.2122633992073
            ],
            [
              174.013452933037,
              -35.2119673155998
            ],
            [
              174.013606967364,
              -35.2120019492793
            ],
            [
              174.013751566588,
              -35.2121260158538
            ],
            [
              174.013985716368,
              -35.2120732659532
            ],
            [
              174.014069115958,
              -35.2121448818216
            ],
            [
              174.014102034006,
              -35.2124622995589
            ],
            [
              174.011011650182,
              -35.2127685162167
            ],
            [
              174.010118483038,
              -35.2127245994977
            ],
            [
              174.008352550104,
              -35.2119697984309
            ],
            [
              174.008648500495,
              -35.2112056322919
            ],
            [
              174.008538233284,
              -35.2106256826741
            ],
            [
              174.007921900096,
              -35.2102199489555
            ],
            [
              174.00701633268,
              -35.2100417154201
            ],
            [
              174.006512566784,
              -35.2098053996739
            ],
            [
              174.005824382553,
              -35.2093758830759
            ],
            [
              174.005427149769,
              -35.2097802986377
            ],
            [
              174.00381584984,
              -35.2099613322454
            ],
            [
              174.004385082765,
              -35.2092073158356
            ],
            [
              174.004638899835,
              -35.2092128659482
            ],
            [
              174.005365850444,
              -35.209419615622
            ],
            [
              174.005622583454,
              -35.2091436825991
            ],
            [
              174.006141984077,
              -35.2088844824748
            ],
            [
              174.006240132731,
              -35.2089082317608
            ],
            [
              174.006378567429,
              -35.2092230825759
            ],
            [
              174.0065706505,
              -35.2093538160326
            ]
          ]
        ]
      },
      "properties": {
        "OBJECTID": 9766,
        "NaPALIS_ID": 2797812,
        "Name": "Marginal Strip - Kerikeri Inlet",
        "Type": "MARGINAL_STRIP",
        "Legislation": "CONSERVATION_ACT",
        "Section": "S24_3_FIXED_MARGINAL_STRIP",
        "Conservation_Unit_Number": "P05093",
        "Recorded_Area": 3.9
      }
    },
    {
      "type": "Feature",
      "id": 2511,
      "geometry": {
        "type": "MultiPolygon",
        "coordinates": [
          [
            [
              [
                173.803657457511,
                -35.2186857981451
              ],
              [
                173.803732366339,
                -35.2186715826507
              ],
              [
                173.803804862687,
                -35.2186974186933
              ],
              [
                173.803657457511,
                -35.2186857981451
              ]
            ]
          ],
          [
            [
              [
                173.803455782849,
                -35.2186698993603
              ],
              [
                173.803657457511,
                -35.2186857981451
              ],
              [
                173.803599316323,
                -35.2186968320636
              ],
              [
                173.803217133653,
                -35.2189790826848
              ],
              [
                173.803024199844,
                -35.2189439662594
              ],
              [
                173.802935832786,
                -35.2189931990226
              ],
              [
                173.802756582966,
                -35.2188485993911
              ],
              [
                173.802652782982,
                -35.2188371654503
              ],
              [
                173.802594167244,
                -35.2188983490594
              ],
              [
                173.802671883001,
                -35.2192503155697
              ],
              [
                173.80252553281,
                -35.2194215161245
              ],
              [
                173.802526550422,
                -35.2195187494252
              ],
              [
                173.802766183456,
                -35.2197723490892
              ],
              [
                173.802663650498,
                -35.2198824660577
              ],
              [
                173.802696799492,
                -35.2202225823292
              ],
              [
                173.802566650421,
                -35.2205273822241
              ],
              [
                173.802612599848,
                -35.2206729326672
              ],
              [
                173.802496516219,
                -35.2209046995041
              ],
              [
                173.802544983053,
                -35.2212933319718
              ],
              [
                173.802367749476,
                -35.2213431994225
              ],
              [
                173.802257083787,
                -35.2220976157926
              ],
              [
                173.802037433206,
                -35.222342265522
              ],
              [
                173.802024133176,
                -35.2224882321312
              ],
              [
                173.801611032986,
                -35.2226491322717
              ],
              [
                173.801406449933,
                -35.2229179822879
              ],
              [
                173.801288449991,
                -35.2229674325697
              ],
              [
                173.801155399897,
                -35.2229926820361
              ],
              [
                173.800917516585,
                -35.2229092492769
              ],
              [
                173.800665582961,
                -35.222898848677
              ],
              [
                173.799993366622,
                -35.2223565495014
              ],
              [
                173.799708283744,
                -35.2220060154987
              ],
              [
                173.799510900496,
                -35.2218654658666
              ],
              [
                173.79952996657,
                -35.2216879656724
              ],
              [
                173.799783733747,
                -35.2218167653583
              ],
              [
                173.800036266557,
                -35.2221418155012
              ],
              [
                173.800332666972,
                -35.2223271661197
              ],
              [
                173.800723716836,
                -35.2227209492697
              ],
              [
                173.801215166992,
                -35.2227871990841
              ],
              [
                173.801440783489,
                -35.2225191992763
              ],
              [
                173.801816700304,
                -35.2223663157984
              ],
              [
                173.801847483477,
                -35.2222421992577
              ],
              [
                173.802045466835,
                -35.2220409822404
              ],
              [
                173.802152650001,
                -35.2212766156234
              ],
              [
                173.802268383015,
                -35.221153432815
              ],
              [
                173.802353550406,
                -35.2204511825965
              ],
              [
                173.802466399635,
                -35.220231982416
              ],
              [
                173.80243160013,
                -35.2199720157645
              ],
              [
                173.802486149558,
                -35.2197733653848
              ],
              [
                173.80232008326,
                -35.2195948493498
              ],
              [
                173.802309050547,
                -35.2194431324892
              ],
              [
                173.802409283798,
                -35.2192648161378
              ],
              [
                173.802396566549,
                -35.2188097820263
              ],
              [
                173.80259635024,
                -35.2186899487381
              ],
              [
                173.802788082977,
                -35.2187317156043
              ],
              [
                173.802917050354,
                -35.2188538487783
              ],
              [
                173.803115833375,
                -35.2188304822746
              ],
              [
                173.803226416484,
                -35.2187347825934
              ],
              [
                173.803455782849,
                -35.2186698993603
              ]
            ]
          ],
          [
            [
              [
                173.803804862687,
                -35.2186974186933
              ],
              [
                173.803963599489,
                -35.2187099322136
              ],
              [
                173.804072349656,
                -35.2189466488475
              ],
              [
                173.804026566302,
                -35.2192291990869
              ],
              [
                173.805145682899,
                -35.2189801159052
              ],
              [
                173.80568565053,
                -35.2189863995541
              ],
              [
                173.805921500541,
                -35.219066232555
              ],
              [
                173.806142866372,
                -35.219323232826
              ],
              [
                173.806126916848,
                -35.2194873828197
              ],
              [
                173.805983733424,
                -35.2196688987818
              ],
              [
                173.806202433323,
                -35.2198763494344
              ],
              [
                173.806125216746,
                -35.2202890654157
              ],
              [
                173.806337083458,
                -35.2205473160231
              ],
              [
                173.806582399506,
                -35.2206376153623
              ],
              [
                173.806606249923,
                -35.2207941992785
              ],
              [
                173.806987383623,
                -35.2209675320331
              ],
              [
                173.807058733529,
                -35.2212991157312
              ],
              [
                173.807663249728,
                -35.2213787653839
              ],
              [
                173.808047649754,
                -35.2217085154864
              ],
              [
                173.808388583759,
                -35.2217746488643
              ],
              [
                173.80908191622,
                -35.2215497822424
              ],
              [
                173.809873899529,
                -35.2214689155746
              ],
              [
                173.810359849605,
                -35.221862332684
              ],
              [
                173.810534300116,
                -35.2218800657809
              ],
              [
                173.810658600103,
                -35.2219856488929
              ],
              [
                173.810777466485,
                -35.2221848825462
              ],
              [
                173.810740032958,
                -35.2223426153742
              ],
              [
                173.811090049829,
                -35.2227106323274
              ],
              [
                173.811056633585,
                -35.2229124990216
              ],
              [
                173.811423516526,
                -35.222946231982
              ],
              [
                173.811631933644,
                -35.2231497488453
              ],
              [
                173.811792899662,
                -35.222954265401
              ],
              [
                173.812172199528,
                -35.2228686493613
              ],
              [
                173.812381933255,
                -35.2227194322663
              ],
              [
                173.813345282819,
                -35.2224429822956
              ],
              [
                173.813513299606,
                -35.222208932125
              ],
              [
                173.813726200321,
                -35.2221901492483
              ],
              [
                173.813895516235,
                -35.2220479656342
              ],
              [
                173.814237550429,
                -35.222103515515
              ],
              [
                173.814626383048,
                -35.221951766089
              ],
              [
                173.814625383043,
                -35.2218249821387
              ],
              [
                173.814403916823,
                -35.2215773488152
              ],
              [
                173.814811199733,
                -35.2213687490604
              ],
              [
                173.814883483047,
                -35.2215150326242
              ],
              [
                173.814660100395,
                -35.221523999337
              ],
              [
                173.814586666843,
                -35.2215852992181
              ],
              [
                173.814602250332,
                -35.22165811595
              ],
              [
                173.814870666248,
                -35.2218263987882
              ],
              [
                173.814725500131,
                -35.2221070157968
              ],
              [
                173.814208733811,
                -35.2222687159341
              ],
              [
                173.813954316224,
                -35.222219349403
              ],
              [
                173.813814133121,
                -35.2223305160106
              ],
              [
                173.81361414983,
                -35.2223810153918
              ],
              [
                173.813500549522,
                -35.2225411661861
              ],
              [
                173.812984550272,
                -35.2227757820664
              ],
              [
                173.812496749566,
                -35.2228764827933
              ],
              [
                173.812320533165,
                -35.2230236159067
              ],
              [
                173.812113799786,
                -35.2230858493045
              ],
              [
                173.811935800243,
                -35.2230627989544
              ],
              [
                173.811834916703,
                -35.2233309491244
              ],
              [
                173.811523599821,
                -35.2233088327679
              ],
              [
                173.811403316695,
                -35.2231394992065
              ],
              [
                173.810779516538,
                -35.2229858821044
              ],
              [
                173.81086610004,
                -35.222766466114
              ],
              [
                173.810598200094,
                -35.2226467994618
              ],
              [
                173.810476766381,
                -35.2223680825649
              ],
              [
                173.810563733395,
                -35.2221851155393
              ],
              [
                173.810282667163,
                -35.2222235819963
              ],
              [
                173.810101350145,
                -35.2218844994474
              ],
              [
                173.809747616877,
                -35.2216316823824
              ],
              [
                173.809051966472,
                -35.2216852155929
              ],
              [
                173.808639650022,
                -35.2219190821631
              ],
              [
                173.808328732802,
                -35.2219334323676
              ],
              [
                173.807868283408,
                -35.2218151155233
              ],
              [
                173.807539250168,
                -35.2215135490529
              ],
              [
                173.806946016893,
                -35.2214447988382
              ],
              [
                173.806781683266,
                -35.221312232586
              ],
              [
                173.806749016511,
                -35.2210207321378
              ],
              [
                173.806689133729,
                -35.2209603822425
              ],
              [
                173.8063774498,
                -35.2209017820157
              ],
              [
                173.806405166728,
                -35.2207192657447
              ],
              [
                173.806152483057,
                -35.2206359490394
              ],
              [
                173.805882449899,
                -35.2203096495435
              ],
              [
                173.805939666363,
                -35.2201147489462
              ],
              [
                173.805878133788,
                -35.2198963827622
              ],
              [
                173.805520882788,
                -35.2197287159884
              ],
              [
                173.805591516714,
                -35.2194000321558
              ],
              [
                173.805784833826,
                -35.2194715987001
              ],
              [
                173.805932567097,
                -35.2194340989763
              ],
              [
                173.80593166664,
                -35.2193490160082
              ],
              [
                173.805781783472,
                -35.2191798827052
              ],
              [
                173.805218067138,
                -35.2190987655181
              ],
              [
                173.804686367242,
                -35.2192483490006
              ],
              [
                173.804628516542,
                -35.219382465509
              ],
              [
                173.804464833527,
                -35.2193106821514
              ],
              [
                173.803917433126,
                -35.2193752992667
              ],
              [
                173.803797183784,
                -35.2192059657826
              ],
              [
                173.803866166177,
                -35.218719266039
              ],
              [
                173.803804862687,
                -35.2186974186933
              ]
            ]
          ]
        ]
      },
      "properties": {
        "OBJECTID": 2511,
        "NaPALIS_ID": 2797800,
        "Name": "Marginal Strip - Kerikeri River",
        "Type": "MARGINAL_STRIP",
        "Legislation": "CONSERVATION_ACT",
        "Section": "S24_3_FIXED_MARGINAL_STRIP",
        "Conservation_Unit_Number": "P05081",
        "Recorded_Area": 4.5
      }
    },
    {
      "type": "Feature",
      "id": 3451,
      "geometry": {
        "type": "MultiPolygon",
        "coordinates": [
          [
            [
              [
                174.944539300033,
                -37.7226737159857
              ],
              [
                174.944954950838,
                -37.7229394160306
              ],
              [
                174.944669916572,
                -37.7228771327164
              ],
              [
                174.944539300033,
                -37.7226737159857
              ]
            ]
          ],
          [
            [
              [
                174.946002449738,
                -37.7246987655562
              ],
              [
                174.945731300302,
                -37.7246563163534
              ],
              [
                174.945580916638,
                -37.7245699318315
              ],
              [
                174.945048532846,
                -37.7240273654963
              ],
              [
                174.944985266779,
                -37.723556015608
              ],
              [
                174.944859966976,
                -37.723332082208
              ],
              [
                174.94491959954,
                -37.7231716657385
              ],
              [
                174.945045916722,
                -37.7230705660457
              ],
              [
                174.945115682646,
                -37.7237479655174
              ],
              [
                174.945445517071,
                -37.7243819660605
              ],
              [
                174.946285316017,
                -37.7246217485546
              ],
              [
                174.946002449738,
                -37.7246987655562
              ]
            ]
          ],
          [
            [
              [
                174.952800550645,
                -37.7257030491515
              ],
              [
                174.953429483081,
                -37.7257985659243
              ],
              [
                174.953758766403,
                -37.7260243656809
              ],
              [
                174.953965317458,
                -37.7263223155629
              ],
              [
                174.953956949828,
                -37.7268799486698
              ],
              [
                174.954457717342,
                -37.7271432657551
              ],
              [
                174.954206749551,
                -37.727198449235
              ],
              [
                174.953956516082,
                -37.7270665157753
              ],
              [
                174.953777732795,
                -37.7270511830012
              ],
              [
                174.953738983851,
                -37.726351049415
              ],
              [
                174.953541399874,
                -37.7260817491997
              ],
              [
                174.953061882892,
                -37.7258959656242
              ],
              [
                174.952589033395,
                -37.7258657652978
              ],
              [
                174.952441349795,
                -37.7257473163077
              ],
              [
                174.952489266825,
                -37.7255663492202
              ],
              [
                174.952761982528,
                -37.725382198896
              ],
              [
                174.952879116475,
                -37.7252123986552
              ],
              [
                174.953089299519,
                -37.7246897821839
              ],
              [
                174.953048199835,
                -37.7245640827252
              ],
              [
                174.952858950644,
                -37.7245245652115
              ],
              [
                174.953388350309,
                -37.7244871159153
              ],
              [
                174.953002249271,
                -37.7250399493901
              ],
              [
                174.953081667266,
                -37.725296015746
              ],
              [
                174.952935983181,
                -37.7255014324919
              ],
              [
                174.95266163306,
                -37.7256890159304
              ],
              [
                174.952800550645,
                -37.7257030491515
              ]
            ]
          ]
        ]
      },
      "properties": {
        "OBJECTID": 3451,
        "NaPALIS_ID": 2794933,
        "Name": "Marginal Strip - Kerikeri River",
        "Type": "MARGINAL_STRIP",
        "Legislation": "CONSERVATION_ACT",
        "Section": "S24_3_FIXED_MARGINAL_STRIP",
        "Conservation_Unit_Number": "R14031",
        "Recorded_Area": 1.1
      }
    },
    {
      "type": "Feature",
      "id": 10883,
      "geometry": {
        "type": "Polygon",
        "coordinates": [
          [
            [
              173.858860732907,
              -35.2116687660347
            ],
            [
              173.858926766553,
              -35.2118419662344
            ],
            [
              173.858642799813,
              -35.2118793659936
            ],
            [
              173.858082617516,
              -35.2117588997133
            ],
            [
              173.857788133975,
              -35.2115046663999
            ],
            [
              173.856445266637,
              -35.2108173326693
            ],
            [
              173.856299816125,
              -35.2106372990016
            ],
            [
              173.856363116137,
              -35.2103741823408
            ],
            [
              173.855670966726,
              -35.2106510486031
            ],
            [
              173.854741999762,
              -35.2104677828459
            ],
            [
              173.854231132922,
              -35.210172732532
            ],
            [
              173.853761900019,
              -35.2096509486757
            ],
            [
              173.853592900781,
              -35.2093352163162
            ],
            [
              173.853520982513,
              -35.2088195318469
            ],
            [
              173.852925166125,
              -35.2088239660256
            ],
            [
              173.852361433094,
              -35.2087375995228
            ],
            [
              173.851937850712,
              -35.2085769828365
            ],
            [
              173.851699883205,
              -35.2082588656504
            ],
            [
              173.851520216621,
              -35.2077271322175
            ],
            [
              173.851202066788,
              -35.2072113156598
            ],
            [
              173.850856166194,
              -35.2068022988094
            ],
            [
              173.850645783962,
              -35.2066591323227
            ],
            [
              173.849294499822,
              -35.2064205159062
            ],
            [
              173.848989432707,
              -35.2064726319402
            ],
            [
              173.847980150182,
              -35.2062628156435
            ],
            [
              173.846891550762,
              -35.206264882399
            ],
            [
              173.846490700067,
              -35.2061975492698
            ],
            [
              173.846178049949,
              -35.2059984319088
            ],
            [
              173.845577183415,
              -35.2053380156077
            ],
            [
              173.84525350076,
              -35.2052222655666
            ],
            [
              173.845116482655,
              -35.2053047654878
            ],
            [
              173.844787716869,
              -35.205920815603
            ],
            [
              173.844921183351,
              -35.2062267657762
            ],
            [
              173.844873066681,
              -35.2064058497382
            ],
            [
              173.845065633234,
              -35.2066307653711
            ],
            [
              173.845143316741,
              -35.206933182273
            ],
            [
              173.84534801727,
              -35.2072994989541
            ],
            [
              173.845316983439,
              -35.2078049657331
            ],
            [
              173.845140166222,
              -35.2083770825601
            ],
            [
              173.844988049546,
              -35.2085192490955
            ],
            [
              173.844740150219,
              -35.2086197823523
            ],
            [
              173.844481383526,
              -35.2086563157237
            ],
            [
              173.844111032594,
              -35.2085848163191
            ],
            [
              173.84290699998,
              -35.2081130158951
            ],
            [
              173.842449883642,
              -35.2083378989574
            ],
            [
              173.841943200492,
              -35.2084721319463
            ],
            [
              173.841689633418,
              -35.2084897825901
            ],
            [
              173.840644466445,
              -35.2083196329701
            ],
            [
              173.838229899866,
              -35.2089290159375
            ],
            [
              173.837920233715,
              -35.208898482573
            ],
            [
              173.837443399384,
              -35.2086559159822
            ],
            [
              173.837120732799,
              -35.2085787652344
            ],
            [
              173.836984917469,
              -35.2086193492986
            ],
            [
              173.836563500563,
              -35.2089855164744
            ],
            [
              173.836054050234,
              -35.2091193157166
            ],
            [
              173.834645099477,
              -35.2090115992954
            ],
            [
              173.834401599741,
              -35.2089046485977
            ],
            [
              173.834106449315,
              -35.2086111826197
            ],
            [
              173.833886533467,
              -35.20852228234
            ],
            [
              173.83360180018,
              -35.208547299069
            ],
            [
              173.833100316484,
              -35.2088209656054
            ],
            [
              173.832716900273,
              -35.2089051152243
            ],
            [
              173.832159333287,
              -35.2088909322985
            ],
            [
              173.831643616755,
              -35.2087017992363
            ],
            [
              173.831755400128,
              -35.2085411984852
            ],
            [
              173.832265699997,
              -35.2087753657993
            ],
            [
              173.832894050548,
              -35.208684198545
            ],
            [
              173.833243832512,
              -35.2085251328677
            ],
            [
              173.833463867297,
              -35.2083018328215
            ],
            [
              173.833613016332,
              -35.2082757158257
            ],
            [
              173.834029900113,
              -35.2083436655104
            ],
            [
              173.83460801667,
              -35.208809815338
            ],
            [
              173.835926632983,
              -35.2089115989307
            ],
            [
              173.836526049664,
              -35.2088029324593
            ],
            [
              173.836651150224,
              -35.2085404156697
            ],
            [
              173.836882983862,
              -35.2084123157417
            ],
            [
              173.837285866299,
              -35.2084514322683
            ],
            [
              173.837805383099,
              -35.2087434327307
            ],
            [
              173.838084817249,
              -35.208736615268
            ],
            [
              173.840790316053,
              -35.2081908827697
            ],
            [
              173.841840150432,
              -35.2083580159324
            ],
            [
              173.842248933377,
              -35.208208098963
            ],
            [
              173.842458233828,
              -35.2080501652037
            ],
            [
              173.842919516274,
              -35.2078970989844
            ],
            [
              173.843056033712,
              -35.2080540822608
            ],
            [
              173.843433366618,
              -35.2082027318239
            ],
            [
              173.844116549689,
              -35.2084011651478
            ],
            [
              173.844552482834,
              -35.2084466327401
            ],
            [
              173.844824149584,
              -35.2083213993132
            ],
            [
              173.844909500001,
              -35.2081788324104
            ],
            [
              173.845028817309,
              -35.2072615988224
            ],
            [
              173.844617433021,
              -35.2066583157243
            ],
            [
              173.844451232528,
              -35.2058665319422
            ],
            [
              173.844825300005,
              -35.2053867153123
            ],
            [
              173.844927733041,
              -35.2051482156915
            ],
            [
              173.845313983981,
              -35.2050575156678
            ],
            [
              173.84573479986,
              -35.2052578824697
            ],
            [
              173.846085817473,
              -35.2056779322273
            ],
            [
              173.846365183684,
              -35.2058805826659
            ],
            [
              173.846779933152,
              -35.2060582820557
            ],
            [
              173.847180716752,
              -35.2061109497759
            ],
            [
              173.847923433454,
              -35.2060737996333
            ],
            [
              173.848929766938,
              -35.2062736825577
            ],
            [
              173.849156383024,
              -35.2062358323638
            ],
            [
              173.849382900656,
              -35.2063095490974
            ],
            [
              173.849692433649,
              -35.206256682097
            ],
            [
              173.850645000172,
              -35.206407332931
            ],
            [
              173.850906567141,
              -35.2065556156217
            ],
            [
              173.851198883183,
              -35.2068308995545
            ],
            [
              173.851789233054,
              -35.2077411329174
            ],
            [
              173.852038450437,
              -35.2083062823531
            ],
            [
              173.852159333531,
              -35.2084221152182
            ],
            [
              173.852359133209,
              -35.2085293160655
            ],
            [
              173.85303359964,
              -35.2086510823385
            ],
            [
              173.853364716439,
              -35.2086576827988
            ],
            [
              173.853584683743,
              -35.208592649463
            ],
            [
              173.853772866505,
              -35.2086455829467
            ],
            [
              173.853818500534,
              -35.2087810991121
            ],
            [
              173.85373243252,
              -35.208980982555
            ],
            [
              173.853835433389,
              -35.209315298538
            ],
            [
              173.854060615915,
              -35.2097211655203
            ],
            [
              173.854517117245,
              -35.2100890817872
            ],
            [
              173.855038516453,
              -35.2103387823138
            ],
            [
              173.855646500675,
              -35.2104338655306
            ],
            [
              173.856129283554,
              -35.2101857495642
            ],
            [
              173.856504250355,
              -35.2101648330636
            ],
            [
              173.85663113349,
              -35.2106619992629
            ],
            [
              173.857519699219,
              -35.2111806319522
            ],
            [
              173.858073916479,
              -35.2114028984798
            ],
            [
              173.858132049846,
              -35.2115743157032
            ],
            [
              173.858240683308,
              -35.2116664654268
            ],
            [
              173.858552832913,
              -35.2117291820877
            ],
            [
              173.858860732907,
              -35.2116687660347
            ]
          ]
        ]
      },
      "properties": {
        "OBJECTID": 10883,
        "NaPALIS_ID": 2797801,
        "Name": "Marginal Strip - Kerikeri River",
        "Type": "MARGINAL_STRIP",
        "Legislation": "CONSERVATION_ACT",
        "Section": "S24_3_FIXED_MARGINAL_STRIP",
        "Conservation_Unit_Number": "P05082",
        "Recorded_Area": 9
      }
    },
    {
      "type": "Feature",
      "id": 5481,
      "geometry": {
        "type": "Polygon",
        "coordinates": [
          [
            [
              172.543279283548,
              -43.2537367656821
            ],
            [
              172.542954833336,
              -43.2532057817016
            ],
            [
              172.542915133002,
              -43.2523814991684
            ],
            [
              172.542578333071,
              -43.251867665383
            ],
            [
              172.542331817003,
              -43.2519380657432
            ],
            [
              172.54187698346,
              -43.2518242990195
            ],
            [
              172.543110600765,
              -43.2515424824693
            ],
            [
              172.543217365855,
              -43.2517404822174
            ],
            [
              172.543639900636,
              -43.251983431801
            ],
            [
              172.543691066146,
              -43.2524448823381
            ],
            [
              172.543623782882,
              -43.2529083987398
            ],
            [
              172.54372530065,
              -43.2531408325145
            ],
            [
              172.544120967054,
              -43.2532883658413
            ],
            [
              172.544994900386,
              -43.2531026823246
            ],
            [
              172.543279283548,
              -43.2537367656821
            ]
          ]
        ]
      },
      "properties": {
        "OBJECTID": 5481,
        "NaPALIS_ID": 2799265,
        "Name": "Marginal Strip - Makerikeri River",
        "Type": "MARGINAL_STRIP",
        "Legislation": "CONSERVATION_ACT",
        "Section": "S24_3_FIXED_MARGINAL_STRIP",
        "Conservation_Unit_Number": "M34080",
        "Recorded_Area": 1.6
      }
    },
    {
      "type": "Feature",
      "id": 8048,
      "geometry": {
        "type": "Polygon",
        "coordinates": [
          [
            [
              172.539599656306,
              -43.1753930806144
            ],
            [
              172.539444403579,
              -43.1755243300762
            ],
            [
              172.539133384378,
              -43.1755808344205
            ],
            [
              172.539017471983,
              -43.1757138175985
            ],
            [
              172.53880555417,
              -43.1757574796519
            ],
            [
              172.53878481807,
              -43.1758929155079
            ],
            [
              172.538642527214,
              -43.1759986244963
            ],
            [
              172.5379660568,
              -43.176132068761
            ],
            [
              172.537688824801,
              -43.1765832217916
            ],
            [
              172.537407288056,
              -43.1768821883311
            ],
            [
              172.537268675041,
              -43.177177247912
            ],
            [
              172.537061144126,
              -43.1773252233587
            ],
            [
              172.536963750599,
              -43.1775193831525
            ],
            [
              172.536771623003,
              -43.1775794102782
            ],
            [
              172.5362594212,
              -43.1775865382248
            ],
            [
              172.536042036841,
              -43.1778915154164
            ],
            [
              172.535685354163,
              -43.1780294914152
            ],
            [
              172.53549265838,
              -43.178217337973
            ],
            [
              172.535143440724,
              -43.1783472769903
            ],
            [
              172.534837210651,
              -43.1783361721112
            ],
            [
              172.534536668477,
              -43.178623991827
            ],
            [
              172.534281246105,
              -43.1787607796949
            ],
            [
              172.533979631797,
              -43.1787768767661
            ],
            [
              172.533580377427,
              -43.1789552231272
            ],
            [
              172.533412082622,
              -43.1790902895018
            ],
            [
              172.533177308783,
              -43.1791607064635
            ],
            [
              172.533003098734,
              -43.1793671659678
            ],
            [
              172.532707345771,
              -43.1794377544667
            ],
            [
              172.532539759935,
              -43.1796136537484
            ],
            [
              172.532019103279,
              -43.1797050597863
            ],
            [
              172.531953617943,
              -43.1797825932693
            ],
            [
              172.531901039494,
              -43.1803163304906
            ],
            [
              172.531575698662,
              -43.1809839275339
            ],
            [
              172.531504628755,
              -43.1813306818417
            ],
            [
              172.531550502693,
              -43.1815110932365
            ],
            [
              172.531404668124,
              -43.1818790708408
            ],
            [
              172.531421598962,
              -43.1821427309073
            ],
            [
              172.531277872572,
              -43.1824040471863
            ],
            [
              172.531769469381,
              -43.1825674735668
            ],
            [
              172.531911317703,
              -43.182712175547
            ],
            [
              172.531939112563,
              -43.1828547341118
            ],
            [
              172.531834473476,
              -43.1830037610459
            ],
            [
              172.531558488926,
              -43.1831063106409
            ],
            [
              172.531433212964,
              -43.1832985593985
            ],
            [
              172.531451361302,
              -43.1835876367745
            ],
            [
              172.531360021285,
              -43.1837323981245
            ],
            [
              172.531073335761,
              -43.1838429601781
            ],
            [
              172.530768948615,
              -43.1837488927153
            ],
            [
              172.530618892213,
              -43.1838209565727
            ],
            [
              172.531167904465,
              -43.184067063409
            ],
            [
              172.531292180091,
              -43.1842613095459
            ],
            [
              172.531117636965,
              -43.1844984150878
            ],
            [
              172.530739556838,
              -43.1846296548647
            ],
            [
              172.530741041863,
              -43.1849800756284
            ],
            [
              172.530219196833,
              -43.1855059535396
            ],
            [
              172.530452703579,
              -43.1857820503942
            ],
            [
              172.530456348574,
              -43.1859344135797
            ],
            [
              172.530299624466,
              -43.1862333691009
            ],
            [
              172.530484105085,
              -43.1863805223843
            ],
            [
              172.530457848568,
              -43.1865898026939
            ],
            [
              172.530811353099,
              -43.1867636619987
            ],
            [
              172.530941782896,
              -43.1869812965559
            ],
            [
              172.530686758052,
              -43.1877056618813
            ],
            [
              172.531130159396,
              -43.187749582611
            ],
            [
              172.531322692218,
              -43.1878854944293
            ],
            [
              172.531354551747,
              -43.1885861810238
            ],
            [
              172.531780030373,
              -43.1893480483686
            ],
            [
              172.531839260026,
              -43.189728256099
            ],
            [
              172.532058519529,
              -43.1897824901646
            ],
            [
              172.532179991532,
              -43.1899604178452
            ],
            [
              172.531998943962,
              -43.1906180323731
            ],
            [
              172.532203490949,
              -43.1910843785884
            ],
            [
              172.532176811242,
              -43.1915216356266
            ],
            [
              172.532480864542,
              -43.1917021760691
            ],
            [
              172.533027533291,
              -43.1918855648114
            ],
            [
              172.533296854528,
              -43.1920704267711
            ],
            [
              172.533319368081,
              -43.1927174391035
            ],
            [
              172.533642239399,
              -43.1932086816054
            ],
            [
              172.533788716694,
              -43.1936619121501
            ],
            [
              172.533774827872,
              -43.1939813698325
            ],
            [
              172.533223212858,
              -43.1949625659995
            ],
            [
              172.533260352773,
              -43.1954384274424
            ],
            [
              172.533020518337,
              -43.1960041211315
            ],
            [
              172.532645071453,
              -43.1964337089925
            ],
            [
              172.532600876912,
              -43.1965726096803
            ],
            [
              172.53225884942,
              -43.1968106484252
            ],
            [
              172.532389906189,
              -43.1972618237751
            ],
            [
              172.532602681015,
              -43.1974426254489
            ],
            [
              172.53271930779,
              -43.1977168573416
            ],
            [
              172.532860784885,
              -43.1978292399891
            ],
            [
              172.533182361038,
              -43.1985290615857
            ],
            [
              172.53306293879,
              -43.198846612366
            ],
            [
              172.532551142841,
              -43.1992131942324
            ],
            [
              172.532690552484,
              -43.1995199569903
            ],
            [
              172.53301340706,
              -43.1996660258384
            ],
            [
              172.533677391116,
              -43.1996951325302
            ],
            [
              172.533851404906,
              -43.1998096221771
            ],
            [
              172.533913383879,
              -43.1999640244047
            ],
            [
              172.533859722418,
              -43.2003460099098
            ],
            [
              172.53349775517,
              -43.2012938202034
            ],
            [
              172.533224944184,
              -43.2015913816129
            ],
            [
              172.532246628561,
              -43.2022047310049
            ],
            [
              172.531219305826,
              -43.2025167081573
            ],
            [
              172.530751446749,
              -43.202952945997
            ],
            [
              172.530485667225,
              -43.2028846657095
            ],
            [
              172.531067183371,
              -43.2023733161953
            ],
            [
              172.532124733273,
              -43.2020482657569
            ],
            [
              172.533038450126,
              -43.2014738325198
            ],
            [
              172.533266899415,
              -43.2012312825134
            ],
            [
              172.533617533092,
              -43.200313749352
            ],
            [
              172.533667682856,
              -43.1999751156472
            ],
            [
              172.533605132875,
              -43.1998721659341
            ],
            [
              172.532960683317,
              -43.1998448161561
            ],
            [
              172.532516483416,
              -43.1996504154239
            ],
            [
              172.532432050381,
              -43.1995428822714
            ],
            [
              172.532307000476,
              -43.199169965929
            ],
            [
              172.532372732749,
              -43.1990647159848
            ],
            [
              172.532867117217,
              -43.1987374821407
            ],
            [
              172.532939116682,
              -43.1985567156399
            ],
            [
              172.532635850203,
              -43.1979023989716
            ],
            [
              172.53250760041,
              -43.1978337827992
            ],
            [
              172.532388816963,
              -43.1975317991192
            ],
            [
              172.532163633066,
              -43.1973373491207
            ],
            [
              172.531991716888,
              -43.196783682588
            ],
            [
              172.532392249501,
              -43.1964770324791
            ],
            [
              172.532414183325,
              -43.1963603492864
            ],
            [
              172.532789682973,
              -43.1959415825155
            ],
            [
              172.533018183161,
              -43.1954061656797
            ],
            [
              172.532980782715,
              -43.194909682185
            ],
            [
              172.533537867275,
              -43.1939326327623
            ],
            [
              172.533544182702,
              -43.19368323192
            ],
            [
              172.533416049831,
              -43.1932805827118
            ],
            [
              172.533081466235,
              -43.1927704159871
            ],
            [
              172.533084749773,
              -43.1921617989733
            ],
            [
              172.532797033738,
              -43.1919925486068
            ],
            [
              172.532371633688,
              -43.1918667825521
            ],
            [
              172.531946300054,
              -43.1916037158804
            ],
            [
              172.531958966408,
              -43.1911049323196
            ],
            [
              172.531752616447,
              -43.1906999989257
            ],
            [
              172.531790266792,
              -43.1903087489723
            ],
            [
              172.531937366203,
              -43.1899906990526
            ],
            [
              172.531856066593,
              -43.1899083491581
            ],
            [
              172.531646467191,
              -43.1899838823867
            ],
            [
              172.531593299979,
              -43.1899518661756
            ],
            [
              172.531546549862,
              -43.1894050320078
            ],
            [
              172.531086883424,
              -43.1885334653139
            ],
            [
              172.531096033123,
              -43.1879556826969
            ],
            [
              172.530621116925,
              -43.1879173325676
            ],
            [
              172.530437900267,
              -43.1877382159794
            ],
            [
              172.530699183123,
              -43.1870116319943
            ],
            [
              172.530590833682,
              -43.186855648908
            ],
            [
              172.530263616634,
              -43.1867080323198
            ],
            [
              172.530249833785,
              -43.1864357154203
            ],
            [
              172.530044267021,
              -43.1863274325127
            ],
            [
              172.530210316926,
              -43.1858132654463
            ],
            [
              172.529983533508,
              -43.1856042488971
            ],
            [
              172.529971850478,
              -43.1854852324773
            ],
            [
              172.53051025031,
              -43.1849175324975
            ],
            [
              172.530524116872,
              -43.1847162488443
            ],
            [
              172.530076749905,
              -43.1847695160576
            ],
            [
              172.530055616375,
              -43.1846596159708
            ],
            [
              172.530165732893,
              -43.1845570661602
            ],
            [
              172.530873233524,
              -43.1843995159304
            ],
            [
              172.531017600108,
              -43.184313099118
            ],
            [
              172.530990300409,
              -43.1841917324445
            ],
            [
              172.53046351731,
              -43.1839724655919
            ],
            [
              172.530364800034,
              -43.1837799155083
            ],
            [
              172.530766649473,
              -43.1835251486994
            ],
            [
              172.53102829994,
              -43.1836587989079
            ],
            [
              172.531172383484,
              -43.1836158657154
            ],
            [
              172.531190382958,
              -43.1832658822044
            ],
            [
              172.531316966468,
              -43.1830398486247
            ],
            [
              172.531696650323,
              -43.1828238820632
            ],
            [
              172.531500882831,
              -43.1826515826985
            ],
            [
              172.530810833705,
              -43.1825415160696
            ],
            [
              172.530776999666,
              -43.1824613157905
            ],
            [
              172.531078167003,
              -43.1822999827064
            ],
            [
              172.531157182899,
              -43.1821721486601
            ],
            [
              172.531156133582,
              -43.1818678655239
            ],
            [
              172.531308816142,
              -43.1814771990203
            ],
            [
              172.531250599606,
              -43.1813030988401
            ],
            [
              172.531329599693,
              -43.1811798489228
            ],
            [
              172.531327966353,
              -43.1809579157051
            ],
            [
              172.531660783079,
              -43.1802773488572
            ],
            [
              172.531711283864,
              -43.1797444487894
            ],
            [
              172.5318342665,
              -43.179584748829
            ],
            [
              172.532006733635,
              -43.1795030156015
            ],
            [
              172.532419633906,
              -43.1794564822733
            ],
            [
              172.53249928374,
              -43.179234865859
            ],
            [
              172.532780433785,
              -43.1792564822202
            ],
            [
              172.533010183613,
              -43.1790216658615
            ],
            [
              172.533267016258,
              -43.1789448161619
            ],
            [
              172.53343986614,
              -43.1788035993919
            ],
            [
              172.533966466086,
              -43.1785790158408
            ],
            [
              172.534169483285,
              -43.1786003321135
            ],
            [
              172.534389083784,
              -43.1784798819817
            ],
            [
              172.534687999868,
              -43.1781858319222
            ],
            [
              172.535078766182,
              -43.1781735153124
            ],
            [
              172.535367066644,
              -43.1780624660943
            ],
            [
              172.535543350376,
              -43.1778777822365
            ],
            [
              172.535853267135,
              -43.1777759819108
            ],
            [
              172.53609914984,
              -43.1774293654112
            ],
            [
              172.536805317058,
              -43.1773815826662
            ],
            [
              172.536803416974,
              -43.1771963824351
            ],
            [
              172.53705711615,
              -43.1770852653864
            ],
            [
              172.537187067114,
              -43.1767976494983
            ],
            [
              172.537369267002,
              -43.1766359822512
            ],
            [
              172.537773116551,
              -43.1760132825223
            ],
            [
              172.538051833246,
              -43.1758976655619
            ],
            [
              172.538552000322,
              -43.1758262660572
            ],
            [
              172.538387650196,
              -43.1756473657897
            ],
            [
              172.538438016587,
              -43.1755858159129
            ],
            [
              172.538875383337,
              -43.1755667820371
            ],
            [
              172.538967033296,
              -43.1754024987213
            ],
            [
              172.539331482726,
              -43.1753625653798
            ],
            [
              172.539614900296,
              -43.1748116987409
            ],
            [
              172.539797329584,
              -43.1749402881648
            ],
            [
              172.539599656306,
              -43.1753930806144
            ]
          ]
        ]
      },
      "properties": {
        "OBJECTID": 8048,
        "NaPALIS_ID": 2799216,
        "Name": "Marginal Strip - Makerikeri River",
        "Type": "MARGINAL_STRIP",
        "Legislation": "CONSERVATION_ACT",
        "Section": "S24_1_2_MOVEABLE_MARGINAL_STRIP",
        "Conservation_Unit_Number": "M34023",
        "Recorded_Area": 8.1
      }
    },
    {
      "type": "Feature",
      "id": 9052,
      "geometry": {
        "type": "MultiPolygon",
        "coordinates": [
          [
            [
              [
                172.529347767275,
                -43.2321994145487
              ],
              [
                172.529142500762,
                -43.2323072818616
              ],
              [
                172.52898171689,
                -43.2319642322856
              ],
              [
                172.528606266553,
                -43.2318567490556
              ],
              [
                172.528737511692,
                -43.2316894276822
              ],
              [
                172.529026764198,
                -43.2317518517848
              ],
              [
                172.529166618846,
                -43.2318452614829
              ],
              [
                172.529347767275,
                -43.2321994145487
              ]
            ]
          ],
          [
            [
              [
                172.5278197452,
                -43.2307744318667
              ],
              [
                172.527514867295,
                -43.230774983022
              ],
              [
                172.527612783033,
                -43.2306746328248
              ],
              [
                172.527692266653,
                -43.2303523151525
              ],
              [
                172.527378516962,
                -43.2296930327662
              ],
              [
                172.527620999347,
                -43.2296270140455
              ],
              [
                172.527935407908,
                -43.2303236067981
              ],
              [
                172.5278197452,
                -43.2307744318667
              ]
            ]
          ]
        ]
      },
      "properties": {
        "OBJECTID": 9052,
        "NaPALIS_ID": 2799141,
        "Name": "Marginal Strip - Makerikeri River",
        "Type": "MARGINAL_STRIP",
        "Legislation": "CONSERVATION_ACT",
        "Section": "S24_1_2_MOVEABLE_MARGINAL_STRIP",
        "Conservation_Unit_Number": "M34128",
        "Recorded_Area": 1
      }
    },
    {
      "type": "Feature",
      "id": 9187,
      "geometry": {
        "type": "Polygon",
        "coordinates": [
          [
            [
              172.551316550025,
              -43.267914555018
            ],
            [
              172.551147785428,
              -43.2677786088671
            ],
            [
              172.551223549472,
              -43.2676554487698
            ],
            [
              172.551552699551,
              -43.2673592160499
            ],
            [
              172.551811117063,
              -43.2669855822126
            ],
            [
              172.552268200266,
              -43.2667321326197
            ],
            [
              172.552442649882,
              -43.2665046320011
            ],
            [
              172.552274533868,
              -43.2661080494385
            ],
            [
              172.552378232985,
              -43.2654557493498
            ],
            [
              172.552478549669,
              -43.2652980156229
            ],
            [
              172.552390999995,
              -43.2649024155588
            ],
            [
              172.551969750396,
              -43.2643532653844
            ],
            [
              172.551465199537,
              -43.2642103490462
            ],
            [
              172.551477502965,
              -43.2640997030504
            ],
            [
              172.551892945842,
              -43.264116604027
            ],
            [
              172.55215937174,
              -43.2642382458528
            ],
            [
              172.552632019158,
              -43.2648648806158
            ],
            [
              172.552724978679,
              -43.2652989794407
            ],
            [
              172.552618941437,
              -43.2655132699544
            ],
            [
              172.552528952221,
              -43.2660859381098
            ],
            [
              172.552678689466,
              -43.2663475047077
            ],
            [
              172.552685111439,
              -43.2665368535423
            ],
            [
              172.552579248726,
              -43.2667500460867
            ],
            [
              172.552005086856,
              -43.2671032602316
            ],
            [
              172.551316550025,
              -43.267914555018
            ]
          ]
        ]
      },
      "properties": {
        "OBJECTID": 9187,
        "NaPALIS_ID": 2799162,
        "Name": "Marginal Strip - Makerikeri River",
        "Type": "MARGINAL_STRIP",
        "Legislation": "CONSERVATION_ACT",
        "Section": "S24_1_2_MOVEABLE_MARGINAL_STRIP",
        "Conservation_Unit_Number": "M34150",
        "Recorded_Area": 1
      }
    },
    {
      "type": "Feature",
      "id": 2861,
      "geometry": {
        "type": "MultiPolygon",
        "coordinates": [
          [
            [
              [
                169.358221699636,
                -45.1927612150292
              ],
              [
                169.358082649063,
                -45.1927764979413
              ],
              [
                169.358046033573,
                -45.192365831845
              ],
              [
                169.358087916908,
                -45.1917698159787
              ],
              [
                169.358236232369,
                -45.1917634318381
              ],
              [
                169.358221699636,
                -45.1927612150292
              ]
            ]
          ],
          [
            [
              [
                169.35787053341,
                -45.1927997986507
              ],
              [
                169.357617033385,
                -45.192827665408
              ],
              [
                169.357539500515,
                -45.192603298477
              ],
              [
                169.357474833531,
                -45.1923239484067
              ],
              [
                169.357530666313,
                -45.1917976159643
              ],
              [
                169.357786350248,
                -45.1917861320797
              ],
              [
                169.357730983292,
                -45.1923119655239
              ],
              [
                169.35787053341,
                -45.1927997986507
              ]
            ]
          ],
          [
            [
              [
                169.355614016487,
                -45.1991709819849
              ],
              [
                169.355410683262,
                -45.1990676820796
              ],
              [
                169.35597981631,
                -45.1979880817747
              ],
              [
                169.35610886728,
                -45.1978505319585
              ],
              [
                169.356585099603,
                -45.197621464787
              ],
              [
                169.356799365823,
                -45.197378899056
              ],
              [
                169.356872550651,
                -45.1970869152696
              ],
              [
                169.356828082505,
                -45.1966748153136
              ],
              [
                169.357032650113,
                -45.1963015483799
              ],
              [
                169.357117783362,
                -45.1956212153253
              ],
              [
                169.35764598271,
                -45.1946554481766
              ],
              [
                169.358122967329,
                -45.1942448984208
              ],
              [
                169.358175832942,
                -45.1938965819935
              ],
              [
                169.358392800672,
                -45.1936177315368
              ],
              [
                169.358403649881,
                -45.1934870982264
              ],
              [
                169.358141750523,
                -45.1928601820167
              ],
              [
                169.358137483412,
                -45.1928136319333
              ],
              [
                169.358256616379,
                -45.1928061485288
              ],
              [
                169.358560948997,
                -45.1931978987112
              ],
              [
                169.358269399849,
                -45.1945538153647
              ],
              [
                169.358120717206,
                -45.1945694821131
              ],
              [
                169.357845315781,
                -45.1947150813325
              ],
              [
                169.3575901003,
                -45.1951106157524
              ],
              [
                169.357311599438,
                -45.1956717317828
              ],
              [
                169.357223233012,
                -45.1963559152758
              ],
              [
                169.357023065878,
                -45.1967109991805
              ],
              [
                169.357079033612,
                -45.1970912149545
              ],
              [
                169.356712050251,
                -45.1977838153831
              ],
              [
                169.356217166186,
                -45.1980613484355
              ],
              [
                169.355614016487,
                -45.1991709819849
              ]
            ]
          ],
          [
            [
              [
                169.355019066537,
                -45.198608431752
              ],
              [
                169.354984900248,
                -45.1987729815652
              ],
              [
                169.354758866252,
                -45.1986152480141
              ],
              [
                169.354825715507,
                -45.1983864487593
              ],
              [
                169.355112516625,
                -45.1977568985155
              ],
              [
                169.355895016922,
                -45.1968596154099
              ],
              [
                169.355863166259,
                -45.1965072818942
              ],
              [
                169.356094733166,
                -45.1961720825136
              ],
              [
                169.356311299006,
                -45.1952877317612
              ],
              [
                169.356856815939,
                -45.194683898669
              ],
              [
                169.356957382938,
                -45.1942737153649
              ],
              [
                169.357151849635,
                -45.19408284805
              ],
              [
                169.357272283897,
                -45.1937129984158
              ],
              [
                169.357477117261,
                -45.1935183982403
              ],
              [
                169.357679466548,
                -45.1928697816985
              ],
              [
                169.357933266153,
                -45.1928386819442
              ],
              [
                169.357917400211,
                -45.1930844654185
              ],
              [
                169.357722433386,
                -45.1935795820383
              ],
              [
                169.35749264994,
                -45.1938131321033
              ],
              [
                169.357390866431,
                -45.1941596483079
              ],
              [
                169.357189466322,
                -45.1943642148649
              ],
              [
                169.35710033342,
                -45.1947561650899
              ],
              [
                169.356767415835,
                -45.1950601986792
              ],
              [
                169.356534599546,
                -45.1953917984695
              ],
              [
                169.356335432875,
                -45.196244615204
              ],
              [
                169.356120817085,
                -45.1965290485669
              ],
              [
                169.35613703266,
                -45.1969231312205
              ],
              [
                169.355343833013,
                -45.197837698574
              ],
              [
                169.355019066537,
                -45.198608431752
              ]
            ]
          ]
        ]
      },
      "properties": {
        "OBJECTID": 2861,
        "NaPALIS_ID": 2799907,
        "Name": "Marginal Strip - Waikerikeri Creek",
        "Type": "MARGINAL_STRIP",
        "Legislation": "CONSERVATION_ACT",
        "Section": "S24_3_FIXED_MARGINAL_STRIP",
        "Conservation_Unit_Number": "G42028",
        "Recorded_Area": 2
      }
    },
    {
      "type": "Feature",
      "id": 4505,
      "geometry": {
        "type": "MultiPolygon",
        "coordinates": [
          [
            [
              [
                169.355269764823,
                -45.1565249818277
              ],
              [
                169.355392481572,
                -45.157502321016
              ],
              [
                169.355136669132,
                -45.1575026241994
              ],
              [
                169.355269764823,
                -45.1565249818277
              ]
            ]
          ],
          [
            [
              [
                169.368768414584,
                -45.1348560921086
              ],
              [
                169.368824174463,
                -45.1353345884624
              ],
              [
                169.368567988246,
                -45.1353348162991
              ],
              [
                169.368516784693,
                -45.1348843173194
              ],
              [
                169.368414787276,
                -45.134748485109
              ],
              [
                169.368646843898,
                -45.1346730707001
              ],
              [
                169.368768414584,
                -45.1348560921086
              ]
            ]
          ],
          [
            [
              [
                169.369056024931,
                -45.1348194311728
              ],
              [
                169.369117229581,
                -45.1353343284067
              ],
              [
                169.368862602711,
                -45.1353345543372
              ],
              [
                169.36880584355,
                -45.1348509041714
              ],
              [
                169.368681652925,
                -45.1346617582899
              ],
              [
                169.368913708811,
                -45.1345863442128
              ],
              [
                169.369056024931,
                -45.1348194311728
              ]
            ]
          ],
          [
            [
              [
                169.355608242147,
                -45.1565176671515
              ],
              [
                169.35568666682,
                -45.1575019705036
              ],
              [
                169.355430853014,
                -45.1575022752052
              ],
              [
                169.355361331247,
                -45.1565604222451
              ],
              [
                169.355277712288,
                -45.1564906870116
              ],
              [
                169.355324598662,
                -45.1562883537672
              ],
              [
                169.355608242147,
                -45.1565176671515
              ]
            ]
          ],
          [
            [
              [
                169.355388028161,
                -45.154623028131
              ],
              [
                169.354706516226,
                -45.1555771537222
              ],
              [
                169.354472334256,
                -45.1554925093092
              ],
              [
                169.355149849453,
                -45.1545577516198
              ],
              [
                169.355460356928,
                -45.1537673924097
              ],
              [
                169.355679079396,
                -45.152724839667
              ],
              [
                169.355886704693,
                -45.1523223052554
              ],
              [
                169.356190150427,
                -45.152036543907
              ],
              [
                169.356890926559,
                -45.1507183842277
              ],
              [
                169.35717357805,
                -45.1504516662928
              ],
              [
                169.358032125894,
                -45.1498850644445
              ],
              [
                169.358273575225,
                -45.1496399727226
              ],
              [
                169.35849718215,
                -45.1492274935493
              ],
              [
                169.358978226715,
                -45.1486201803172
              ],
              [
                169.359512194565,
                -45.1481610266418
              ],
              [
                169.359576800379,
                -45.1478273684436
              ],
              [
                169.35976423261,
                -45.1477305576679
              ],
              [
                169.360379013451,
                -45.1476621041624
              ],
              [
                169.360339459265,
                -45.1472860872295
              ],
              [
                169.360721649773,
                -45.1470984820464
              ],
              [
                169.360769192636,
                -45.1467755426152
              ],
              [
                169.361345262352,
                -45.1463078918729
              ],
              [
                169.36159607457,
                -45.1457180797099
              ],
              [
                169.362159813,
                -45.1453666917605
              ],
              [
                169.362306167245,
                -45.1450067993831
              ],
              [
                169.362625020882,
                -45.1448045381909
              ],
              [
                169.3630014178,
                -45.1447083957466
              ],
              [
                169.363343139213,
                -45.1444573627609
              ],
              [
                169.363725166433,
                -45.144418465114
              ],
              [
                169.363887797281,
                -45.1443416833215
              ],
              [
                169.364120463067,
                -45.1441361571172
              ],
              [
                169.364388621635,
                -45.1440651582518
              ],
              [
                169.364490653334,
                -45.1438822843597
              ],
              [
                169.364887185947,
                -45.1436708201743
              ],
              [
                169.365434523419,
                -45.1429595565845
              ],
              [
                169.365557398341,
                -45.1425205602438
              ],
              [
                169.366088379818,
                -45.1421561005322
              ],
              [
                169.366039548183,
                -45.1417631175904
              ],
              [
                169.366489092798,
                -45.1412840071089
              ],
              [
                169.366405848733,
                -45.1410748939011
              ],
              [
                169.366672639349,
                -45.1410746864719
              ],
              [
                169.366738450309,
                -45.1413456535009
              ],
              [
                169.366287579718,
                -45.1418022821812
              ],
              [
                169.366349349146,
                -45.1421879410633
              ],
              [
                169.366247348273,
                -45.1423352038918
              ],
              [
                169.365776659191,
                -45.142611498369
              ],
              [
                169.365679256888,
                -45.1430138880161
              ],
              [
                169.36507574696,
                -45.1437958584221
              ],
              [
                169.364677788922,
                -45.1440039741765
              ],
              [
                169.364534297788,
                -45.1442215302602
              ],
              [
                169.364274896613,
                -45.1442789953961
              ],
              [
                169.364064488427,
                -45.1444744671283
              ],
              [
                169.36380672604,
                -45.1445961616145
              ],
              [
                169.36348480641,
                -45.1446066850149
              ],
              [
                169.363144076342,
                -45.1448637794238
              ],
              [
                169.362754593419,
                -45.1449592628787
              ],
              [
                169.362513992866,
                -45.1451103236128
              ],
              [
                169.362386424819,
                -45.1454669410431
              ],
              [
                169.361819138779,
                -45.1458042740968
              ],
              [
                169.361579283007,
                -45.1463823486751
              ],
              [
                169.361369940105,
                -45.1466184311764
              ],
              [
                169.360998569478,
                -45.1468530048576
              ],
              [
                169.360970419076,
                -45.1471689971207
              ],
              [
                169.360574869184,
                -45.1473538949019
              ],
              [
                169.36060548315,
                -45.1477599426562
              ],
              [
                169.360480221136,
                -45.1478394865893
              ],
              [
                169.35976310579,
                -45.147949699627
              ],
              [
                169.359768732408,
                -45.1482238671325
              ],
              [
                169.359195945334,
                -45.1487129758047
              ],
              [
                169.358726229945,
                -45.1493054512447
              ],
              [
                169.358499917042,
                -45.1497247173237
              ],
              [
                169.358225191882,
                -45.1500035866009
              ],
              [
                169.357353424594,
                -45.1505787559747
              ],
              [
                169.357105089216,
                -45.1508152424337
              ],
              [
                169.356422991761,
                -45.1521175376817
              ],
              [
                169.356118680418,
                -45.152395822128
              ],
              [
                169.355923381272,
                -45.1527744955096
              ],
              [
                169.355709533078,
                -45.1538046685928
              ],
              [
                169.355388028161,
                -45.154623028131
              ]
            ]
          ],
          [
            [
              [
                169.35566412762,
                -45.1546910533054
              ],
              [
                169.354925760496,
                -45.1557139671033
              ],
              [
                169.354714656333,
                -45.1556111273074
              ],
              [
                169.355424260159,
                -45.1546315358523
              ],
              [
                169.355746827036,
                -45.153810403392
              ],
              [
                169.355959869689,
                -45.1527824369419
              ],
              [
                169.356152263695,
                -45.1524089358206
              ],
              [
                169.356458090273,
                -45.1521287346028
              ],
              [
                169.357137891492,
                -45.1508291815603
              ],
              [
                169.357381727926,
                -45.1505969127053
              ],
              [
                169.358253707695,
                -45.1500216031713
              ],
              [
                169.358532530094,
                -45.1497387868354
              ],
              [
                169.358760164417,
                -45.1493177868287
              ],
              [
                169.359228348176,
                -45.1487272436487
              ],
              [
                169.359805492488,
                -45.1482338963165
              ],
              [
                169.359797374006,
                -45.1479639152241
              ],
              [
                169.360493981971,
                -45.1478652260859
              ],
              [
                169.360638738173,
                -45.1477743093064
              ],
              [
                169.360682821444,
                -45.1476555926437
              ],
              [
                169.360613037657,
                -45.1473678071238
              ],
              [
                169.361005402576,
                -45.1471812475846
              ],
              [
                169.361033587612,
                -45.1468661863018
              ],
              [
                169.361398674616,
                -45.1466363594233
              ],
              [
                169.361612981077,
                -45.1463951034553
              ],
              [
                169.361851766887,
                -45.1458193639449
              ],
              [
                169.362419583462,
                -45.1454816092628
              ],
              [
                169.362545717366,
                -45.1451262567173
              ],
              [
                169.362772957726,
                -45.1449831901251
              ],
              [
                169.363166420651,
                -45.1448861123757
              ],
              [
                169.363502650642,
                -45.1446317315869
              ],
              [
                169.363818731207,
                -45.1446223182389
              ],
              [
                169.364088318252,
                -45.144495647319
              ],
              [
                169.364297339666,
                -45.1443016391356
              ],
              [
                169.36455786144,
                -45.1442433562983
              ],
              [
                169.364708296469,
                -45.1440213810906
              ],
              [
                169.365105926298,
                -45.1438125265261
              ],
              [
                169.365714860612,
                -45.1430237038156
              ],
              [
                169.365811394839,
                -45.1426246189377
              ],
              [
                169.366276735172,
                -45.1423528456389
              ],
              [
                169.366386035597,
                -45.1421962662462
              ],
              [
                169.366326106707,
                -45.1418082031344
              ],
              [
                169.366775144778,
                -45.1413547250623
              ],
              [
                169.366712657385,
                -45.1410746551058
              ],
              [
                169.366979448044,
                -45.1410744469584
              ],
              [
                169.367009799123,
                -45.1414237754502
              ],
              [
                169.366589597912,
                -45.1418556056218
              ],
              [
                169.366621645014,
                -45.1422636654218
              ],
              [
                169.366463869943,
                -45.1424745325114
              ],
              [
                169.366046085944,
                -45.1427207669312
              ],
              [
                169.365949519,
                -45.1430927565056
              ],
              [
                169.365319755848,
                -45.1439097250969
              ],
              [
                169.364935358063,
                -45.1441263043669
              ],
              [
                169.36474027638,
                -45.1443685880698
              ],
              [
                169.364450540525,
                -45.1444563643354
              ],
              [
                169.364278554798,
                -45.144615418439
              ],
              [
                169.363787324767,
                -45.1448037037991
              ],
              [
                169.363617070016,
                -45.144808502708
              ],
              [
                169.363303592409,
                -45.1450375230457
              ],
              [
                169.362773319939,
                -45.1452236877661
              ],
              [
                169.362633737066,
                -45.145578456828
              ],
              [
                169.362074064953,
                -45.1459221731768
              ],
              [
                169.361839459678,
                -45.1464767221901
              ],
              [
                169.361601448133,
                -45.1467447930292
              ],
              [
                169.361281171462,
                -45.1469510666181
              ],
              [
                169.361219559809,
                -45.1472780979092
              ],
              [
                169.360896008605,
                -45.1474709478077
              ],
              [
                169.360936656515,
                -45.1476647458931
              ],
              [
                169.360852896902,
                -45.1478711603624
              ],
              [
                169.360584843892,
                -45.1480331954922
              ],
              [
                169.360056211134,
                -45.1480897112512
              ],
              [
                169.36003066666,
                -45.1483173115648
              ],
              [
                169.359438719744,
                -45.1488294819524
              ],
              [
                169.358990967914,
                -45.1493942562368
              ],
              [
                169.358741034414,
                -45.1498416374338
              ],
              [
                169.358440848644,
                -45.150143303339
              ],
              [
                169.357361091504,
                -45.1509181741243
              ],
              [
                169.356692773002,
                -45.1521978070911
              ],
              [
                169.356377495304,
                -45.152496883485
              ],
              [
                169.356207587565,
                -45.1528267345384
              ],
              [
                169.355994903201,
                -45.1538495917864
              ],
              [
                169.35566412762,
                -45.1546910533054
              ]
            ]
          ],
          [
            [
              [
                169.356742721735,
                -45.1125867360008
              ],
              [
                169.356049614113,
                -45.1121622534859
              ],
              [
                169.35543148072,
                -45.1116326908252
              ],
              [
                169.354966883716,
                -45.1111237614769
              ],
              [
                169.354576267586,
                -45.1102875791139
              ],
              [
                169.35460880991,
                -45.109745935144
              ],
              [
                169.354325928995,
                -45.1090879626569
              ],
              [
                169.354341489536,
                -45.1085528324012
              ],
              [
                169.35377103271,
                -45.1081436659847
              ],
              [
                169.353935615262,
                -45.1079884260323
              ],
              [
                169.354300270557,
                -45.1078424474535
              ],
              [
                169.354314957274,
                -45.1077068058904
              ],
              [
                169.354989222903,
                -45.1075135543163
              ],
              [
                169.355364217146,
                -45.1073173260488
              ],
              [
                169.355406120611,
                -45.1072008961507
              ],
              [
                169.355344229159,
                -45.1071241457283
              ],
              [
                169.354682277877,
                -45.1066467923749
              ],
              [
                169.35448513358,
                -45.1063956445561
              ],
              [
                169.354533019055,
                -45.1061589258821
              ],
              [
                169.354660406113,
                -45.1060586357973
              ],
              [
                169.354905713504,
                -45.1060473353722
              ],
              [
                169.355319157499,
                -45.1061316101571
              ],
              [
                169.35552328419,
                -45.1060679944514
              ],
              [
                169.355599911179,
                -45.1059707388575
              ],
              [
                169.355407860047,
                -45.1058834497716
              ],
              [
                169.355179449088,
                -45.1056565955073
              ],
              [
                169.355370146242,
                -45.1049424469801
              ],
              [
                169.355335700546,
                -45.103679578728
              ],
              [
                169.355184929942,
                -45.1035104135841
              ],
              [
                169.354841902702,
                -45.1034059922993
              ],
              [
                169.354484427391,
                -45.1031211411357
              ],
              [
                169.354144009653,
                -45.1029948385136
              ],
              [
                169.354031955047,
                -45.1028841015709
              ],
              [
                169.354053241245,
                -45.1026216192757
              ],
              [
                169.354155186821,
                -45.1024966391103
              ],
              [
                169.355012441223,
                -45.1020820531836
              ],
              [
                169.355322585867,
                -45.1018425997234
              ],
              [
                169.35555675051,
                -45.1013329899899
              ],
              [
                169.355869692654,
                -45.1010042219394
              ],
              [
                169.355896318924,
                -45.10065921015
              ],
              [
                169.355648163728,
                -45.1001742503874
              ],
              [
                169.355266322549,
                -45.0997770067413
              ],
              [
                169.355114016009,
                -45.0994392674557
              ],
              [
                169.355245271209,
                -45.0992265829002
              ],
              [
                169.355644307478,
                -45.098975523897
              ],
              [
                169.356531341858,
                -45.0986272347673
              ],
              [
                169.357045997901,
                -45.0982689780185
              ],
              [
                169.35755089691,
                -45.0980770139573
              ],
              [
                169.357058556119,
                -45.0985339642903
              ],
              [
                169.356693562154,
                -45.0987656068562
              ],
              [
                169.355791955728,
                -45.0991231977226
              ],
              [
                169.355455618623,
                -45.0993348100968
              ],
              [
                169.355385052881,
                -45.0994491539656
              ],
              [
                169.355496992143,
                -45.0996973770436
              ],
              [
                169.355873584722,
                -45.1000914348108
              ],
              [
                169.356140655871,
                -45.1006101944362
              ],
              [
                169.35611754069,
                -45.1010434030649
              ],
              [
                169.355787183622,
                -45.101412780681
              ],
              [
                169.355520689988,
                -45.1019551335727
              ],
              [
                169.355166744209,
                -45.1022249003277
              ],
              [
                169.354677890732,
                -45.1024347643868
              ],
              [
                169.354303320297,
                -45.1026745872343
              ],
              [
                169.354315182362,
                -45.1028552368095
              ],
              [
                169.354639786263,
                -45.102978865847
              ],
              [
                169.354993979255,
                -45.1032564209765
              ],
              [
                169.355356775703,
                -45.1033779891741
              ],
              [
                169.355578016635,
                -45.1036257457975
              ],
              [
                169.35564025169,
                -45.1038684150901
              ],
              [
                169.35562385362,
                -45.1049505539912
              ],
              [
                169.35543802064,
                -45.1056036136249
              ],
              [
                169.355820771258,
                -45.1058778585939
              ],
              [
                169.35581839449,
                -45.1060654389889
              ],
              [
                169.35567526293,
                -45.10621178828
              ],
              [
                169.355395174204,
                -45.1063032185077
              ],
              [
                169.354773475217,
                -45.1062385537468
              ],
              [
                169.35474866644,
                -45.1063611955261
              ],
              [
                169.354887554492,
                -45.1065381262777
              ],
              [
                169.355545946659,
                -45.1070148669145
              ],
              [
                169.355651295516,
                -45.1072505033579
              ],
              [
                169.355524443714,
                -45.107460058554
              ],
              [
                169.35510616629,
                -45.1076732075161
              ],
              [
                169.354561013965,
                -45.107809489516
              ],
              [
                169.354487270191,
                -45.1079641501931
              ],
              [
                169.35412222042,
                -45.1081388658498
              ],
              [
                169.354590777738,
                -45.1085183965149
              ],
              [
                169.354559863023,
                -45.1089514803066
              ],
              [
                169.3548590023,
                -45.1097149644641
              ],
              [
                169.35479048328,
                -45.1100050373019
              ],
              [
                169.354981099653,
                -45.1106642313923
              ],
              [
                169.355192349801,
                -45.1110409487751
              ],
              [
                169.356225450173,
                -45.1120324650689
              ],
              [
                169.357130865765,
                -45.1125890482615
              ],
              [
                169.358325045785,
                -45.1131703250175
              ],
              [
                169.358770368951,
                -45.1142466059393
              ],
              [
                169.359583849388,
                -45.1146571290448
              ],
              [
                169.359880709183,
                -45.1150307377508
              ],
              [
                169.360300369821,
                -45.1153484070284
              ],
              [
                169.360649197805,
                -45.1155233315036
              ],
              [
                169.360897250484,
                -45.1159037986211
              ],
              [
                169.361297866837,
                -45.1168092325093
              ],
              [
                169.362107499259,
                -45.1178510651064
              ],
              [
                169.362205698904,
                -45.1183001312659
              ],
              [
                169.362145149663,
                -45.119526064786
              ],
              [
                169.362406782836,
                -45.1206448986539
              ],
              [
                169.362281433137,
                -45.1217947992374
              ],
              [
                169.362357266306,
                -45.1219697823644
              ],
              [
                169.36275653294,
                -45.1223955318212
              ],
              [
                169.362800017437,
                -45.1225401146614
              ],
              [
                169.362747966641,
                -45.1230731652048
              ],
              [
                169.362986300489,
                -45.1236133658829
              ],
              [
                169.362774166549,
                -45.1245349817052
              ],
              [
                169.36294808246,
                -45.1251057487802
              ],
              [
                169.363359365562,
                -45.1258969154883
              ],
              [
                169.363342366601,
                -45.1272978818644
              ],
              [
                169.363625383276,
                -45.1283252820566
              ],
              [
                169.363809000752,
                -45.1285533984768
              ],
              [
                169.364649932879,
                -45.1290925817019
              ],
              [
                169.366039550171,
                -45.1296079658975
              ],
              [
                169.36633066566,
                -45.1297901985718
              ],
              [
                169.366859582323,
                -45.1302917818344
              ],
              [
                169.367379216465,
                -45.1312121489343
              ],
              [
                169.367796150381,
                -45.1316173589563
              ],
              [
                169.368792083857,
                -45.1328703545064
              ],
              [
                169.368865152751,
                -45.1332983978742
              ],
              [
                169.368718032724,
                -45.1335675925159
              ],
              [
                169.368432114562,
                -45.1337792976406
              ],
              [
                169.368447755468,
                -45.1339776981576
              ],
              [
                169.368763975989,
                -45.1344051835991
              ],
              [
                169.368531978471,
                -45.1344806685441
              ],
              [
                169.368196774188,
                -45.1340222302485
              ],
              [
                169.368173095535,
                -45.1337218562511
              ],
              [
                169.36850328373,
                -45.1334714556571
              ],
              [
                169.368620778861,
                -45.1332491139764
              ],
              [
                169.368549652653,
                -45.1329242117874
              ],
              [
                169.36758987774,
                -45.1317237677129
              ],
              [
                169.367153685064,
                -45.1312949835541
              ],
              [
                169.366645398102,
                -45.1303890863147
              ],
              [
                169.366312126046,
                -45.1301092318428
              ],
              [
                169.366581750774,
                -45.1303737351988
              ],
              [
                169.367184660834,
                -45.1313820939039
              ],
              [
                169.367558935884,
                -45.1317397290536
              ],
              [
                169.368513098034,
                -45.1329323908686
              ],
              [
                169.368582450071,
                -45.1332452237058
              ],
              [
                169.368471525531,
                -45.1334560254198
              ],
              [
                169.368134690533,
                -45.1337165393202
              ],
              [
                169.368159795172,
                -45.1340296710578
              ],
              [
                169.368497179055,
                -45.1344919911167
              ],
              [
                169.368265180858,
                -45.1345674754955
              ],
              [
                169.367917357196,
                -45.1340835267707
              ],
              [
                169.367880602198,
                -45.1337148889231
              ],
              [
                169.367935560535,
                -45.1336012928482
              ],
              [
                169.36825234808,
                -45.1333572634909
              ],
              [
                169.368321115077,
                -45.1332265804352
              ],
              [
                169.368268134233,
                -45.1329875891953
              ],
              [
                169.367352661103,
                -45.1318461373107
              ],
              [
                169.366958849982,
                -45.1314666484792
              ],
              [
                169.366358316375,
                -45.1304593652948
              ],
              [
                169.366070216736,
                -45.1301752312936
              ],
              [
                169.365655816327,
                -45.129915665384
              ],
              [
                169.364724233491,
                -45.1295999657588
              ],
              [
                169.363999316305,
                -45.1292188812889
              ],
              [
                169.363331599853,
                -45.1287401318305
              ],
              [
                169.363077766843,
                -45.1283502152902
              ],
              [
                169.362787433894,
                -45.1272285818816
              ],
              [
                169.362818183293,
                -45.1259032316693
              ],
              [
                169.362414115728,
                -45.1251720155488
              ],
              [
                169.362251532237,
                -45.1245299151908
              ],
              [
                169.362432732733,
                -45.1236108820953
              ],
              [
                169.362201267438,
                -45.1229769979674
              ],
              [
                169.362257583138,
                -45.1225785147615
              ],
              [
                169.361854332244,
                -45.1221074825442
              ],
              [
                169.361761733104,
                -45.1218474319683
              ],
              [
                169.361896382986,
                -45.1207170492615
              ],
              [
                169.361640649524,
                -45.1195953490153
              ],
              [
                169.361682933722,
                -45.118286231677
              ],
              [
                169.361624732816,
                -45.1180017157499
              ],
              [
                169.360875917219,
                -45.1170676985396
              ],
              [
                169.360379333328,
                -45.1159950825806
              ],
              [
                169.360183466817,
                -45.1157270154719
              ],
              [
                169.360097716351,
                -45.1157644989614
              ],
              [
                169.359423400079,
                -45.115251748529
              ],
              [
                169.359213466284,
                -45.1149425146342
              ],
              [
                169.358292883643,
                -45.1144823656471
              ],
              [
                169.357882783253,
                -45.1133984984107
              ],
              [
                169.357192432755,
                -45.1130844983184
              ],
              [
                169.356018666188,
                -45.112429148652
              ],
              [
                169.355450749284,
                -45.1119847650924
              ],
              [
                169.35482881608,
                -45.1113288318405
              ],
              [
                169.354559915908,
                -45.1109492647744
              ],
              [
                169.354191602513,
                -45.1100726088331
              ],
              [
                169.354319167804,
                -45.1097726295836
              ],
              [
                169.354021398735,
                -45.1090217201337
              ],
              [
                169.354043704114,
                -45.1086316662964
              ],
              [
                169.353479966865,
                -45.10818846673
              ],
              [
                169.353527568382,
                -45.1080288138682
              ],
              [
                169.353752910805,
                -45.1078261859074
              ],
              [
                169.354019497445,
                -45.107742527865
              ],
              [
                169.354130683415,
                -45.1075455514109
              ],
              [
                169.355066176164,
                -45.1072186981073
              ],
              [
                169.354450036328,
                -45.106772415305
              ],
              [
                169.354192611694,
                -45.1063903892096
              ],
              [
                169.354263236465,
                -45.1060781692539
              ],
              [
                169.354464143777,
                -45.1059049094535
              ],
              [
                169.354617414648,
                -45.1058537225767
              ],
              [
                169.355021345124,
                -45.1058558309691
              ],
              [
                169.35488739443,
                -45.1056507888629
              ],
              [
                169.355078442443,
                -45.1049176266985
              ],
              [
                169.355059217955,
                -45.1037560183368
              ],
              [
                169.354986971186,
                -45.1036747770152
              ],
              [
                169.354646416345,
                -45.1035599722453
              ],
              [
                169.354301019112,
                -45.1032862070054
              ],
              [
                169.353945753681,
                -45.1031471957189
              ],
              [
                169.353739765813,
                -45.1028944297325
              ],
              [
                169.353768015128,
                -45.1025756107747
              ],
              [
                169.353913331213,
                -45.1023804933979
              ],
              [
                169.354826282052,
                -45.1019201048517
              ],
              [
                169.355065498199,
                -45.1017353333922
              ],
              [
                169.355286903852,
                -45.1012537072939
              ],
              [
                169.355582774552,
                -45.1009372904994
              ],
              [
                169.355602654128,
                -45.1006923272672
              ],
              [
                169.35538628266,
                -45.1002691817198
              ],
              [
                169.35499699489,
                -45.0998571513732
              ],
              [
                169.354827448204,
                -45.0993958589491
              ],
              [
                169.355008677303,
                -45.0991048509544
              ],
              [
                169.355467366471,
                -45.098810888803
              ],
              [
                169.356437751278,
                -45.0984093903778
              ],
              [
                169.356976012649,
                -45.098285134248
              ],
              [
                169.35650868743,
                -45.0986054486034
              ],
              [
                169.355621661052,
                -45.0989537351124
              ],
              [
                169.355212044483,
                -45.099213063467
              ],
              [
                169.355075530415,
                -45.0994425960646
              ],
              [
                169.355232115126,
                -45.0997891903809
              ],
              [
                169.355614165989,
                -45.100186651484
              ],
              [
                169.355859172052,
                -45.1006657936463
              ],
              [
                169.355832283709,
                -45.1009971574961
              ],
              [
                169.35552235735,
                -45.1013210807117
              ],
              [
                169.355290018819,
                -45.1018280391829
              ],
              [
                169.354988689021,
                -45.1020607879543
              ],
              [
                169.354128776023,
                -45.1024770242682
              ],
              [
                169.354015869447,
                -45.1026147966727
              ],
              [
                169.353993637588,
                -45.1028896604374
              ],
              [
                169.35411760105,
                -45.1030147732269
              ],
              [
                169.354459903264,
                -45.1031420624489
              ],
              [
                169.354820531058,
                -45.1034287058843
              ],
              [
                169.355159620794,
                -45.1035314278842
              ],
              [
                169.355299559986,
                -45.1036887894211
              ],
              [
                169.35533207681,
                -45.1049405823231
              ],
              [
                169.355141138254,
                -45.1056621423683
              ],
              [
                169.355382499865,
                -45.1059044309791
              ],
              [
                169.355557560503,
                -45.1059718764093
              ],
              [
                169.355313414907,
                -45.1061041736537
              ],
              [
                169.354911055179,
                -45.106020422328
              ],
              [
                169.35465019488,
                -45.10603207094
              ],
              [
                169.354499104711,
                -45.1061455057979
              ],
              [
                169.354448719999,
                -45.1064047814371
              ],
              [
                169.354651754154,
                -45.1066631380833
              ],
              [
                169.355313890047,
                -45.1071406253386
              ],
              [
                169.355329076458,
                -45.1073058420235
              ],
              [
                169.354971932787,
                -45.1074892927701
              ],
              [
                169.354286332931,
                -45.1076876991579
              ],
              [
                169.354266992258,
                -45.1078275101239
              ],
              [
                169.35391116325,
                -45.1079668618646
              ],
              [
                169.353727070515,
                -45.1081468856659
              ],
              [
                169.35430369551,
                -45.1085618260892
              ],
              [
                169.35427007823,
                -45.1089851428654
              ],
              [
                169.354571030816,
                -45.109749417588
              ],
              [
                169.354450746486,
                -45.110086223107
              ],
              [
                169.354959426352,
                -45.1111285110512
              ],
              [
                169.355649957887,
                -45.1118726208149
              ],
              [
                169.356198854846,
                -45.1123019928439
              ],
              [
                169.356742721735,
                -45.1125867360008
              ]
            ]
          ],
          [
            [
              [
                169.3619098352,
                -45.1196196618806
              ],
              [
                169.361881569425,
                -45.1189584195673
              ],
              [
                169.361893263431,
                -45.1195493873178
              ],
              [
                169.3619098352,
                -45.1196196618806
              ]
            ]
          ],
          [
            [
              [
                169.36214781743,
                -45.1206966721062
              ],
              [
                169.36215276165,
                -45.1206498043975
              ],
              [
                169.3619098352,
                -45.1196196618806
              ],
              [
                169.361916045187,
                -45.1197649348018
              ],
              [
                169.36214781743,
                -45.1206966721062
              ]
            ]
          ],
          [
            [
              [
                169.362125047812,
                -45.120912509374
              ],
              [
                169.36214982418,
                -45.1207047387135
              ],
              [
                169.36214781743,
                -45.1206966721062
              ],
              [
                169.362125047812,
                -45.120912509374
              ]
            ]
          ],
          [
            [
              [
                169.362254157696,
                -45.1222005099794
              ],
              [
                169.362131765584,
                -45.1220526080774
              ],
              [
                169.362029518717,
                -45.1218180275505
              ],
              [
                169.362125047812,
                -45.120912509374
              ],
              [
                169.362015723789,
                -45.1218292637726
              ],
              [
                169.362089140358,
                -45.1220354359466
              ],
              [
                169.362254157696,
                -45.1222005099794
              ]
            ]
          ],
          [
            [
              [
                169.362483733759,
                -45.1224779327772
              ],
              [
                169.362459867979,
                -45.1224062887659
              ],
              [
                169.362254157696,
                -45.1222005099794
              ],
              [
                169.362483733759,
                -45.1224779327772
              ]
            ]
          ],
          [
            [
              [
                169.362496865644,
                -45.1230869010898
              ],
              [
                169.362543180794,
                -45.1225497690606
              ],
              [
                169.362483733759,
                -45.1224779327772
              ],
              [
                169.36250950087,
                -45.1225552860498
              ],
              [
                169.362457562864,
                -45.1229766394397
              ],
              [
                169.362496865644,
                -45.1230869010898
              ]
            ]
          ],
          [
            [
              [
                169.362516123204,
                -45.1231409283311
              ],
              [
                169.362496865644,
                -45.1230869010898
              ],
              [
                169.362496046675,
                -45.1230963943728
              ],
              [
                169.362516123204,
                -45.1231409283311
              ]
            ]
          ],
          [
            [
              [
                169.366208033133,
                -45.1300218225728
              ],
              [
                169.365888505776,
                -45.1297535057603
              ],
              [
                169.364519753304,
                -45.1292470340315
              ],
              [
                169.36403607746,
                -45.128966884081
              ],
              [
                169.363607219423,
                -45.1286626905788
              ],
              [
                169.363382966185,
                -45.1283791287974
              ],
              [
                169.363088418282,
                -45.1273033555385
              ],
              [
                169.363105386184,
                -45.1259221408494
              ],
              [
                169.362705678676,
                -45.1251595945162
              ],
              [
                169.362522240105,
                -45.1245582107229
              ],
              [
                169.362727377977,
                -45.1236095244014
              ],
              [
                169.362516123204,
                -45.1231409283311
              ],
              [
                169.362686524837,
                -45.1236189760167
              ],
              [
                169.362506238521,
                -45.1245246061882
              ],
              [
                169.362658026355,
                -45.1251214915422
              ],
              [
                169.363070115623,
                -45.1258800021854
              ],
              [
                169.363041458939,
                -45.1272139240945
              ],
              [
                169.363328394812,
                -45.1283148389327
              ],
              [
                169.363532460235,
                -45.1286287782502
              ],
              [
                169.364389942198,
                -45.1292259026893
              ],
              [
                169.365811350638,
                -45.1297734474288
              ],
              [
                169.366208033133,
                -45.1300218225728
              ]
            ]
          ],
          [
            [
              [
                169.366312126046,
                -45.1301092318428
              ],
              [
                169.366249474171,
                -45.1300477699705
              ],
              [
                169.366208033133,
                -45.1300218225728
              ],
              [
                169.366312126046,
                -45.1301092318428
              ]
            ]
          ],
          [
            [
              [
                169.360941083691,
                -45.116631702259
              ],
              [
                169.361109391102,
                -45.116995567252
              ],
              [
                169.361867106678,
                -45.1179478713311
              ],
              [
                169.361935648365,
                -45.1182679860452
              ],
              [
                169.361901628527,
                -45.1186463880982
              ],
              [
                169.361951210333,
                -45.1182937441914
              ],
              [
                169.361867190915,
                -45.117910162763
              ],
              [
                169.361072385551,
                -45.1168920567818
              ],
              [
                169.360941083691,
                -45.116631702259
              ]
            ]
          ],
          [
            [
              [
                169.360524321739,
                -45.1158053008475
              ],
              [
                169.360941083691,
                -45.116631702259
              ],
              [
                169.360620164546,
                -45.1159378924202
              ],
              [
                169.360524321739,
                -45.1158053008475
              ]
            ]
          ],
          [
            [
              [
                169.357436993202,
                -45.1129502164797
              ],
              [
                169.358084519144,
                -45.1132892148495
              ],
              [
                169.358514455297,
                -45.1143729648292
              ],
              [
                169.359385339143,
                -45.1148100851554
              ],
              [
                169.359635609543,
                -45.1151491914319
              ],
              [
                169.36016057053,
                -45.1155483712955
              ],
              [
                169.360398653036,
                -45.1156314482363
              ],
              [
                169.360524321739,
                -45.1158053008475
              ],
              [
                169.360426121901,
                -45.1156105773297
              ],
              [
                169.360177026553,
                -45.1155199772558
              ],
              [
                169.359668501852,
                -45.1151332953743
              ],
              [
                169.359411978721,
                -45.1147895588955
              ],
              [
                169.358548798261,
                -45.1143560072876
              ],
              [
                169.358113583734,
                -45.1132704109547
              ],
              [
                169.357436993202,
                -45.1129502164797
              ]
            ]
          ],
          [
            [
              [
                169.356742721735,
                -45.1125867360008
              ],
              [
                169.356993578249,
                -45.1127403666324
              ],
              [
                169.357436993202,
                -45.1129502164797
              ],
              [
                169.356742721735,
                -45.1125867360008
              ]
            ]
          ]
        ]
      },
      "properties": {
        "OBJECTID": 4505,
        "NaPALIS_ID": 2800509,
        "Name": "Marginal Strip - Waikerikeri Creek",
        "Type": "MARGINAL_STRIP",
        "Legislation": "CONSERVATION_ACT",
        "Section": "S24_1_2_MOVEABLE_MARGINAL_STRIP",
        "Conservation_Unit_Number": "G41115",
        "Recorded_Area": 27.9
      }
    },
    {
      "type": "Feature",
      "id": 8161,
      "geometry": {
        "type": "Polygon",
        "coordinates": [
          [
            [
              174.033949933278,
              -35.1911949155558
            ],
            [
              174.034172533531,
              -35.1907566155973
            ],
            [
              174.034365716841,
              -35.190763599079
            ],
            [
              174.035147133993,
              -35.1912972992508
            ],
            [
              174.035146433686,
              -35.1914120656552
            ],
            [
              174.034081782619,
              -35.1916596660523
            ],
            [
              174.034132216645,
              -35.191291115833
            ],
            [
              174.033949933278,
              -35.1911949155558
            ]
          ]
        ]
      },
      "properties": {
        "OBJECTID": 8161,
        "NaPALIS_ID": 3788840,
        "Name": "Scenic Reserve - Dove Bay - Kerikeri",
        "Type": "RESERVE",
        "Legislation": "RESERVES_ACT",
        "Section": "S19_1_A_SCENIC_RESERVE",
        "Conservation_Unit_Number": null,
        "Recorded_Area": 0.6
      }
    },
    {
      "type": "Feature",
      "id": 3695,
      "geometry": {
        "type": "MultiPolygon",
        "coordinates": [
          [
            [
              [
                173.732084849427,
                -35.4496283992424
              ],
              [
                173.731968899965,
                -35.4496268653326
              ],
              [
                173.731936883633,
                -35.4493887823759
              ],
              [
                173.732223183121,
                -35.4492112662831
              ],
              [
                173.732084849427,
                -35.4496283992424
              ]
            ]
          ],
          [
            [
              [
                173.732263399401,
                -35.4491066993159
              ],
              [
                173.732416082634,
                -35.4484928321821
              ],
              [
                173.731177816899,
                -35.4475963319135
              ],
              [
                173.73136109971,
                -35.4468263991861
              ],
              [
                173.731589417415,
                -35.4465182823991
              ],
              [
                173.731819950637,
                -35.4458872823205
              ],
              [
                173.732227016421,
                -35.445887765201
              ],
              [
                173.732445133298,
                -35.4457767162954
              ],
              [
                173.73168511626,
                -35.4449574490047
              ],
              [
                173.731543649774,
                -35.4442635822464
              ],
              [
                173.731682866596,
                -35.4438148989736
              ],
              [
                173.73293778312,
                -35.4426640821835
              ],
              [
                173.732748450202,
                -35.4418080156444
              ],
              [
                173.733294333239,
                -35.4420579659862
              ],
              [
                173.733338683456,
                -35.442191049398
              ],
              [
                173.733174133711,
                -35.4429195652176
              ],
              [
                173.733240449675,
                -35.4433283996206
              ],
              [
                173.733128367375,
                -35.4446170986519
              ],
              [
                173.733210117486,
                -35.4453966486671
              ],
              [
                173.733145266688,
                -35.445651849726
              ],
              [
                173.732995565973,
                -35.4458419995188
              ],
              [
                173.732198617297,
                -35.4461568654521
              ],
              [
                173.731873249729,
                -35.4463474993766
              ],
              [
                173.731890582598,
                -35.4468189318832
              ],
              [
                173.731680234114,
                -35.4471932325624
              ],
              [
                173.731720733529,
                -35.4472704327927
              ],
              [
                173.732097833366,
                -35.4471614323259
              ],
              [
                173.732351633729,
                -35.4473131325183
              ],
              [
                173.732486650236,
                -35.4475216655117
              ],
              [
                173.732494132592,
                -35.4476222995923
              ],
              [
                173.732272433715,
                -35.4479853318322
              ],
              [
                173.732276650134,
                -35.4480608151855
              ],
              [
                173.73253678332,
                -35.4482513494971
              ],
              [
                173.732482999944,
                -35.4485017988641
              ],
              [
                173.732516700252,
                -35.4488081157863
              ],
              [
                173.732460649869,
                -35.4489395156231
              ],
              [
                173.732263399401,
                -35.4491066993159
              ]
            ]
          ],
          [
            [
              [
                173.732319683336,
                -35.454054998958
              ],
              [
                173.732021182984,
                -35.4539080828303
              ],
              [
                173.731827583128,
                -35.4540573160662
              ],
              [
                173.731422899865,
                -35.4533302158099
              ],
              [
                173.730539833762,
                -35.4535169160412
              ],
              [
                173.730658182946,
                -35.4527730488947
              ],
              [
                173.73155226717,
                -35.4515322159965
              ],
              [
                173.731949216333,
                -35.4513193154584
              ],
              [
                173.732460466268,
                -35.4508208322189
              ],
              [
                173.732529132804,
                -35.4504739988447
              ],
              [
                173.733027567113,
                -35.4498548154802
              ],
              [
                173.73301383294,
                -35.4495733992999
              ],
              [
                173.732767933506,
                -35.4495451826791
              ],
              [
                173.732509850494,
                -35.4496087655188
              ],
              [
                173.732372333759,
                -35.4498536493013
              ],
              [
                173.732249132861,
                -35.4499723490584
              ],
              [
                173.732217899742,
                -35.449943082411
              ],
              [
                173.73216679983,
                -35.4496026992491
              ],
              [
                173.732364066857,
                -35.4491279158676
              ],
              [
                173.732566183109,
                -35.4489072326694
              ],
              [
                173.732582166717,
                -35.4484306986957
              ],
              [
                173.732653933699,
                -35.4482463990122
              ],
              [
                173.73244140026,
                -35.4480665492886
              ],
              [
                173.732396932959,
                -35.4479275659784
              ],
              [
                173.73259285005,
                -35.4475283659713
              ],
              [
                173.732702767091,
                -35.4474441995287
              ],
              [
                173.732549466709,
                -35.4474466157678
              ],
              [
                173.732241682876,
                -35.4470965326218
              ],
              [
                173.731826733597,
                -35.4471213493146
              ],
              [
                173.731962050095,
                -35.446759732447
              ],
              [
                173.73199031711,
                -35.4463425653817
              ],
              [
                173.732446333486,
                -35.4461316159727
              ],
              [
                173.733089599537,
                -35.4459452160569
              ],
              [
                173.733254732936,
                -35.4458327156668
              ],
              [
                173.733332283724,
                -35.4456597827029
              ],
              [
                173.733273117019,
                -35.4443509991119
              ],
              [
                173.733734899604,
                -35.4443285320409
              ],
              [
                173.73370221678,
                -35.4438786658327
              ],
              [
                173.733284416396,
                -35.443898982081
              ],
              [
                173.733332732941,
                -35.4434913657155
              ],
              [
                173.733615900346,
                -35.4432831162235
              ],
              [
                173.733731999904,
                -35.4430843823158
              ],
              [
                173.733357933758,
                -35.4427673993681
              ],
              [
                173.733363849582,
                -35.4424925321714
              ],
              [
                173.733480999574,
                -35.4421434160918
              ],
              [
                173.734369366789,
                -35.4425501490253
              ],
              [
                173.734001282862,
                -35.4428786489626
              ],
              [
                173.734019533788,
                -35.4431050487163
              ],
              [
                173.733903933601,
                -35.4433289819791
              ],
              [
                173.73438815008,
                -35.4438663488709
              ],
              [
                173.735405782875,
                -35.4445157826205
              ],
              [
                173.735590217249,
                -35.4434658161633
              ],
              [
                173.735981117192,
                -35.4432903326132
              ],
              [
                173.736102633249,
                -35.4433461326649
              ],
              [
                173.735690132785,
                -35.4435877988561
              ],
              [
                173.735506900305,
                -35.4446636662216
              ],
              [
                173.735544866527,
                -35.4450552320978
              ],
              [
                173.735815782889,
                -35.4453903658003
              ],
              [
                173.7355825498,
                -35.4455922155705
              ],
              [
                173.735460199664,
                -35.4462789494603
              ],
              [
                173.735516566172,
                -35.4470405659369
              ],
              [
                173.73535864998,
                -35.4473842155459
              ],
              [
                173.734867366924,
                -35.4477926487923
              ],
              [
                173.73489065031,
                -35.4479891990178
              ],
              [
                173.735034499875,
                -35.4480762326104
              ],
              [
                173.735000316673,
                -35.4486217323659
              ],
              [
                173.734104900045,
                -35.4506439160738
              ],
              [
                173.732702499925,
                -35.4514513993076
              ],
              [
                173.732733833109,
                -35.4521247660087
              ],
              [
                173.732421416796,
                -35.4523560828437
              ],
              [
                173.732039999854,
                -35.4523500822511
              ],
              [
                173.732272466422,
                -35.4526789827421
              ],
              [
                173.732298683601,
                -35.4529580654145
              ],
              [
                173.732718533733,
                -35.4534056324562
              ],
              [
                173.733111932956,
                -35.4534503994757
              ],
              [
                173.733345283385,
                -35.4536646825323
              ],
              [
                173.733089599816,
                -35.4537920322313
              ],
              [
                173.732805999642,
                -35.4538006662317
              ],
              [
                173.732663866735,
                -35.4540203157507
              ],
              [
                173.732319683336,
                -35.454054998958
              ]
            ]
          ]
        ]
      },
      "properties": {
        "OBJECTID": 3695,
        "NaPALIS_ID": 2797517,
        "Name": "Te-Rere-O-Te-Kerikeri Conservation Area",
        "Type": "CONSERVATION_AREA",
        "Legislation": "CONSERVATION_ACT",
        "Section": "S25_STEWARDSHIP_AREA",
        "Conservation_Unit_Number": "P06002",
        "Recorded_Area": 29.1
      }
    },
    {
      "type": "Feature",
      "id": 6895,
      "geometry": {
        "type": "Polygon",
        "coordinates": [
          [
            [
              169.346003966816,
              -45.080358548767
            ],
            [
              169.346312500697,
              -45.0803584158548
            ],
            [
              169.347313449389,
              -45.0792039813304
            ],
            [
              169.350013716247,
              -45.07709933207
            ],
            [
              169.350292349659,
              -45.0766619148575
            ],
            [
              169.368432583016,
              -45.0940008992724
            ],
            [
              169.368565100087,
              -45.0951935485821
            ],
            [
              169.365659567219,
              -45.0994358649379
            ],
            [
              169.363572850085,
              -45.1000045986884
            ],
            [
              169.362168749224,
              -45.1003065485781
            ],
            [
              169.360505549889,
              -45.1002987317913
            ],
            [
              169.357782167022,
              -45.099976682396
            ],
            [
              169.358115382217,
              -45.0989982486613
            ],
            [
              169.359281666754,
              -45.0985413816657
            ],
            [
              169.358211565908,
              -45.0977704485421
            ],
            [
              169.357227483362,
              -45.0982270820762
            ],
            [
              169.354430500611,
              -45.0988727315819
            ],
            [
              169.354163083614,
              -45.0993104318565
            ],
            [
              169.352526450385,
              -45.0990952984015
            ],
            [
              169.352096832823,
              -45.0989226986256
            ],
            [
              169.351583933414,
              -45.0981515647595
            ],
            [
              169.351375683453,
              -45.0967363318488
            ],
            [
              169.350711816898,
              -45.0961339482376
            ],
            [
              169.35070138246,
              -45.0960136317551
            ],
            [
              169.350011066237,
              -45.0959366155862
            ],
            [
              169.349415049034,
              -45.0956266316236
            ],
            [
              169.348419000706,
              -45.0947498481904
            ],
            [
              169.347665583317,
              -45.0947308819648
            ],
            [
              169.344552699927,
              -45.0936585321077
            ],
            [
              169.343698315632,
              -45.0925655316234
            ],
            [
              169.342646283405,
              -45.0917512647558
            ],
            [
              169.340664649081,
              -45.0920566652702
            ],
            [
              169.340876616512,
              -45.091446565241
            ],
            [
              169.340912550544,
              -45.0901084321547
            ],
            [
              169.340501865926,
              -45.088014715415
            ],
            [
              169.340569282208,
              -45.0871299648366
            ],
            [
              169.341248350289,
              -45.0846496155886
            ],
            [
              169.343001850001,
              -45.0823644984491
            ],
            [
              169.344329583258,
              -45.0815910647945
            ],
            [
              169.345668249683,
              -45.0803538148568
            ],
            [
              169.346003966816,
              -45.080358548767
            ]
          ]
        ]
      },
      "properties": {
        "OBJECTID": 6895,
        "NaPALIS_ID": 2800507,
        "Name": "Waikerikeri Conservation Area",
        "Type": "CONSERVATION_AREA",
        "Legislation": "CONSERVATION_ACT",
        "Section": "S7_CONSERVATION_PURPOSES",
        "Conservation_Unit_Number": "G41112",
        "Recorded_Area": 329
      }
    }
  ]
}
