{
  "type": "FeatureCollection",
  "features": [
    {
      "type": "Feature",
      "id": 294,
      "geometry": {
        "type": "Polygon",
        "coordinates": [
          [
            [
              175.53568013404,
              -37.4771741492836
            ],
            [
              175.534962366122,
              -37.4773827486455
            ],
            [
              175.533276866184,
              -37.4743293154134
            ],
            [
              175.532672100331,
              -37.4729760823456
            ],
            [
              175.532611483354,
              -37.472476065566
            ],
            [
              175.530640400458,
              -37.4691021656987
            ],
            [
              175.530038566953,
              -37.4686509151784
            ],
            [
              175.529645000317,
              -37.4680759324405
            ],
            [
              175.529562316585,
              -37.4674367488306
            ],
            [
              175.526916783358,
              -37.462264666333
            ],
            [
              175.526776533299,
              -37.4613749323014
            ],
            [
              175.526817766725,
              -37.4598423661542
            ],
            [
              175.526639782853,
              -37.4586123490959
            ],
            [
              175.52585255027,
              -37.4565911656427
            ],
            [
              175.52600983369,
              -37.4565785659257
            ],
            [
              175.526953216307,
              -37.4590334489772
            ],
            [
              175.526859616513,
              -37.4613684822311
            ],
            [
              175.527016283863,
              -37.4622349659262
            ],
            [
              175.527666833107,
              -37.4633422152535
            ],
            [
              175.530018150584,
              -37.4677649991576
            ],
            [
              175.530004667566,
              -37.4680106156042
            ],
            [
              175.530091617574,
              -37.4682788319416
            ],
            [
              175.530329515976,
              -37.4685092992915
            ],
            [
              175.530478400858,
              -37.4685610651032
            ],
            [
              175.534462733579,
              -37.4749601821302
            ],
            [
              175.53450768286,
              -37.4752655155683
            ],
            [
              175.534835883973,
              -37.4755175824452
            ],
            [
              175.53568013404,
              -37.4771741492836
            ]
          ]
        ]
      },
      "properties": {
        "OBJECTID": 294,
        "NaPALIS_ID": 2794652,
        "Name": "Conservation Area - Kopuatai",
        "Type": "CONSERVATION_AREA",
        "Legislation": "CONSERVATION_ACT",
        "Section": "S25_STEWARDSHIP_AREA",
        "Conservation_Unit_Number": "T13533",
        "Recorded_Area": 5.5
      }
    },
    {
      "type": "Feature",
      "id": 457,
      "geometry": {
        "type": "Polygon",
        "coordinates": [
          [
            [
              176.270390433765,
              -40.0786868484339
            ],
            [
              176.270916683557,
              -40.0788813152291
            ],
            [
              176.270728532916,
              -40.0791900318781
            ],
            [
              176.270191134069,
              -40.0790047991013
            ],
            [
              176.270390433765,
              -40.0786868484339
            ]
          ]
        ]
      },
      "properties": {
        "OBJECTID": 457,
        "NaPALIS_ID": 2802849,
        "Name": "Kopua Road No 1 Gravel Reserve",
        "Type": "RESERVE",
        "Legislation": "RESERVES_ACT",
        "Section": "S23_LOCAL_PURPOSE_RESERVE",
        "Conservation_Unit_Number": "80249",
        "Recorded_Area": 0.2
      }
    },
    {
      "type": "Feature",
      "id": 5405,
      "geometry": {
        "type": "Polygon",
        "coordinates": [
          [
            [
              176.255344266766,
              -40.0688403822855
            ],
            [
              176.255584233845,
              -40.0686128983186
            ],
            [
              176.256193816698,
              -40.0689715152394
            ],
            [
              176.256043049661,
              -40.0691753986885
            ],
            [
              176.255344266766,
              -40.0688403822855
            ]
          ]
        ]
      },
      "properties": {
        "OBJECTID": 5405,
        "NaPALIS_ID": 2802850,
        "Name": "Kopua Road No 2 Gravel Reserve",
        "Type": "RESERVE",
        "Legislation": "RESERVES_ACT",
        "Section": "S23_LOCAL_PURPOSE_RESERVE",
        "Conservation_Unit_Number": "80250",
        "Recorded_Area": 0.2
      }
    },
    {
      "type": "Feature",
      "id": 7771,
      "geometry": {
        "type": "Polygon",
        "coordinates": [
          [
            [
              176.246859867388,
              -40.0633534317411
            ],
            [
              176.247027282923,
              -40.0632489151824
            ],
            [
              176.247375266504,
              -40.0632807818609
            ],
            [
              176.247553916289,
              -40.0634779985526
            ],
            [
              176.24730030051,
              -40.0636830824321
            ],
            [
              176.246859867388,
              -40.0633534317411
            ]
          ]
        ]
      },
      "properties": {
        "OBJECTID": 7771,
        "NaPALIS_ID": 2802851,
        "Name": "Kopua Road No 3 Gravel Reserve",
        "Type": "RESERVE",
        "Legislation": "RESERVES_ACT",
        "Section": "S23_LOCAL_PURPOSE_RESERVE",
        "Conservation_Unit_Number": "80251",
        "Recorded_Area": 0.3
      }
    },
    {
      "type": "Feature",
      "id": 5337,
      "geometry": {
        "type": "MultiPolygon",
        "coordinates": [
          [
            [
              [
                178.154408302021,
                -37.7250068413185
              ],
              [
                178.154504968333,
                -37.7252138914395
              ],
              [
                178.153762301208,
                -37.7250438579256
              ],
              [
                178.153760868588,
                -37.723620341934
              ],
              [
                178.154408302021,
                -37.7250068413185
              ]
            ]
          ],
          [
            [
              [
                178.158687835615,
                -37.7282111582455
              ],
              [
                178.159304235162,
                -37.7281994419313
              ],
              [
                178.159632901171,
                -37.7282594417022
              ],
              [
                178.160274018804,
                -37.7288542585014
              ],
              [
                178.159866051496,
                -37.7289929249128
              ],
              [
                178.159337951582,
                -37.7290166409551
              ],
              [
                178.158772985475,
                -37.7292420742252
              ],
              [
                178.158433385681,
                -37.7295615087716
              ],
              [
                178.158311901649,
                -37.7298064411687
              ],
              [
                178.157898951818,
                -37.730147524915
              ],
              [
                178.1577137517,
                -37.7306289917149
              ],
              [
                178.157507818175,
                -37.7307472919477
              ],
              [
                178.155372435178,
                -37.7315216752756
              ],
              [
                178.153769302095,
                -37.732006175034
              ],
              [
                178.153762769145,
                -37.7255102746537
              ],
              [
                178.154301185832,
                -37.7256576743334
              ],
              [
                178.155229301823,
                -37.7265635248439
              ],
              [
                178.157028634825,
                -37.7276108422094
              ],
              [
                178.157325985385,
                -37.7277613080484
              ],
              [
                178.157786569241,
                -37.7278874411569
              ],
              [
                178.158104951419,
                -37.7281014588951
              ],
              [
                178.158687835615,
                -37.7282111582455
              ]
            ]
          ]
        ]
      },
      "properties": {
        "OBJECTID": 5337,
        "NaPALIS_ID": 2802921,
        "Name": "Kopuapounamu Conservation Area",
        "Type": "CONSERVATION_AREA",
        "Legislation": "CONSERVATION_ACT",
        "Section": "S25_STEWARDSHIP_AREA",
        "Conservation_Unit_Number": "80367",
        "Recorded_Area": 20.9
      }
    },
    {
      "type": "Feature",
      "id": 10830,
      "geometry": {
        "type": "Polygon",
        "coordinates": [
          [
            [
              175.517452400018,
              -37.3486702159639
            ],
            [
              175.518577632766,
              -37.3488117492743
            ],
            [
              175.518475682921,
              -37.3479180321693
            ],
            [
              175.518754500116,
              -37.3474278496154
            ],
            [
              175.519630634047,
              -37.3447734984727
            ],
            [
              175.522205117478,
              -37.3427991995095
            ],
            [
              175.522899967422,
              -37.342433082942
            ],
            [
              175.526030784073,
              -37.3414977984769
            ],
            [
              175.526471082566,
              -37.3410673652934
            ],
            [
              175.542892267136,
              -37.3409327991853
            ],
            [
              175.550577799955,
              -37.3466927656608
            ],
            [
              175.567717266706,
              -37.3650949656154
            ],
            [
              175.569818482525,
              -37.3695230655361
            ],
            [
              175.574264100896,
              -37.3793245491336
            ],
            [
              175.575405683372,
              -37.3852110485893
            ],
            [
              175.576109867294,
              -37.3851322484371
            ],
            [
              175.57616265007,
              -37.3854147325457
            ],
            [
              175.575459316378,
              -37.385487565176
            ],
            [
              175.577915483086,
              -37.3981493326105
            ],
            [
              175.578481499935,
              -37.3978241986536
            ],
            [
              175.577745817498,
              -37.3938875830089
            ],
            [
              175.593053583638,
              -37.393718231769
            ],
            [
              175.593246450233,
              -37.3961255990362
            ],
            [
              175.593468050808,
              -37.3961248159685
            ],
            [
              175.592965599429,
              -37.3899653321874
            ],
            [
              175.593608966554,
              -37.3899302323223
            ],
            [
              175.594089217293,
              -37.3961318992061
            ],
            [
              175.60880186651,
              -37.3959910821404
            ],
            [
              175.608570966318,
              -37.3964601985868
            ],
            [
              175.608666383022,
              -37.3965689822582
            ],
            [
              175.588444416389,
              -37.3966971490232
            ],
            [
              175.579213566286,
              -37.4020188484449
            ],
            [
              175.581071817586,
              -37.4115854327642
            ],
            [
              175.580656766668,
              -37.4118146320496
            ],
            [
              175.578799966782,
              -37.4022570988768
            ],
            [
              175.573616850596,
              -37.4052443159054
            ],
            [
              175.579250499877,
              -37.4125908827701
            ],
            [
              175.579953416132,
              -37.4137085489924
            ],
            [
              175.587866133165,
              -37.4239993324894
            ],
            [
              175.608956016607,
              -37.4137314323356
            ],
            [
              175.609455700715,
              -37.4137284656875
            ],
            [
              175.610625900408,
              -37.4186933996404
            ],
            [
              175.613765100597,
              -37.4285626659397
            ],
            [
              175.59762358349,
              -37.4364477659672
            ],
            [
              175.610713649868,
              -37.4534771487417
            ],
            [
              175.609982016134,
              -37.4548831656613
            ],
            [
              175.606086016518,
              -37.4616782493942
            ],
            [
              175.618803382757,
              -37.4679368995486
            ],
            [
              175.616371634046,
              -37.4725936989123
            ],
            [
              175.60343040023,
              -37.4674611823857
            ],
            [
              175.601206617422,
              -37.4717914490431
            ],
            [
              175.599409050189,
              -37.4819589657994
            ],
            [
              175.595577750088,
              -37.4815485495267
            ],
            [
              175.590082482918,
              -37.4830093655886
            ],
            [
              175.588847300887,
              -37.4864851155106
            ],
            [
              175.589460483631,
              -37.4881271991987
            ],
            [
              175.589044749677,
              -37.4885742322705
            ],
            [
              175.571283633567,
              -37.4849217153213
            ],
            [
              175.56738745071,
              -37.4971135491002
            ],
            [
              175.566808849783,
              -37.4974243995162
            ],
            [
              175.566269149496,
              -37.4967009656181
            ],
            [
              175.565835199911,
              -37.4963621989629
            ],
            [
              175.565367949816,
              -37.4962964824302
            ],
            [
              175.564932500682,
              -37.4961248822588
            ],
            [
              175.564447233821,
              -37.496141898863
            ],
            [
              175.563441399901,
              -37.4956909817212
            ],
            [
              175.563251733661,
              -37.495465032827
            ],
            [
              175.56293416621,
              -37.4946136992787
            ],
            [
              175.562638199536,
              -37.4942883326247
            ],
            [
              175.565980216078,
              -37.4837993986928
            ],
            [
              175.546921982692,
              -37.4798583324999
            ],
            [
              175.54762935015,
              -37.4789078322836
            ],
            [
              175.547823033792,
              -37.4787237989676
            ],
            [
              175.548098233348,
              -37.4785819664174
            ],
            [
              175.548176016467,
              -37.4783608655905
            ],
            [
              175.548339016734,
              -37.4782139824339
            ],
            [
              175.548399050138,
              -37.477514582556
            ],
            [
              175.548309532521,
              -37.4772686992129
            ],
            [
              175.548092717289,
              -37.4769882494999
            ],
            [
              175.547089949291,
              -37.4768807821608
            ],
            [
              175.546681016896,
              -37.476617165348
            ],
            [
              175.54579258319,
              -37.4768284159601
            ],
            [
              175.545246166938,
              -37.4766975489627
            ],
            [
              175.544176266579,
              -37.4763186320813
            ],
            [
              175.543887416645,
              -37.476030166193
            ],
            [
              175.543412016704,
              -37.4758660819732
            ],
            [
              175.542970233254,
              -37.4755525994157
            ],
            [
              175.542071133545,
              -37.4741885324026
            ],
            [
              175.541922749871,
              -37.4740008484851
            ],
            [
              175.541621349944,
              -37.4738133995176
            ],
            [
              175.542745650506,
              -37.4728730489838
            ],
            [
              175.535781249383,
              -37.4731554821502
            ],
            [
              175.535674917016,
              -37.4733230155796
            ],
            [
              175.534906766079,
              -37.4739469823536
            ],
            [
              175.534637034072,
              -37.4743554817673
            ],
            [
              175.531054566413,
              -37.4687059655597
            ],
            [
              175.527394899739,
              -37.4620547825149
            ],
            [
              175.527279949768,
              -37.4614781151961
            ],
            [
              175.527376484002,
              -37.4598847991705
            ],
            [
              175.527305800575,
              -37.4588940824568
            ],
            [
              175.534774116916,
              -37.4580383322945
            ],
            [
              175.534649349802,
              -37.4572649991818
            ],
            [
              175.527074533167,
              -37.4581352991473
            ],
            [
              175.519237666584,
              -37.4383051158208
            ],
            [
              175.519634284212,
              -37.4375812161896
            ],
            [
              175.519573250041,
              -37.4370081486665
            ],
            [
              175.519798917183,
              -37.4366033663969
            ],
            [
              175.51993231606,
              -37.4360036154124
            ],
            [
              175.519702316387,
              -37.4348046819893
            ],
            [
              175.519376566768,
              -37.4342161995569
            ],
            [
              175.519079750042,
              -37.4337255152241
            ],
            [
              175.518544716736,
              -37.4330564489999
            ],
            [
              175.517396516011,
              -37.4323398652712
            ],
            [
              175.517263799964,
              -37.4321365324043
            ],
            [
              175.516715150295,
              -37.4316736489931
            ],
            [
              175.516135716205,
              -37.4313280325804
            ],
            [
              175.51483013289,
              -37.4309942657473
            ],
            [
              175.514422033402,
              -37.4308008819322
            ],
            [
              175.513205916728,
              -37.4304813825696
            ],
            [
              175.511662850735,
              -37.4302665997038
            ],
            [
              175.511406150668,
              -37.4301388988907
            ],
            [
              175.511286349934,
              -37.4299810825711
            ],
            [
              175.511205016602,
              -37.4296760819351
            ],
            [
              175.511348833349,
              -37.4290395320205
            ],
            [
              175.511601683953,
              -37.4289522483801
            ],
            [
              175.512291816807,
              -37.4288907824941
            ],
            [
              175.512607800026,
              -37.4288022658437
            ],
            [
              175.513670650106,
              -37.4282622326136
            ],
            [
              175.514634982819,
              -37.4276028491456
            ],
            [
              175.515410083036,
              -37.4273200655598
            ],
            [
              175.516209366465,
              -37.4268926654865
            ],
            [
              175.517139234173,
              -37.426050898894
            ],
            [
              175.51747760051,
              -37.4255775661197
            ],
            [
              175.517693716141,
              -37.4254177827685
            ],
            [
              175.518569316444,
              -37.4242201491916
            ],
            [
              175.519016633908,
              -37.4239254328491
            ],
            [
              175.519921465929,
              -37.4235691661485
            ],
            [
              175.520537883084,
              -37.4231727651606
            ],
            [
              175.521281349509,
              -37.4218838818927
            ],
            [
              175.521361766468,
              -37.4213355163903
            ],
            [
              175.521230766024,
              -37.4209125320167
            ],
            [
              175.520970783599,
              -37.4206796657042
            ],
            [
              175.520697466539,
              -37.4205706154664
            ],
            [
              175.520523349329,
              -37.4204207159718
            ],
            [
              175.520446016754,
              -37.4201522653641
            ],
            [
              175.52055880079,
              -37.4199944822243
            ],
            [
              175.521156017062,
              -37.4199942652665
            ],
            [
              175.522088116997,
              -37.4202345819649
            ],
            [
              175.522667400321,
              -37.419937265647
            ],
            [
              175.523277383525,
              -37.4192458323569
            ],
            [
              175.52362603402,
              -37.4191017488956
            ],
            [
              175.524843850653,
              -37.4192060489918
            ],
            [
              175.526590999913,
              -37.4187943494967
            ],
            [
              175.528097216606,
              -37.4190302326241
            ],
            [
              175.528386750178,
              -37.419015416345
            ],
            [
              175.528655116961,
              -37.4188751656958
            ],
            [
              175.528947850579,
              -37.4185971661317
            ],
            [
              175.529136550624,
              -37.4182068156637
            ],
            [
              175.529475533406,
              -37.4177563156803
            ],
            [
              175.53010886608,
              -37.4175356987269
            ],
            [
              175.530695733804,
              -37.4174807151255
            ],
            [
              175.531127300763,
              -37.4175088659425
            ],
            [
              175.532448716598,
              -37.4177117155877
            ],
            [
              175.532690333517,
              -37.4178167825942
            ],
            [
              175.533169633326,
              -37.4179011822262
            ],
            [
              175.534665300095,
              -37.418075415139
            ],
            [
              175.535285484196,
              -37.4182576992885
            ],
            [
              175.535405715919,
              -37.4182461824899
            ],
            [
              175.536011999717,
              -37.4179871822994
            ],
            [
              175.536157384207,
              -37.4178630663951
            ],
            [
              175.536288016386,
              -37.4175447654121
            ],
            [
              175.536372683691,
              -37.4168612991172
            ],
            [
              175.536311800292,
              -37.4166611657002
            ],
            [
              175.535995350578,
              -37.4161869330045
            ],
            [
              175.53517871678,
              -37.4153289986268
            ],
            [
              175.534509749481,
              -37.4150561656031
            ],
            [
              175.533188066642,
              -37.4142058662156
            ],
            [
              175.532627033524,
              -37.4132582492725
            ],
            [
              175.532403916721,
              -37.4125556660389
            ],
            [
              175.532342816664,
              -37.4116188484783
            ],
            [
              175.532377716465,
              -37.410904331986
            ],
            [
              175.532494199753,
              -37.4104101492796
            ],
            [
              175.532741432644,
              -37.4098744991354
            ],
            [
              175.533377366854,
              -37.409283165905
            ],
            [
              175.533813800117,
              -37.4091030156338
            ],
            [
              175.533983133621,
              -37.4089189320565
            ],
            [
              175.534310532713,
              -37.4087409155517
            ],
            [
              175.534624865983,
              -37.4084212990488
            ],
            [
              175.535156683013,
              -37.4081706159322
            ],
            [
              175.535354816577,
              -37.4079905489118
            ],
            [
              175.535753000263,
              -37.4077813825732
            ],
            [
              175.535830349529,
              -37.4075030324094
            ],
            [
              175.535236450447,
              -37.4066956487032
            ],
            [
              175.534738799625,
              -37.4057536489881
            ],
            [
              175.534423550113,
              -37.4053159984148
            ],
            [
              175.533893616916,
              -37.4050793156358
            ],
            [
              175.533556466468,
              -37.4048571489342
            ],
            [
              175.532954749719,
              -37.4046195994133
            ],
            [
              175.53276228265,
              -37.4044334656238
            ],
            [
              175.532309233141,
              -37.4041769819714
            ],
            [
              175.532000116935,
              -37.4037506322475
            ],
            [
              175.531784366851,
              -37.4031897654273
            ],
            [
              175.53171281606,
              -37.4028319653709
            ],
            [
              175.531818816497,
              -37.401731699163
            ],
            [
              175.532001416337,
              -37.400693982967
            ],
            [
              175.532167733489,
              -37.4002331318297
            ],
            [
              175.532449967572,
              -37.3998066325283
            ],
            [
              175.53292670033,
              -37.3994494991553
            ],
            [
              175.533223849835,
              -37.3991324995865
            ],
            [
              175.533421799482,
              -37.3986733323312
            ],
            [
              175.533386617265,
              -37.3984681154649
            ],
            [
              175.533132666149,
              -37.3979697658986
            ],
            [
              175.532028150884,
              -37.397078582056
            ],
            [
              175.53156066758,
              -37.3968177818326
            ],
            [
              175.531376834184,
              -37.3966314827926
            ],
            [
              175.530556415931,
              -37.3961922987398
            ],
            [
              175.529974433682,
              -37.3961236324089
            ],
            [
              175.52801911657,
              -37.3961962991971
            ],
            [
              175.527384633142,
              -37.3960096822976
            ],
            [
              175.526812165983,
              -37.3956044990772
            ],
            [
              175.525322283637,
              -37.3941373818805
            ],
            [
              175.524208116517,
              -37.3935734994619
            ],
            [
              175.52359473314,
              -37.3935099993497
            ],
            [
              175.522642599842,
              -37.3935354830087
            ],
            [
              175.521382466634,
              -37.3938072157772
            ],
            [
              175.520392666851,
              -37.3939134820774
            ],
            [
              175.519904433052,
              -37.3938132164401
            ],
            [
              175.519477616827,
              -37.3935652985173
            ],
            [
              175.519296750866,
              -37.3933812155619
            ],
            [
              175.519131033414,
              -37.3928559484892
            ],
            [
              175.519159250063,
              -37.3917411989914
            ],
            [
              175.519059534111,
              -37.3904824984978
            ],
            [
              175.519132216915,
              -37.3895041491103
            ],
            [
              175.519823365916,
              -37.3886624317235
            ],
            [
              175.520187783605,
              -37.3883853496724
            ],
            [
              175.520360900245,
              -37.3881394486574
            ],
            [
              175.520513500211,
              -37.3880632485027
            ],
            [
              175.52071291683,
              -37.3878328491106
            ],
            [
              175.520929900082,
              -37.3874305159154
            ],
            [
              175.521016317223,
              -37.3869826829697
            ],
            [
              175.520929333265,
              -37.386314032081
            ],
            [
              175.520462467467,
              -37.3857031324212
            ],
            [
              175.520277900819,
              -37.3855831996292
            ],
            [
              175.520233099367,
              -37.3854232820739
            ],
            [
              175.519837716581,
              -37.3849992152675
            ],
            [
              175.519513466922,
              -37.3848179494944
            ],
            [
              175.518671517105,
              -37.3845094989378
            ],
            [
              175.517841400048,
              -37.3843037830228
            ],
            [
              175.517039483417,
              -37.3838069321749
            ],
            [
              175.515960650597,
              -37.3825307323387
            ],
            [
              175.515501833558,
              -37.3815329991883
            ],
            [
              175.515358399657,
              -37.3809844156182
            ],
            [
              175.515139532642,
              -37.3805013659204
            ],
            [
              175.51480911718,
              -37.3800296323794
            ],
            [
              175.514205150785,
              -37.3795289156167
            ],
            [
              175.513269616086,
              -37.3788859325717
            ],
            [
              175.512700333252,
              -37.3782083655034
            ],
            [
              175.512161283505,
              -37.3777635828016
            ],
            [
              175.51167735025,
              -37.3775213324956
            ],
            [
              175.5110464339,
              -37.3768906985201
            ],
            [
              175.510713349784,
              -37.3767004322398
            ],
            [
              175.510444449265,
              -37.3764516990741
            ],
            [
              175.509969200642,
              -37.3762115658031
            ],
            [
              175.509275799761,
              -37.375968815101
            ],
            [
              175.508413832794,
              -37.3757499156584
            ],
            [
              175.507962999443,
              -37.3757403656709
            ],
            [
              175.507309317247,
              -37.375851448502
            ],
            [
              175.50644870066,
              -37.3761358489
            ],
            [
              175.505685983598,
              -37.3761552326194
            ],
            [
              175.504893316841,
              -37.376502366163
            ],
            [
              175.504591100148,
              -37.3765654318884
            ],
            [
              175.50416338383,
              -37.3764684825989
            ],
            [
              175.503960067253,
              -37.3762985495543
            ],
            [
              175.503707150304,
              -37.3759167990654
            ],
            [
              175.503644417373,
              -37.3750074317725
            ],
            [
              175.503726699824,
              -37.3745162323319
            ],
            [
              175.503760649284,
              -37.3733945155155
            ],
            [
              175.503979249951,
              -37.3724888324657
            ],
            [
              175.504223699605,
              -37.3719532988792
            ],
            [
              175.504910082757,
              -37.3710725989038
            ],
            [
              175.505278183798,
              -37.3708365657179
            ],
            [
              175.505451450552,
              -37.3706377654657
            ],
            [
              175.506547082531,
              -37.3700770158387
            ],
            [
              175.508084966882,
              -37.3697161325021
            ],
            [
              175.508269115996,
              -37.3695992486224
            ],
            [
              175.508444832535,
              -37.3694255326045
            ],
            [
              175.508508166153,
              -37.3692495487516
            ],
            [
              175.508513066726,
              -37.368593065185
            ],
            [
              175.507861300307,
              -37.3672497494055
            ],
            [
              175.507631983925,
              -37.3669334986531
            ],
            [
              175.507401500071,
              -37.3663993659068
            ],
            [
              175.506784250023,
              -37.3653498824678
            ],
            [
              175.506376900338,
              -37.3643884164277
            ],
            [
              175.505886100274,
              -37.3636913487153
            ],
            [
              175.505268549324,
              -37.3632865822147
            ],
            [
              175.503336167129,
              -37.3626392823841
            ],
            [
              175.502206833811,
              -37.362323366067
            ],
            [
              175.501851132907,
              -37.3620378324601
            ],
            [
              175.501735333516,
              -37.361735231774
            ],
            [
              175.502382400496,
              -37.3603509326589
            ],
            [
              175.503710617325,
              -37.3583740494996
            ],
            [
              175.504427767374,
              -37.3579146156012
            ],
            [
              175.505283299788,
              -37.3575177825379
            ],
            [
              175.505467533296,
              -37.3573137151733
            ],
            [
              175.505872000806,
              -37.3570387161428
            ],
            [
              175.506135100881,
              -37.3565819985926
            ],
            [
              175.506338267333,
              -37.3551584825286
            ],
            [
              175.506271199831,
              -37.3544421993884
            ],
            [
              175.505951150809,
              -37.3534317650732
            ],
            [
              175.5061179828,
              -37.3517833496841
            ],
            [
              175.506897217022,
              -37.348426932251
            ],
            [
              175.507159333446,
              -37.3466946490846
            ],
            [
              175.507465799784,
              -37.3450926830388
            ],
            [
              175.507660050245,
              -37.3444910657427
            ],
            [
              175.507706666554,
              -37.3439673993794
            ],
            [
              175.508044133216,
              -37.3430953990554
            ],
            [
              175.508142499907,
              -37.3426097324285
            ],
            [
              175.508775466713,
              -37.3412099493698
            ],
            [
              175.508966750168,
              -37.3412084325275
            ],
            [
              175.508514649582,
              -37.3421700991207
            ],
            [
              175.508749384171,
              -37.3425131160756
            ],
            [
              175.50871014976,
              -37.3427635322083
            ],
            [
              175.511163516469,
              -37.3433115324782
            ],
            [
              175.51216843306,
              -37.3438204985483
            ],
            [
              175.512910083548,
              -37.3442937822597
            ],
            [
              175.513375966912,
              -37.3448950823943
            ],
            [
              175.513585750667,
              -37.3459943659652
            ],
            [
              175.514295949924,
              -37.3464111494216
            ],
            [
              175.51436161642,
              -37.3470227825074
            ],
            [
              175.516768516709,
              -37.3481563824554
            ],
            [
              175.517452400018,
              -37.3486702159639
            ]
          ],
          [
            [
              175.567750832671,
              -37.3867262996789
            ],
            [
              175.568312366213,
              -37.3873824318025
            ],
            [
              175.5689741676,
              -37.3872988158861
            ],
            [
              175.568891349355,
              -37.3861675321542
            ],
            [
              175.567750832671,
              -37.3867262996789
            ]
          ]
        ]
      },
      "properties": {
        "OBJECTID": 10830,
        "NaPALIS_ID": 2794502,
        "Name": "Kopuatai Wetland Management Reserve",
        "Type": "RESERVE",
        "Legislation": "RESERVES_ACT",
        "Section": "S22_GOVERNMENT_PURPOSE_RESERVE",
        "Conservation_Unit_Number": "T13501",
        "Recorded_Area": 9179.1
      }
    },
    {
      "type": "Feature",
      "id": 8435,
      "geometry": {
        "type": "Polygon",
        "coordinates": [
          [
            [
              175.973653783746,
              -39.7390395488899
            ],
            [
              175.973266883333,
              -39.7394162490299
            ],
            [
              175.973239049466,
              -39.7399140828126
            ],
            [
              175.973639383391,
              -39.7402959653266
            ],
            [
              175.973554866997,
              -39.7405080151981
            ],
            [
              175.973755899425,
              -39.7407390823793
            ],
            [
              175.973828483841,
              -39.7410727654893
            ],
            [
              175.974093367366,
              -39.7412341495545
            ],
            [
              175.973938167067,
              -39.7413371484059
            ],
            [
              175.973642650032,
              -39.7412701656251
            ],
            [
              175.973474266207,
              -39.7409011329258
            ],
            [
              175.973171166752,
              -39.7407586159933
            ],
            [
              175.973014916915,
              -39.7404008656683
            ],
            [
              175.972639867005,
              -39.7402272323284
            ],
            [
              175.972179833354,
              -39.7395573319622
            ],
            [
              175.973653783746,
              -39.7390395488899
            ]
          ]
        ]
      },
      "properties": {
        "OBJECTID": 8435,
        "NaPALIS_ID": 2793074,
        "Name": "Makopua Scenic Reserve",
        "Type": "RESERVE",
        "Legislation": "RESERVES_ACT",
        "Section": "S19_1_A_SCENIC_RESERVE",
        "Conservation_Unit_Number": "70191",
        "Recorded_Area": 1.4
      }
    },
    {
      "type": "Feature",
      "id": 9001,
      "geometry": {
        "type": "MultiPolygon",
        "coordinates": [
          [
            [
              [
                175.906633365485,
                -40.3954103484817
              ],
              [
                175.905636301912,
                -40.3953031935803
              ],
              [
                175.905201166477,
                -40.3950251157023
              ],
              [
                175.907054430227,
                -40.3953250984479
              ],
              [
                175.906633365485,
                -40.3954103484817
              ]
            ]
          ],
          [
            [
              [
                175.90808278318,
                -40.3950290249394
              ],
              [
                175.907785817142,
                -40.394981465532
              ],
              [
                175.908010533397,
                -40.3948181484626
              ],
              [
                175.908381299267,
                -40.394121666167
              ],
              [
                175.909100416684,
                -40.3934062320316
              ],
              [
                175.909922449881,
                -40.3924237829152
              ],
              [
                175.911250200267,
                -40.3913575322826
              ],
              [
                175.911929100361,
                -40.3910003655038
              ],
              [
                175.914075949806,
                -40.3896522989054
              ],
              [
                175.91416634142,
                -40.3898245392425
              ],
              [
                175.912074088008,
                -40.3911422369551
              ],
              [
                175.911402812406,
                -40.3914952708624
              ],
              [
                175.910291871201,
                -40.3923707368078
              ],
              [
                175.909178014105,
                -40.3936362263184
              ],
              [
                175.908589629512,
                -40.394209133061
              ],
              [
                175.908222850463,
                -40.3948960309514
              ],
              [
                175.90808278318,
                -40.3950290249394
              ]
            ]
          ]
        ]
      },
      "properties": {
        "OBJECTID": 9001,
        "NaPALIS_ID": 2794719,
        "Name": "Marginal Strip - Haukopua",
        "Type": "MARGINAL_STRIP",
        "Legislation": "CONSERVATION_ACT",
        "Section": "S24_1_2_MOVEABLE_MARGINAL_STRIP",
        "Conservation_Unit_Number": "T24559",
        "Recorded_Area": 1.9
      }
    },
    {
      "type": "Feature",
      "id": 7,
      "geometry": {
        "type": "Polygon",
        "coordinates": [
          [
            [
              174.935870466165,
              -37.3685984491054
            ],
            [
              174.936101583419,
              -37.3688738322898
            ],
            [
              174.937369633084,
              -37.3693622991732
            ],
            [
              174.937797066433,
              -37.369618265501
            ],
            [
              174.937828566927,
              -37.3699017654082
            ],
            [
              174.937743749687,
              -37.3702751490247
            ],
            [
              174.93780534972,
              -37.3705258989641
            ],
            [
              174.938953933382,
              -37.3712925157396
            ],
            [
              174.938911533209,
              -37.3713692494935
            ],
            [
              174.938267466559,
              -37.3710279993842
            ],
            [
              174.937740983185,
              -37.3705718325438
            ],
            [
              174.937640916973,
              -37.370220165592
            ],
            [
              174.937742249658,
              -37.3698708820536
            ],
            [
              174.937644533099,
              -37.3696290659204
            ],
            [
              174.936091049594,
              -37.3690056323453
            ],
            [
              174.935494699467,
              -37.3684620990414
            ],
            [
              174.935306016772,
              -37.3680369658579
            ],
            [
              174.93518268295,
              -37.3685542320351
            ],
            [
              174.935344900116,
              -37.3691467488612
            ],
            [
              174.935297850246,
              -37.3694099657328
            ],
            [
              174.935071816805,
              -37.3696085327809
            ],
            [
              174.934381966208,
              -37.3699110658269
            ],
            [
              174.934037449897,
              -37.370311082715
            ],
            [
              174.93385386691,
              -37.3704238822558
            ],
            [
              174.93356028347,
              -37.3703854987334
            ],
            [
              174.9331602835,
              -37.3701848495108
            ],
            [
              174.932610183202,
              -37.3698399325973
            ],
            [
              174.932343566529,
              -37.3695407988562
            ],
            [
              174.932185666991,
              -37.3694538654223
            ],
            [
              174.931400650559,
              -37.3693925820269
            ],
            [
              174.930957333098,
              -37.3691848153493
            ],
            [
              174.930631699621,
              -37.3691715322181
            ],
            [
              174.930273283785,
              -37.3692811155759
            ],
            [
              174.930145149597,
              -37.3692502658311
            ],
            [
              174.930150433527,
              -37.3690011991249
            ],
            [
              174.930541800093,
              -37.3688880661409
            ],
            [
              174.931018932976,
              -37.3689228656709
            ],
            [
              174.931712766865,
              -37.3691733494381
            ],
            [
              174.931588350397,
              -37.3689931826076
            ],
            [
              174.931627016689,
              -37.368349882582
            ],
            [
              174.93141476706,
              -37.3675508492915
            ],
            [
              174.931715633133,
              -37.3673343654626
            ],
            [
              174.93231079963,
              -37.3671526327715
            ],
            [
              174.93270879993,
              -37.3663011824261
            ],
            [
              174.932912099994,
              -37.3661216654101
            ],
            [
              174.932427500442,
              -37.3659387323677
            ],
            [
              174.931918183153,
              -37.365655182662
            ],
            [
              174.931427949791,
              -37.3648466159453
            ],
            [
              174.931291300383,
              -37.3650901490665
            ],
            [
              174.930645082895,
              -37.3656227822324
            ],
            [
              174.930209633348,
              -37.3661963993738
            ],
            [
              174.930021733844,
              -37.3662737153941
            ],
            [
              174.929738467151,
              -37.3662344327266
            ],
            [
              174.92946213335,
              -37.3660988159477
            ],
            [
              174.929251116957,
              -37.3655836657448
            ],
            [
              174.929152600175,
              -37.3655043489318
            ],
            [
              174.92870786641,
              -37.3653899661122
            ],
            [
              174.928325249958,
              -37.3651317994751
            ],
            [
              174.928153933437,
              -37.3648487992579
            ],
            [
              174.928105583195,
              -37.3645551325759
            ],
            [
              174.927577849663,
              -37.3637179988811
            ],
            [
              174.927002166205,
              -37.363566465826
            ],
            [
              174.926652166682,
              -37.3635727156236
            ],
            [
              174.92652618364,
              -37.3636406823764
            ],
            [
              174.926454000474,
              -37.3638144987143
            ],
            [
              174.926388016535,
              -37.364544132365
            ],
            [
              174.926692533648,
              -37.3655185826062
            ],
            [
              174.926654700176,
              -37.3657508325257
            ],
            [
              174.926437166851,
              -37.3660687327423
            ],
            [
              174.926155066876,
              -37.3662970824942
            ],
            [
              174.92539775055,
              -37.3664943659962
            ],
            [
              174.924697166844,
              -37.366616666203
            ],
            [
              174.924311550253,
              -37.3665412488776
            ],
            [
              174.924086233796,
              -37.3663369320264
            ],
            [
              174.923897033576,
              -37.3659850824102
            ],
            [
              174.923818249567,
              -37.3654767990761
            ],
            [
              174.923875083439,
              -37.3650997826811
            ],
            [
              174.924218132993,
              -37.3646964822033
            ],
            [
              174.924291216631,
              -37.3644197322264
            ],
            [
              174.924095616744,
              -37.3640543320603
            ],
            [
              174.923705083623,
              -37.3637607822394
            ],
            [
              174.92350430005,
              -37.3634069662244
            ],
            [
              174.923309483246,
              -37.3627554159023
            ],
            [
              174.923109817124,
              -37.3626671323305
            ],
            [
              174.922632483301,
              -37.3628452659879
            ],
            [
              174.921695349753,
              -37.3634505489493
            ],
            [
              174.921477166535,
              -37.3640014490332
            ],
            [
              174.921196599725,
              -37.364267949162
            ],
            [
              174.92077778349,
              -37.3644078154489
            ],
            [
              174.919918850441,
              -37.3644203156309
            ],
            [
              174.91956789969,
              -37.364597198653
            ],
            [
              174.919347299831,
              -37.3648551494725
            ],
            [
              174.919159100285,
              -37.3653113660359
            ],
            [
              174.918886916822,
              -37.3654517160348
            ],
            [
              174.918666733145,
              -37.3657188327052
            ],
            [
              174.918690432909,
              -37.3660363488347
            ],
            [
              174.919061650559,
              -37.3667104825706
            ],
            [
              174.919231582987,
              -37.3673391490832
            ],
            [
              174.919102033818,
              -37.3681675661916
            ],
            [
              174.918856633067,
              -37.3687512825008
            ],
            [
              174.919017883562,
              -37.3692412493724
            ],
            [
              174.919041099779,
              -37.3696091494793
            ],
            [
              174.918762849961,
              -37.3702281158417
            ],
            [
              174.918775533232,
              -37.3710404321098
            ],
            [
              174.918650833732,
              -37.3713208823314
            ],
            [
              174.918690850318,
              -37.3719218322013
            ],
            [
              174.918563449876,
              -37.3721451326944
            ],
            [
              174.917945933027,
              -37.3724579319759
            ],
            [
              174.917725082834,
              -37.3726455825901
            ],
            [
              174.917421132932,
              -37.3731402158343
            ],
            [
              174.917121449712,
              -37.3734218321929
            ],
            [
              174.916966183793,
              -37.3734174660405
            ],
            [
              174.916303616739,
              -37.373021016019
            ],
            [
              174.915789166591,
              -37.3729761659638
            ],
            [
              174.915185750462,
              -37.373206949169
            ],
            [
              174.914654766949,
              -37.3735728824678
            ],
            [
              174.914317533019,
              -37.3736987993543
            ],
            [
              174.913868066507,
              -37.3737303487011
            ],
            [
              174.912998866494,
              -37.3736671661488
            ],
            [
              174.911883666705,
              -37.374168466232
            ],
            [
              174.911047999786,
              -37.3744645657746
            ],
            [
              174.910512100154,
              -37.3744609158553
            ],
            [
              174.908497333694,
              -37.3746757324365
            ],
            [
              174.906498633591,
              -37.374398332687
            ],
            [
              174.905686599617,
              -37.3744897822113
            ],
            [
              174.905284416764,
              -37.3743778828
            ],
            [
              174.904925882856,
              -37.3741587820879
            ],
            [
              174.904656833718,
              -37.3737176153799
            ],
            [
              174.904773933664,
              -37.3732050487221
            ],
            [
              174.904732050259,
              -37.3730572824884
            ],
            [
              174.903674633214,
              -37.3726730660556
            ],
            [
              174.902839266239,
              -37.3728629658461
            ],
            [
              174.902161882953,
              -37.3731543156283
            ],
            [
              174.901748682981,
              -37.3731970994957
            ],
            [
              174.90139801644,
              -37.3730671656867
            ],
            [
              174.901811316335,
              -37.3731078159541
            ],
            [
              174.902200682832,
              -37.3730700991534
            ],
            [
              174.902805466223,
              -37.3727942827054
            ],
            [
              174.903352016268,
              -37.3726367989579
            ],
            [
              174.903690599868,
              -37.3726012322742
            ],
            [
              174.90480681667,
              -37.3730149825648
            ],
            [
              174.904864549979,
              -37.3732153988028
            ],
            [
              174.904747533521,
              -37.3737043657702
            ],
            [
              174.904861982952,
              -37.3739493157465
            ],
            [
              174.905318716655,
              -37.3743099487164
            ],
            [
              174.905692300453,
              -37.3744157154338
            ],
            [
              174.906501183641,
              -37.3743253657464
            ],
            [
              174.908499832942,
              -37.3746030655142
            ],
            [
              174.910386917106,
              -37.374398432439
            ],
            [
              174.911032867178,
              -37.3743922991895
            ],
            [
              174.911839533213,
              -37.3741049160961
            ],
            [
              174.912970299966,
              -37.3735981661291
            ],
            [
              174.913880316741,
              -37.3736580492963
            ],
            [
              174.914284150176,
              -37.3736310492797
            ],
            [
              174.914603782756,
              -37.3735124986709
            ],
            [
              174.915137183303,
              -37.3731455657125
            ],
            [
              174.915776266181,
              -37.3729039161215
            ],
            [
              174.916233716219,
              -37.3729234825917
            ],
            [
              174.916990850267,
              -37.3733320158356
            ],
            [
              174.917090800435,
              -37.3733197820202
            ],
            [
              174.91729674972,
              -37.3731211653457
            ],
            [
              174.917600266382,
              -37.3726173827173
            ],
            [
              174.91782663354,
              -37.3724249986889
            ],
            [
              174.918436150201,
              -37.3721280828257
            ],
            [
              174.918575683632,
              -37.3719181656428
            ],
            [
              174.918554300375,
              -37.3713464654128
            ],
            [
              174.918662750402,
              -37.3710870654693
            ],
            [
              174.918690250128,
              -37.370152299153
            ],
            [
              174.918965850091,
              -37.3696593322768
            ],
            [
              174.918761432951,
              -37.368623449115
            ],
            [
              174.91909015054,
              -37.3678565655995
            ],
            [
              174.919116467033,
              -37.3675628158949
            ],
            [
              174.919077382899,
              -37.3670419657033
            ],
            [
              174.918893166925,
              -37.3665526327826
            ],
            [
              174.918587183725,
              -37.3660415157339
            ],
            [
              174.918511433501,
              -37.3656567491017
            ],
            [
              174.918647283411,
              -37.3654904490939
            ],
            [
              174.919091383756,
              -37.3652170990849
            ],
            [
              174.919347450514,
              -37.3646765826906
            ],
            [
              174.919619283729,
              -37.3644080494391
            ],
            [
              174.919923433716,
              -37.3643354819809
            ],
            [
              174.920725933586,
              -37.3643451653866
            ],
            [
              174.921154933513,
              -37.3641775491766
            ],
            [
              174.921344116749,
              -37.3639845658668
            ],
            [
              174.921636550235,
              -37.3633628988202
            ],
            [
              174.921763517087,
              -37.3632517656562
            ],
            [
              174.922699499864,
              -37.3626831323007
            ],
            [
              174.923166032898,
              -37.3625190326195
            ],
            [
              174.923267583831,
              -37.3625390992379
            ],
            [
              174.923397549983,
              -37.3626728156438
            ],
            [
              174.923554050545,
              -37.3631835321824
            ],
            [
              174.923831666208,
              -37.3637022988977
            ],
            [
              174.924348650371,
              -37.3641159487894
            ],
            [
              174.924401050201,
              -37.3646135326117
            ],
            [
              174.923994699944,
              -37.3651971660032
            ],
            [
              174.923941333627,
              -37.3655260153777
            ],
            [
              174.92400243309,
              -37.3659043158092
            ],
            [
              174.924415100016,
              -37.3664216157842
            ],
            [
              174.924660016429,
              -37.3664988320315
            ],
            [
              174.925333966339,
              -37.3664208323916
            ],
            [
              174.925953450087,
              -37.3662232322996
            ],
            [
              174.926381383296,
              -37.3659217326921
            ],
            [
              174.92652784981,
              -37.3656792491912
            ],
            [
              174.926574333615,
              -37.3653872486598
            ],
            [
              174.926362183834,
              -37.3650299819439
            ],
            [
              174.926247099524,
              -37.3644180655661
            ],
            [
              174.926361233858,
              -37.3637349992824
            ],
            [
              174.926631500144,
              -37.3635001320729
            ],
            [
              174.927306567102,
              -37.3635067326408
            ],
            [
              174.927781950395,
              -37.3637231323031
            ],
            [
              174.927986199967,
              -37.3640348661065
            ],
            [
              174.928203750086,
              -37.3647488825238
            ],
            [
              174.928374216831,
              -37.3650135993229
            ],
            [
              174.928637317272,
              -37.3652342658008
            ],
            [
              174.929348333418,
              -37.3655142990144
            ],
            [
              174.929642766249,
              -37.3660932328344
            ],
            [
              174.929977249528,
              -37.3661835656661
            ],
            [
              174.930239632848,
              -37.3660487821692
            ],
            [
              174.930675966677,
              -37.3654934494825
            ],
            [
              174.931282699908,
              -37.3649588321479
            ],
            [
              174.931340816683,
              -37.3647482653394
            ],
            [
              174.93146021655,
              -37.3646130153794
            ],
            [
              174.931608149947,
              -37.3649798494372
            ],
            [
              174.932008699927,
              -37.3656021827096
            ],
            [
              174.932395867029,
              -37.3658436654084
            ],
            [
              174.933022949497,
              -37.3660824828228
            ],
            [
              174.932999783788,
              -37.3661789826572
            ],
            [
              174.932836116263,
              -37.3662829823314
            ],
            [
              174.932362766838,
              -37.3672447988403
            ],
            [
              174.931735316223,
              -37.3674106321706
            ],
            [
              174.931499566626,
              -37.3675695159408
            ],
            [
              174.931730483485,
              -37.3683266162073
            ],
            [
              174.931660700373,
              -37.3689693827996
            ],
            [
              174.931946232956,
              -37.369227299509
            ],
            [
              174.931437883345,
              -37.3692106989564
            ],
            [
              174.931271366979,
              -37.3690811659319
            ],
            [
              174.930887466332,
              -37.3689719823504
            ],
            [
              174.930742750464,
              -37.3690084994621
            ],
            [
              174.930585199917,
              -37.3689561661767
            ],
            [
              174.930320816649,
              -37.3690123994859
            ],
            [
              174.930253616878,
              -37.3691700654977
            ],
            [
              174.930639249831,
              -37.3690666160009
            ],
            [
              174.930961683077,
              -37.3690840989386
            ],
            [
              174.9314648504,
              -37.3692945487816
            ],
            [
              174.932144899939,
              -37.3693357657599
            ],
            [
              174.932481966852,
              -37.3695000993671
            ],
            [
              174.932749633093,
              -37.3698335154205
            ],
            [
              174.933517533418,
              -37.3702555823858
            ],
            [
              174.933787633855,
              -37.3703440486503
            ],
            [
              174.934390766582,
              -37.3697918486803
            ],
            [
              174.93488801633,
              -37.3696031655553
            ],
            [
              174.935215100251,
              -37.3693528326931
            ],
            [
              174.935229167175,
              -37.369064165472
            ],
            [
              174.935045183111,
              -37.368521515796
            ],
            [
              174.935262766278,
              -37.367946782714
            ],
            [
              174.935408466384,
              -37.3680176820342
            ],
            [
              174.935578200148,
              -37.3683971488888
            ],
            [
              174.935870466165,
              -37.3685984491054
            ]
          ]
        ]
      },
      "properties": {
        "OBJECTID": 7,
        "NaPALIS_ID": 2795641,
        "Name": "Marginal Strip - Opuatia River",
        "Type": "MARGINAL_STRIP",
        "Legislation": "CONSERVATION_ACT",
        "Section": "S24_3_FIXED_MARGINAL_STRIP",
        "Conservation_Unit_Number": "R13008",
        "Recorded_Area": 5.3
      }
    },
    {
      "type": "Feature",
      "id": 10585,
      "geometry": {
        "type": "MultiPolygon",
        "coordinates": [
          [
            [
              [
                174.972611765881,
                -37.413679949181
              ],
              [
                174.972171933105,
                -37.4135210986921
              ],
              [
                174.971743750007,
                -37.4134451491063
              ],
              [
                174.971522050306,
                -37.4132977658682
              ],
              [
                174.971357882997,
                -37.4128170320561
              ],
              [
                174.971388817247,
                -37.412552115937
              ],
              [
                174.971632516184,
                -37.4120947660474
              ],
              [
                174.972075600101,
                -37.4116567657381
              ],
              [
                174.973302400016,
                -37.4111300992074
              ],
              [
                174.973656183573,
                -37.4108975488946
              ],
              [
                174.973728733271,
                -37.4107754658304
              ],
              [
                174.973713699987,
                -37.4105641997046
              ],
              [
                174.973575616323,
                -37.410354983063
              ],
              [
                174.973549283374,
                -37.4097132989448
              ],
              [
                174.973480033432,
                -37.409601132603
              ],
              [
                174.973195050633,
                -37.4095681317467
              ],
              [
                174.972658283212,
                -37.4096917822022
              ],
              [
                174.971881799946,
                -37.4101739992634
              ],
              [
                174.971108500014,
                -37.4103876492529
              ],
              [
                174.97041911611,
                -37.4108208322182
              ],
              [
                174.968903217471,
                -37.4112849161919
              ],
              [
                174.968211667375,
                -37.4114335155662
              ],
              [
                174.966972933085,
                -37.4113068329723
              ],
              [
                174.966771265915,
                -37.4112224156678
              ],
              [
                174.966415116438,
                -37.4109008656872
              ],
              [
                174.966432917359,
                -37.4105295659322
              ],
              [
                174.96662518339,
                -37.4102607658698
              ],
              [
                174.967001699234,
                -37.4099766494402
              ],
              [
                174.967576566309,
                -37.4097046491129
              ],
              [
                174.968265182474,
                -37.4092571990177
              ],
              [
                174.968501599825,
                -37.4088766657483
              ],
              [
                174.968456316005,
                -37.4087942986199
              ],
              [
                174.96807574983,
                -37.4085737322371
              ],
              [
                174.967877483619,
                -37.4082304987146
              ],
              [
                174.967664784051,
                -37.4082137657927
              ],
              [
                174.967162966639,
                -37.4083604327095
              ],
              [
                174.966497216735,
                -37.4081867819949
              ],
              [
                174.965944216599,
                -37.4079473324611
              ],
              [
                174.965613399422,
                -37.4076332991255
              ],
              [
                174.965605983291,
                -37.4074985491092
              ],
              [
                174.965768766849,
                -37.407309582318
              ],
              [
                174.966141133238,
                -37.4071647486857
              ],
              [
                174.966944284153,
                -37.4070922329622
              ],
              [
                174.967591116244,
                -37.4071310651566
              ],
              [
                174.968106583454,
                -37.4067446492659
              ],
              [
                174.96825250064,
                -37.4065122489271
              ],
              [
                174.968357849257,
                -37.4059919486938
              ],
              [
                174.96879789959,
                -37.4053540825418
              ],
              [
                174.968721367449,
                -37.4049107826738
              ],
              [
                174.968796699869,
                -37.4045296819871
              ],
              [
                174.96818486628,
                -37.405077882174
              ],
              [
                174.967730916785,
                -37.4053411993388
              ],
              [
                174.967417916273,
                -37.4062421160704
              ],
              [
                174.967093016481,
                -37.4065469656948
              ],
              [
                174.966853883661,
                -37.4066182997102
              ],
              [
                174.96630823396,
                -37.4064962493538
              ],
              [
                174.965006966279,
                -37.4056718163855
              ],
              [
                174.964256300486,
                -37.405347149205
              ],
              [
                174.963426166427,
                -37.4052254320397
              ],
              [
                174.962804616555,
                -37.4052551992247
              ],
              [
                174.962328600431,
                -37.4050959151526
              ],
              [
                174.962279783358,
                -37.4054040318382
              ],
              [
                174.962368099742,
                -37.4058131151724
              ],
              [
                174.962248400349,
                -37.4060090821132
              ],
              [
                174.961363699889,
                -37.4061931653215
              ],
              [
                174.960823400033,
                -37.4064606992817
              ],
              [
                174.959615017398,
                -37.4064951823428
              ],
              [
                174.959119300749,
                -37.4062878658045
              ],
              [
                174.958143665949,
                -37.4057202996555
              ],
              [
                174.957784033332,
                -37.4057304157437
              ],
              [
                174.957417566879,
                -37.4058592662877
              ],
              [
                174.957041299227,
                -37.4058292322157
              ],
              [
                174.956622316856,
                -37.4056965325183
              ],
              [
                174.956379366703,
                -37.405528932536
              ],
              [
                174.955808116598,
                -37.4047778321681
              ],
              [
                174.955421332973,
                -37.4046120153558
              ],
              [
                174.955245515921,
                -37.4046524652899
              ],
              [
                174.954679850019,
                -37.4051733652083
              ],
              [
                174.954344383407,
                -37.4056859662242
              ],
              [
                174.954016916469,
                -37.405951948747
              ],
              [
                174.953079333474,
                -37.4062545322525
              ],
              [
                174.952912382663,
                -37.4062676318464
              ],
              [
                174.952938100649,
                -37.406160598909
              ],
              [
                174.953972983164,
                -37.405725715192
              ],
              [
                174.95508026751,
                -37.4044805993793
              ],
              [
                174.955239499551,
                -37.4043669989345
              ],
              [
                174.955400632769,
                -37.4043607489637
              ],
              [
                174.955618633694,
                -37.4044254661755
              ],
              [
                174.956041033403,
                -37.4047855324978
              ],
              [
                174.956664249774,
                -37.4055139992019
              ],
              [
                174.957338750236,
                -37.405671715432
              ],
              [
                174.958113967534,
                -37.4055078156081
              ],
              [
                174.958838166518,
                -37.4058917992563
              ],
              [
                174.959297900015,
                -37.4062588322684
              ],
              [
                174.959578816345,
                -37.4063648817285
              ],
              [
                174.959892833422,
                -37.4063089160798
              ],
              [
                174.960663084047,
                -37.4063204157043
              ],
              [
                174.960995099563,
                -37.4062397988141
              ],
              [
                174.961353983093,
                -37.4059967496048
              ],
              [
                174.962016399214,
                -37.4059009157121
              ],
              [
                174.962147200788,
                -37.4057506658057
              ],
              [
                174.962099299797,
                -37.4050083163235
              ],
              [
                174.962125800833,
                -37.4049399155599
              ],
              [
                174.962255649874,
                -37.4048946985041
              ],
              [
                174.96268286645,
                -37.4050423822774
              ],
              [
                174.963520083379,
                -37.4050179652378
              ],
              [
                174.963999799789,
                -37.4050858989843
              ],
              [
                174.964424233521,
                -37.4052266984067
              ],
              [
                174.965543682482,
                -37.4057992991019
              ],
              [
                174.966546065879,
                -37.4064583317542
              ],
              [
                174.966840483605,
                -37.4064821325705
              ],
              [
                174.967054149307,
                -37.4063915492662
              ],
              [
                174.967249032956,
                -37.406150165407
              ],
              [
                174.967394416546,
                -37.4056597155522
              ],
              [
                174.967683333416,
                -37.4051948658151
              ],
              [
                174.96834038257,
                -37.4047358986377
              ],
              [
                174.968741667091,
                -37.4042508995922
              ],
              [
                174.968912083404,
                -37.4041715653033
              ],
              [
                174.969066366817,
                -37.4042862987072
              ],
              [
                174.968969116603,
                -37.4048659988479
              ],
              [
                174.969043684112,
                -37.4055307993783
              ],
              [
                174.968608799977,
                -37.4059129156019
              ],
              [
                174.968438650237,
                -37.4066019656793
              ],
              [
                174.968188083919,
                -37.4069573159132
              ],
              [
                174.96793888312,
                -37.4071619663262
              ],
              [
                174.967602399346,
                -37.4073155495717
              ],
              [
                174.966208749957,
                -37.4073202657285
              ],
              [
                174.965853682933,
                -37.4074628822778
              ],
              [
                174.965912134072,
                -37.4076777661472
              ],
              [
                174.966100666892,
                -37.4078245828693
              ],
              [
                174.96642708416,
                -37.4079901491668
              ],
              [
                174.967052333226,
                -37.4081887492973
              ],
              [
                174.967305149839,
                -37.4082216155745
              ],
              [
                174.967778800607,
                -37.4080086324316
              ],
              [
                174.968003149393,
                -37.4080116994397
              ],
              [
                174.968206967536,
                -37.4083755318755
              ],
              [
                174.968723366665,
                -37.4088454821805
              ],
              [
                174.968610816719,
                -37.4092058990567
              ],
              [
                174.967499450124,
                -37.4099647158923
              ],
              [
                174.966771133792,
                -37.4103457826426
              ],
              [
                174.966665483383,
                -37.4105760655119
              ],
              [
                174.966691149926,
                -37.410767282581
              ],
              [
                174.966950000149,
                -37.4110327825964
              ],
              [
                174.967444133248,
                -37.4112139991453
              ],
              [
                174.968760600019,
                -37.4111920319465
              ],
              [
                174.969746866486,
                -37.4109287161522
              ],
              [
                174.970366716264,
                -37.4106887324655
              ],
              [
                174.971096817445,
                -37.4102631990804
              ],
              [
                174.97197456665,
                -37.4099787156212
              ],
              [
                174.972696399377,
                -37.4095131151791
              ],
              [
                174.973383816195,
                -37.4093810659195
              ],
              [
                174.973694517071,
                -37.4094275321447
              ],
              [
                174.973784900065,
                -37.4095810160189
              ],
              [
                174.97377394928,
                -37.4102346495207
              ],
              [
                174.974027299354,
                -37.4105512663881
              ],
              [
                174.973964550246,
                -37.4108377161208
              ],
              [
                174.973823650052,
                -37.4110502996322
              ],
              [
                174.973495433097,
                -37.4112787491686
              ],
              [
                174.972268199846,
                -37.4117629991094
              ],
              [
                174.972015816616,
                -37.4119429162588
              ],
              [
                174.971765616456,
                -37.4122384488614
              ],
              [
                174.971586500063,
                -37.4126827657829
              ],
              [
                174.971609249998,
                -37.4129817823563
              ],
              [
                174.97193079919,
                -37.413297565921
              ],
              [
                174.972838667001,
                -37.4135042152043
              ],
              [
                174.973434949754,
                -37.4134697658461
              ],
              [
                174.973292884038,
                -37.4136496658336
              ],
              [
                174.972611765881,
                -37.413679949181
              ]
            ]
          ],
          [
            [
              [
                174.968472799859,
                -37.4111124653769
              ],
              [
                174.967277333099,
                -37.4110785995182
              ],
              [
                174.966913332829,
                -37.4108441153405
              ],
              [
                174.96679988374,
                -37.4106655994881
              ],
              [
                174.966934350303,
                -37.410426299477
              ],
              [
                174.96829961697,
                -37.4095861819499
              ],
              [
                174.968609749486,
                -37.4093246488842
              ],
              [
                174.968802416851,
                -37.4090124655992
              ],
              [
                174.968813366535,
                -37.408754465483
              ],
              [
                174.968290650133,
                -37.4083461322119
              ],
              [
                174.968055966362,
                -37.4078578488405
              ],
              [
                174.967202883304,
                -37.4080796826625
              ],
              [
                174.966425350364,
                -37.4078622658638
              ],
              [
                174.96607116686,
                -37.4075869658744
              ],
              [
                174.966037599917,
                -37.4074818159585
              ],
              [
                174.966170733185,
                -37.4073909326806
              ],
              [
                174.966481650147,
                -37.4073600654952
              ],
              [
                174.967652966506,
                -37.4073901487381
              ],
              [
                174.968007550003,
                -37.4072269992109
              ],
              [
                174.96827046672,
                -37.4070110989672
              ],
              [
                174.968536066678,
                -37.4066374490268
              ],
              [
                174.968711616447,
                -37.4059434160388
              ],
              [
                174.969145633031,
                -37.4055569158436
              ],
              [
                174.969075783281,
                -37.4048722987256
              ],
              [
                174.96917251679,
                -37.404277898871
              ],
              [
                174.969063133248,
                -37.4041375325313
              ],
              [
                174.968937516663,
                -37.404087048661
              ],
              [
                174.96874866664,
                -37.4041133320934
              ],
              [
                174.968272467163,
                -37.4046692825218
              ],
              [
                174.967597132967,
                -37.4051448661845
              ],
              [
                174.967293916166,
                -37.4056296161107
              ],
              [
                174.967151883566,
                -37.4061152992926
              ],
              [
                174.966985082765,
                -37.4063262493756
              ],
              [
                174.966817933058,
                -37.4063986492124
              ],
              [
                174.96647926671,
                -37.4063099661439
              ],
              [
                174.965600416782,
                -37.4057160488533
              ],
              [
                174.964481983061,
                -37.4051442654526
              ],
              [
                174.963934550057,
                -37.4049759494253
              ],
              [
                174.963528916581,
                -37.4049243489603
              ],
              [
                174.962776700205,
                -37.4049605820073
              ],
              [
                174.962272566905,
                -37.4048012157576
              ],
              [
                174.96210673375,
                -37.4048340992025
              ],
              [
                174.962003233471,
                -37.4049256495264
              ],
              [
                174.962033166907,
                -37.405688698744
              ],
              [
                174.961957966328,
                -37.4058192490976
              ],
              [
                174.961299116419,
                -37.4059128325585
              ],
              [
                174.96093509974,
                -37.4061577989919
              ],
              [
                174.960635733453,
                -37.4062293988245
              ],
              [
                174.959889900409,
                -37.4062138323609
              ],
              [
                174.959589833641,
                -37.4062691323029
              ],
              [
                174.959365399882,
                -37.4061819828282
              ],
              [
                174.958495466644,
                -37.4055713326497
              ],
              [
                174.958155350555,
                -37.4054195157555
              ],
              [
                174.957985916379,
                -37.4054018159275
              ],
              [
                174.957350750063,
                -37.4055780155479
              ],
              [
                174.9567254664,
                -37.405432265982
              ],
              [
                174.956131366788,
                -37.4047253828116
              ],
              [
                174.955685933471,
                -37.4043460490563
              ],
              [
                174.955413716279,
                -37.4042672322803
              ],
              [
                174.955204216147,
                -37.4042733153598
              ],
              [
                174.954985833762,
                -37.4044245657242
              ],
              [
                174.954066016944,
                -37.4055185324721
              ],
              [
                174.953830683601,
                -37.4056975326682
              ],
              [
                174.953195716942,
                -37.405934982253
              ],
              [
                174.952910732949,
                -37.4059666161465
              ],
              [
                174.95265739958,
                -37.4058859155831
              ],
              [
                174.952233299721,
                -37.4053420657289
              ],
              [
                174.951404933612,
                -37.4048902327879
              ],
              [
                174.951209066872,
                -37.404660215796
              ],
              [
                174.951190133256,
                -37.4044371823189
              ],
              [
                174.951583400392,
                -37.4040836657208
              ],
              [
                174.952118583248,
                -37.4038654328007
              ],
              [
                174.952571883263,
                -37.4034343157711
              ],
              [
                174.953056467192,
                -37.4031957488692
              ],
              [
                174.953284133343,
                -37.402895682284
              ],
              [
                174.953324566611,
                -37.4026641823134
              ],
              [
                174.953088167268,
                -37.4024734492703
              ],
              [
                174.952250466562,
                -37.4021899822333
              ],
              [
                174.951633900467,
                -37.4019050326887
              ],
              [
                174.951575332776,
                -37.4017299995383
              ],
              [
                174.951598850103,
                -37.4011634158824
              ],
              [
                174.951066967031,
                -37.4008590824105
              ],
              [
                174.950822883549,
                -37.4003323824164
              ],
              [
                174.950471283642,
                -37.4000405988553
              ],
              [
                174.950488000008,
                -37.3996053494128
              ],
              [
                174.950409433018,
                -37.3994618655845
              ],
              [
                174.950161832915,
                -37.3993310159142
              ],
              [
                174.949780633455,
                -37.3993648819414
              ],
              [
                174.948044433093,
                -37.3999867993883
              ],
              [
                174.946692083431,
                -37.4001944994949
              ],
              [
                174.946038033597,
                -37.4000215160323
              ],
              [
                174.945705050099,
                -37.3998107993013
              ],
              [
                174.945397466419,
                -37.3997058319587
              ],
              [
                174.945225583132,
                -37.399482932431
              ],
              [
                174.945163483434,
                -37.3985243992536
              ],
              [
                174.944636849613,
                -37.3973764990405
              ],
              [
                174.944734966492,
                -37.3973038819926
              ],
              [
                174.945896650525,
                -37.3971348492305
              ],
              [
                174.946409650108,
                -37.3968779827454
              ],
              [
                174.947279316855,
                -37.3968797991033
              ],
              [
                174.947695882775,
                -37.3968217657339
              ],
              [
                174.948021566308,
                -37.3966273824851
              ],
              [
                174.948292466917,
                -37.3960679825352
              ],
              [
                174.948265566992,
                -37.3959472986453
              ],
              [
                174.947973633272,
                -37.3957603991502
              ],
              [
                174.947493033027,
                -37.395587365691
              ],
              [
                174.947283366902,
                -37.3956653988731
              ],
              [
                174.947165999729,
                -37.3960719488953
              ],
              [
                174.947008950516,
                -37.3961446158033
              ],
              [
                174.946872066198,
                -37.3961223494137
              ],
              [
                174.946614833385,
                -37.3956540488775
              ],
              [
                174.946746633786,
                -37.3948630825515
              ],
              [
                174.947195749599,
                -37.3942712988017
              ],
              [
                174.947296466834,
                -37.3937822661436
              ],
              [
                174.947527716245,
                -37.3933509822612
              ],
              [
                174.947387266408,
                -37.3932489320415
              ],
              [
                174.946254383599,
                -37.3932125488191
              ],
              [
                174.946108750372,
                -37.3931434490115
              ],
              [
                174.946160982934,
                -37.3930136992547
              ],
              [
                174.946297000004,
                -37.3929551490395
              ],
              [
                174.947176566384,
                -37.3928269820244
              ],
              [
                174.947716882889,
                -37.3926746821967
              ],
              [
                174.948212866204,
                -37.3924283491959
              ],
              [
                174.948355516964,
                -37.392167382112
              ],
              [
                174.948484200548,
                -37.3914859492612
              ],
              [
                174.948487249595,
                -37.3905078153882
              ],
              [
                174.948381799469,
                -37.3901572819703
              ],
              [
                174.947571150577,
                -37.3891840825059
              ],
              [
                174.947706833528,
                -37.3886833824183
              ],
              [
                174.94797720002,
                -37.3884090322146
              ],
              [
                174.948499466401,
                -37.3883537824712
              ],
              [
                174.949279533133,
                -37.3885405494131
              ],
              [
                174.950182100121,
                -37.388964649275
              ],
              [
                174.950676983695,
                -37.3890414820114
              ],
              [
                174.950801566241,
                -37.3891603659831
              ],
              [
                174.950807816281,
                -37.3893143325001
              ],
              [
                174.950639216809,
                -37.3899351490466
              ],
              [
                174.9507391997,
                -37.3901843156081
              ],
              [
                174.950954549789,
                -37.3903167161741
              ],
              [
                174.951413816868,
                -37.3902593487365
              ],
              [
                174.952231867049,
                -37.390290149122
              ],
              [
                174.952595550538,
                -37.3902099328222
              ],
              [
                174.952663533784,
                -37.3900860656999
              ],
              [
                174.952635483221,
                -37.3898456326363
              ],
              [
                174.952224316651,
                -37.389321615825
              ],
              [
                174.952211483648,
                -37.3892173491391
              ],
              [
                174.952352683133,
                -37.3889741657441
              ],
              [
                174.952639499685,
                -37.3887373991808
              ],
              [
                174.952691816843,
                -37.3884823325141
              ],
              [
                174.952409799664,
                -37.3883824157308
              ],
              [
                174.952076400048,
                -37.388446748832
              ],
              [
                174.951713149809,
                -37.3884352654295
              ],
              [
                174.951447333834,
                -37.3883070987783
              ],
              [
                174.951303983448,
                -37.38813848273
              ],
              [
                174.951134882963,
                -37.3875463989016
              ],
              [
                174.951062367143,
                -37.3865549154298
              ],
              [
                174.951226050443,
                -37.3862283160398
              ],
              [
                174.951400966804,
                -37.3861343821898
              ],
              [
                174.952244266995,
                -37.3860674488426
              ],
              [
                174.952420067072,
                -37.3859459487362
              ],
              [
                174.952593166858,
                -37.3855046490996
              ],
              [
                174.95253729995,
                -37.3848694160533
              ],
              [
                174.95246450007,
                -37.3847850992835
              ],
              [
                174.952294099811,
                -37.3848058159051
              ],
              [
                174.951795866867,
                -37.3851113658875
              ],
              [
                174.95139729988,
                -37.3848253159252
              ],
              [
                174.950669933071,
                -37.3847329987159
              ],
              [
                174.950296866724,
                -37.3847622657263
              ],
              [
                174.950092266217,
                -37.3846538487226
              ],
              [
                174.949749149791,
                -37.3839340324126
              ],
              [
                174.949221182899,
                -37.3832498160555
              ],
              [
                174.948517416798,
                -37.3821424658329
              ],
              [
                174.948402033498,
                -37.3810169153935
              ],
              [
                174.948736850035,
                -37.3803059323567
              ],
              [
                174.948614516845,
                -37.3797875158323
              ],
              [
                174.948872450092,
                -37.3798318159848
              ],
              [
                174.948952750125,
                -37.3801013654834
              ],
              [
                174.948959950165,
                -37.3803018327415
              ],
              [
                174.948621582809,
                -37.3810279158195
              ],
              [
                174.94873613324,
                -37.382077799368
              ],
              [
                174.949431666346,
                -37.3831547155659
              ],
              [
                174.949987050245,
                -37.3838725494319
              ],
              [
                174.950323666792,
                -37.384578866162
              ],
              [
                174.951284283831,
                -37.3846408660479
              ],
              [
                174.951529800214,
                -37.3847058161721
              ],
              [
                174.951846466302,
                -37.3849343657684
              ],
              [
                174.952178466294,
                -37.3847027322283
              ],
              [
                174.952389716251,
                -37.3846347827733
              ],
              [
                174.952594799967,
                -37.3846681825199
              ],
              [
                174.95277918287,
                -37.384873782368
              ],
              [
                174.952832916163,
                -37.3855755822572
              ],
              [
                174.952621233511,
                -37.3860929159233
              ],
              [
                174.952328517241,
                -37.3862861821113
              ],
              [
                174.951527400415,
                -37.3863345660274
              ],
              [
                174.951416500265,
                -37.3863937160071
              ],
              [
                174.951305200427,
                -37.3865772155144
              ],
              [
                174.951372816548,
                -37.3875593823933
              ],
              [
                174.951485333079,
                -37.3880294322965
              ],
              [
                174.95162593286,
                -37.3882191988967
              ],
              [
                174.951904299672,
                -37.3883087324189
              ],
              [
                174.952566599988,
                -37.3882454655184
              ],
              [
                174.952717316727,
                -37.3882877993303
              ],
              [
                174.952905516497,
                -37.388441849387
              ],
              [
                174.952927516677,
                -37.3887193325319
              ],
              [
                174.952439383415,
                -37.3892830495152
              ],
              [
                174.952844566345,
                -37.3898049491581
              ],
              [
                174.952878533274,
                -37.3901853820171
              ],
              [
                174.952711050536,
                -37.3903993158922
              ],
              [
                174.952359517001,
                -37.3904832486915
              ],
              [
                174.951426850119,
                -37.3904692489161
              ],
              [
                174.950905983409,
                -37.3905233656865
              ],
              [
                174.950563399497,
                -37.3903272493997
              ],
              [
                174.950439832925,
                -37.390072648881
              ],
              [
                174.950432450271,
                -37.3898287162228
              ],
              [
                174.950587366526,
                -37.3893226154165
              ],
              [
                174.950551600054,
                -37.3892215325276
              ],
              [
                174.950110733506,
                -37.3891631155418
              ],
              [
                174.949189850011,
                -37.3887287825405
              ],
              [
                174.948484283067,
                -37.3885594157982
              ],
              [
                174.948118517075,
                -37.3885955323524
              ],
              [
                174.947927866743,
                -37.3887919156425
              ],
              [
                174.947816566561,
                -37.3891687994225
              ],
              [
                174.948545633697,
                -37.3900255492282
              ],
              [
                174.94868316662,
                -37.3902922992726
              ],
              [
                174.948690799862,
                -37.3918122325331
              ],
              [
                174.948583616987,
                -37.3922186494895
              ],
              [
                174.948383749503,
                -37.3925667487281
              ],
              [
                174.947712399682,
                -37.3928926654208
              ],
              [
                174.946762482758,
                -37.393063348715
              ],
              [
                174.947434966888,
                -37.3930746492862
              ],
              [
                174.947683783654,
                -37.3931853323088
              ],
              [
                174.947774433331,
                -37.3933476489151
              ],
              [
                174.947517833638,
                -37.3938403156546
              ],
              [
                174.947415366257,
                -37.3943260490176
              ],
              [
                174.947266333489,
                -37.3945864658012
              ],
              [
                174.946984016978,
                -37.3948581993682
              ],
              [
                174.946840233066,
                -37.3956200989835
              ],
              [
                174.946982700409,
                -37.3958880158843
              ],
              [
                174.94703846658,
                -37.3956499653774
              ],
              [
                174.947214966294,
                -37.3954642827616
              ],
              [
                174.947507366384,
                -37.3954041489054
              ],
              [
                174.947714483565,
                -37.3954411156107
              ],
              [
                174.948470583262,
                -37.3958460990795
              ],
              [
                174.948520850165,
                -37.3960812658498
              ],
              [
                174.948202066727,
                -37.3967411827378
              ],
              [
                174.947765949667,
                -37.3969963826837
              ],
              [
                174.947294549929,
                -37.397061148935
              ],
              [
                174.946461599509,
                -37.3970553988956
              ],
              [
                174.945812933135,
                -37.397349415969
              ],
              [
                174.944949416785,
                -37.3974625487036
              ],
              [
                174.945418766832,
                -37.3986051158216
              ],
              [
                174.945436816298,
                -37.3994108819972
              ],
              [
                174.945563099827,
                -37.3995746323955
              ],
              [
                174.945813100497,
                -37.3996494994103
              ],
              [
                174.946168450489,
                -37.399871899014
              ],
              [
                174.946696800541,
                -37.4000128328004
              ],
              [
                174.947972499812,
                -37.3998146324213
              ],
              [
                174.949418833779,
                -37.3992832820505
              ],
              [
                174.949955666489,
                -37.3991473992837
              ],
              [
                174.950229516539,
                -37.3991551822284
              ],
              [
                174.950591333818,
                -37.3993507326126
              ],
              [
                174.950721182951,
                -37.3996006819705
              ],
              [
                174.950696167142,
                -37.399986049377
              ],
              [
                174.951003950274,
                -37.4002196989143
              ],
              [
                174.951250833471,
                -37.4007416325004
              ],
              [
                174.951710100167,
                -37.4009560494444
              ],
              [
                174.951817166451,
                -37.4011020988987
              ],
              [
                174.951825182808,
                -37.4017859327249
              ],
              [
                174.953193982792,
                -37.4023120490806
              ],
              [
                174.953492149759,
                -37.402502999356
              ],
              [
                174.953546316338,
                -37.4026198154293
              ],
              [
                174.953499900188,
                -37.4029548662272
              ],
              [
                174.95321073285,
                -37.4033307653574
              ],
              [
                174.952732599695,
                -37.4035687820024
              ],
              [
                174.952251933291,
                -37.4040144822577
              ],
              [
                174.951740316813,
                -37.4042159825871
              ],
              [
                174.951413500166,
                -37.4044804160304
              ],
              [
                174.951415800219,
                -37.4045803493365
              ],
              [
                174.951581949999,
                -37.4047754657658
              ],
              [
                174.952396999632,
                -37.4052146819513
              ],
              [
                174.952695449941,
                -37.4056353993836
              ],
              [
                174.952947233674,
                -37.4057848488385
              ],
              [
                174.953695132862,
                -37.4055504654621
              ],
              [
                174.953886949559,
                -37.4054033994795
              ],
              [
                174.954391232962,
                -37.4047418655238
              ],
              [
                174.954930250344,
                -37.4042012154079
              ],
              [
                174.955135850416,
                -37.4040917319858
              ],
              [
                174.955439066699,
                -37.4040860326407
              ],
              [
                174.955816366359,
                -37.4041921323387
              ],
              [
                174.95630641684,
                -37.404608848766
              ],
              [
                174.956847350346,
                -37.405270715572
              ],
              [
                174.957438067219,
                -37.4053957658855
              ],
              [
                174.9579604995,
                -37.4052193326364
              ],
              [
                174.958235549941,
                -37.4052483993299
              ],
              [
                174.959044816978,
                -37.4056706656568
              ],
              [
                174.959609367201,
                -37.4060830661407
              ],
              [
                174.959884233372,
                -37.4060295656525
              ],
              [
                174.960582766646,
                -37.4060529987695
              ],
              [
                174.960824932778,
                -37.405997049121
              ],
              [
                174.961192782916,
                -37.4057501989079
              ],
              [
                174.961803666786,
                -37.4056754154365
              ],
              [
                174.961742717201,
                -37.4050743987382
              ],
              [
                174.961788349985,
                -37.4048626823119
              ],
              [
                174.96199691624,
                -37.4046730327692
              ],
              [
                174.962305382873,
                -37.4046200495231
              ],
              [
                174.962797100121,
                -37.4047793658923
              ],
              [
                174.963546049449,
                -37.4047429490849
              ],
              [
                174.963986133707,
                -37.4047989320615
              ],
              [
                174.964711883094,
                -37.4050265487456
              ],
              [
                174.965710383394,
                -37.4055547156544
              ],
              [
                174.966567066413,
                -37.4061370992096
              ],
              [
                174.966774900207,
                -37.4062174490154
              ],
              [
                174.96694375028,
                -37.4060405653576
              ],
              [
                174.967078616169,
                -37.4055651325309
              ],
              [
                174.967412450337,
                -37.4050377161483
              ],
              [
                174.968126933335,
                -37.4045265486404
              ],
              [
                174.968608250307,
                -37.4039647987809
              ],
              [
                174.968992000433,
                -37.4039059325484
              ],
              [
                174.969178017252,
                -37.4039806988675
              ],
              [
                174.969281816283,
                -37.4040362658014
              ],
              [
                174.969399950056,
                -37.4042599157685
              ],
              [
                174.969309117238,
                -37.4048673656676
              ],
              [
                174.969384599727,
                -37.4055192323224
              ],
              [
                174.969269517115,
                -37.4057697326842
              ],
              [
                174.968920933272,
                -37.406024465547
              ],
              [
                174.968840450025,
                -37.4064575824084
              ],
              [
                174.968590433706,
                -37.4069594155075
              ],
              [
                174.968154716638,
                -37.4073663488115
              ],
              [
                174.967730217265,
                -37.4075610986317
              ],
              [
                174.966473716285,
                -37.4076020994564
              ],
              [
                174.966573383554,
                -37.4077120660276
              ],
              [
                174.967186933645,
                -37.4079357487929
              ],
              [
                174.96738245052,
                -37.4079432821622
              ],
              [
                174.96777815008,
                -37.4077619990482
              ],
              [
                174.968226950268,
                -37.4077521654792
              ],
              [
                174.968516033785,
                -37.408232748893
              ],
              [
                174.969000299655,
                -37.4087573995167
              ],
              [
                174.968977133146,
                -37.4090952826958
              ],
              [
                174.968749633073,
                -37.4094415987686
              ],
              [
                174.968340916799,
                -37.4097918492181
              ],
              [
                174.96730893283,
                -37.4103568328378
              ],
              [
                174.967093766429,
                -37.4106118161114
              ],
              [
                174.967086700178,
                -37.4107579661385
              ],
              [
                174.967291916965,
                -37.4109148321877
              ],
              [
                174.967879016961,
                -37.4109687989311
              ],
              [
                174.968605849749,
                -37.4109329492335
              ],
              [
                174.969212599702,
                -37.4108110160347
              ],
              [
                174.970235117139,
                -37.4105191654881
              ],
              [
                174.971161033247,
                -37.4100402320985
              ],
              [
                174.97178696721,
                -37.4098850327333
              ],
              [
                174.972554217108,
                -37.4093434823067
              ],
              [
                174.972890733012,
                -37.4092543158711
              ],
              [
                174.972975200226,
                -37.4092504661596
              ],
              [
                174.972975466953,
                -37.4093135160128
              ],
              [
                174.972846933854,
                -37.4093024657166
              ],
              [
                174.972473800298,
                -37.4094697155088
              ],
              [
                174.971789583691,
                -37.4099399655834
              ],
              [
                174.971101933783,
                -37.4101407155201
              ],
              [
                174.970615449689,
                -37.4104430495326
              ],
              [
                174.969918682872,
                -37.410755532545
              ],
              [
                174.968472799859,
                -37.4111124653769
              ]
            ]
          ]
        ]
      },
      "properties": {
        "OBJECTID": 10585,
        "NaPALIS_ID": 2795642,
        "Name": "Marginal Strip - Opuatia River",
        "Type": "MARGINAL_STRIP",
        "Legislation": "CONSERVATION_ACT",
        "Section": "S24_3_FIXED_MARGINAL_STRIP",
        "Conservation_Unit_Number": "R13009",
        "Recorded_Area": 20.5
      }
    },
    {
      "type": "Feature",
      "id": 1441,
      "geometry": {
        "type": "Polygon",
        "coordinates": [
          [
            [
              174.213982750854,
              -41.2679049820477
            ],
            [
              174.211745549562,
              -41.2683972830219
            ],
            [
              174.211566516438,
              -41.2686971823175
            ],
            [
              174.211429933612,
              -41.2685432989271
            ],
            [
              174.211082083156,
              -41.2683652316894
            ],
            [
              174.210649450277,
              -41.2682688329987
            ],
            [
              174.210655749935,
              -41.2682114318697
            ],
            [
              174.210998749821,
              -41.2680576825619
            ],
            [
              174.211155283584,
              -41.2678739984927
            ],
            [
              174.211177550079,
              -41.2674049823033
            ],
            [
              174.211419883021,
              -41.2671366329536
            ],
            [
              174.211364866543,
              -41.266933466429
            ],
            [
              174.211703816188,
              -41.2669525819808
            ],
            [
              174.211868333381,
              -41.2671383658225
            ],
            [
              174.212541565852,
              -41.2671168328526
            ],
            [
              174.212669334071,
              -41.2672001994068
            ],
            [
              174.212678950518,
              -41.2673212325842
            ],
            [
              174.212935999791,
              -41.2673265825808
            ],
            [
              174.213041517229,
              -41.2675594653403
            ],
            [
              174.213181599257,
              -41.2675967324109
            ],
            [
              174.213317783278,
              -41.2675539659535
            ],
            [
              174.213601917417,
              -41.2677726484943
            ],
            [
              174.213897400074,
              -41.2677562990948
            ],
            [
              174.213982750854,
              -41.2679049820477
            ]
          ]
        ]
      },
      "properties": {
        "OBJECTID": 1441,
        "NaPALIS_ID": 2801799,
        "Name": "Opua Bay Recreation Reserve",
        "Type": "RESERVE",
        "Legislation": "RESERVES_ACT",
        "Section": "17_RECREATION_RESERVE",
        "Conservation_Unit_Number": "01058",
        "Recorded_Area": 2.5
      }
    },
    {
      "type": "Feature",
      "id": 6635,
      "geometry": {
        "type": "MultiPolygon",
        "coordinates": [
          [
            [
              [
                174.114514316303,
                -35.3111412661947
              ],
              [
                174.114666682967,
                -35.3114807494614
              ],
              [
                174.114277166919,
                -35.3113778486758
              ],
              [
                174.114392916871,
                -35.3111778322179
              ],
              [
                174.114514316303,
                -35.3111412661947
              ]
            ]
          ],
          [
            [
              [
                174.115968516904,
                -35.3152565651365
              ],
              [
                174.115752749555,
                -35.3154028323602
              ],
              [
                174.11544666666,
                -35.315337916321
              ],
              [
                174.115530584047,
                -35.3150833493879
              ],
              [
                174.115869283514,
                -35.315158298808
              ],
              [
                174.115968516904,
                -35.3152565651365
              ]
            ]
          ],
          [
            [
              [
                174.114784766807,
                -35.3097083659925
              ],
              [
                174.114166733191,
                -35.3099927658466
              ],
              [
                174.11408291667,
                -35.3097298830063
              ],
              [
                174.114323116124,
                -35.3096635323341
              ],
              [
                174.114784766807,
                -35.3097083659925
              ]
            ]
          ],
          [
            [
              [
                174.115812333246,
                -35.3116761489144
              ],
              [
                174.115767183274,
                -35.3118620492276
              ],
              [
                174.114792433672,
                -35.3117045828276
              ],
              [
                174.115317434025,
                -35.3115792659259
              ],
              [
                174.115812333246,
                -35.3116761489144
              ]
            ]
          ],
          [
            [
              [
                174.114408683271,
                -35.3105935156902
              ],
              [
                174.114304049806,
                -35.3106250654497
              ],
              [
                174.114122766786,
                -35.3102212329013
              ],
              [
                174.114516417188,
                -35.3100400324091
              ],
              [
                174.114722417066,
                -35.3104988656044
              ],
              [
                174.114408683271,
                -35.3105935156902
              ]
            ]
          ],
          [
            [
              [
                174.11543490074,
                -35.314487015528
              ],
              [
                174.11536366653,
                -35.314858116001
              ],
              [
                174.114415267133,
                -35.3146486326042
              ],
              [
                174.114197116944,
                -35.31432726531
              ],
              [
                174.11543490074,
                -35.314487015528
              ]
            ]
          ],
          [
            [
              [
                174.117044949288,
                -35.3148321493064
              ],
              [
                174.116708916717,
                -35.3151562488698
              ],
              [
                174.116043533659,
                -35.3150087494416
              ],
              [
                174.116126516967,
                -35.3145761997749
              ],
              [
                174.11707073343,
                -35.3146978823222
              ],
              [
                174.117044949288,
                -35.3148321493064
              ]
            ]
          ],
          [
            [
              [
                174.115317049784,
                -35.315036082553
              ],
              [
                174.115223882655,
                -35.315318932552
              ],
              [
                174.114669950179,
                -35.3152718996473
              ],
              [
                174.113781816347,
                -35.3150250327279
              ],
              [
                174.113499050739,
                -35.3145692486673
              ],
              [
                174.113472849817,
                -35.3140737491756
              ],
              [
                174.11371335079,
                -35.3139880656924
              ],
              [
                174.114267333646,
                -35.3148037662317
              ],
              [
                174.115317049784,
                -35.315036082553
              ]
            ]
          ],
          [
            [
              [
                174.1155409667,
                -35.3138315652668
              ],
              [
                174.115488066361,
                -35.3139423158007
              ],
              [
                174.114751717035,
                -35.3138474154238
              ],
              [
                174.113992366933,
                -35.3132055322361
              ],
              [
                174.112998716368,
                -35.31284639973
              ],
              [
                174.11306494986,
                -35.3120848323905
              ],
              [
                174.113202917417,
                -35.3119420822089
              ],
              [
                174.11375550016,
                -35.311705432381
              ],
              [
                174.114167632701,
                -35.3119039996835
              ],
              [
                174.114361382869,
                -35.3123409488846
              ],
              [
                174.115844867227,
                -35.3126074992701
              ],
              [
                174.116621566642,
                -35.3128956657421
              ],
              [
                174.115996299266,
                -35.3130825157773
              ],
              [
                174.1155409667,
                -35.3138315652668
              ]
            ]
          ]
        ]
      },
      "properties": {
        "OBJECTID": 6635,
        "NaPALIS_ID": 2797594,
        "Name": "Opua Scenic Reserve",
        "Type": "RESERVE",
        "Legislation": "RESERVES_ACT",
        "Section": "S19_1_A_SCENIC_RESERVE",
        "Conservation_Unit_Number": "Q05041",
        "Recorded_Area": 6.1
      }
    },
    {
      "type": "Feature",
      "id": 103,
      "geometry": {
        "type": "Polygon",
        "coordinates": [
          [
            [
              175.060733750113,
              -37.4151989989055
            ],
            [
              175.059913983471,
              -37.4162418492966
            ],
            [
              175.062226566458,
              -37.4188435154683
            ],
            [
              175.064286883848,
              -37.4204976159189
            ],
            [
              175.065435533599,
              -37.4205526823341
            ],
            [
              175.067570916565,
              -37.4212817823739
            ],
            [
              175.069393932497,
              -37.4220430496226
            ],
            [
              175.069655300033,
              -37.421821348477
            ],
            [
              175.070180382893,
              -37.4220482991045
            ],
            [
              175.070448416664,
              -37.4219043163014
            ],
            [
              175.071076416799,
              -37.4218604823161
            ],
            [
              175.071481217045,
              -37.4208822989216
            ],
            [
              175.071819049931,
              -37.4211435321406
            ],
            [
              175.069972983477,
              -37.4251843317936
            ],
            [
              175.068398049184,
              -37.4250221826734
            ],
            [
              175.068130016628,
              -37.425773616
            ],
            [
              175.059945550238,
              -37.4262706984473
            ],
            [
              175.059848050462,
              -37.4258608495281
            ],
            [
              175.059372716864,
              -37.4253183162248
            ],
            [
              175.059107950198,
              -37.4248221991227
            ],
            [
              175.058989617432,
              -37.4243234992202
            ],
            [
              175.059197749603,
              -37.4235186817853
            ],
            [
              175.059935883099,
              -37.4214360157765
            ],
            [
              175.059903066629,
              -37.421002615559
            ],
            [
              175.059645183005,
              -37.4207567323425
            ],
            [
              175.058605549858,
              -37.420240748847
            ],
            [
              175.057567767316,
              -37.4197914829376
            ],
            [
              175.056406767143,
              -37.4194278154451
            ],
            [
              175.055982467379,
              -37.4192182156489
            ],
            [
              175.055807349624,
              -37.4189375158328
            ],
            [
              175.05576449989,
              -37.4181370659845
            ],
            [
              175.056203549857,
              -37.4165937822144
            ],
            [
              175.057171683024,
              -37.4167938993759
            ],
            [
              175.063118733915,
              -37.4138858491403
            ],
            [
              175.063214934071,
              -37.4139622491069
            ],
            [
              175.060733750113,
              -37.4151989989055
            ]
          ]
        ]
      },
      "properties": {
        "OBJECTID": 103,
        "NaPALIS_ID": 2794828,
        "Name": "Opuatia Swamp Wildlife Management Reserve",
        "Type": "RESERVE",
        "Legislation": "RESERVES_ACT",
        "Section": "S22_GOVERNMENT_PURPOSE_RESERVE",
        "Conservation_Unit_Number": "S13015",
        "Recorded_Area": 78.6
      }
    },
    {
      "type": "Feature",
      "id": 8394,
      "geometry": {
        "type": "Polygon",
        "coordinates": [
          [
            [
              174.321021934097,
              -35.499115216115
            ],
            [
              174.320975582738,
              -35.5080317161276
            ],
            [
              174.319118866428,
              -35.5080246657893
            ],
            [
              174.320812733794,
              -35.5106304991657
            ],
            [
              174.32079296741,
              -35.5143690825387
            ],
            [
              174.320132250266,
              -35.5144550661884
            ],
            [
              174.318692332888,
              -35.5151531330714
            ],
            [
              174.317829883422,
              -35.5150988161794
            ],
            [
              174.31758831704,
              -35.5149255985763
            ],
            [
              174.317558599396,
              -35.5145615991592
            ],
            [
              174.31767888404,
              -35.5142530830466
            ],
            [
              174.317491134097,
              -35.5141562486278
            ],
            [
              174.3177147999,
              -35.5137925988729
            ],
            [
              174.317470199906,
              -35.5132677158207
            ],
            [
              174.317078500402,
              -35.5129693490616
            ],
            [
              174.31633853294,
              -35.5128523161058
            ],
            [
              174.315810133574,
              -35.5124776324496
            ],
            [
              174.3153760165,
              -35.5125134326574
            ],
            [
              174.315275266371,
              -35.5119751156024
            ],
            [
              174.314420517157,
              -35.5115280817847
            ],
            [
              174.314408332857,
              -35.5110036325363
            ],
            [
              174.313744999898,
              -35.5103731654038
            ],
            [
              174.313776816385,
              -35.5101658660443
            ],
            [
              174.314025199751,
              -35.5098086821914
            ],
            [
              174.314012533069,
              -35.5095700493253
            ],
            [
              174.31356404975,
              -35.5092197156845
            ],
            [
              174.313210733994,
              -35.5086858659496
            ],
            [
              174.312235750137,
              -35.5083195991672
            ],
            [
              174.311645099929,
              -35.5083589323021
            ],
            [
              174.311426483173,
              -35.5084583484561
            ],
            [
              174.311118616232,
              -35.5083773153706
            ],
            [
              174.311015532891,
              -35.507927698988
            ],
            [
              174.310122617167,
              -35.508238366018
            ],
            [
              174.309809733495,
              -35.5086815320626
            ],
            [
              174.303066166569,
              -35.5086582328964
            ],
            [
              174.303158432959,
              -35.504984332618
            ],
            [
              174.303318116064,
              -35.5049816652632
            ],
            [
              174.303344633425,
              -35.5004792323604
            ],
            [
              174.309651716811,
              -35.5005024490359
            ],
            [
              174.309670750632,
              -35.4972392157136
            ],
            [
              174.320960732766,
              -35.4966246160206
            ],
            [
              174.321021934097,
              -35.499115216115
            ]
          ]
        ]
      },
      "properties": {
        "OBJECTID": 8394,
        "NaPALIS_ID": 2795676,
        "Name": "Opuawhanga Government Purpose Wildlife Refuge Reserve",
        "Type": "RESERVE",
        "Legislation": "RESERVES_ACT",
        "Section": "S22_GOVERNMENT_PURPOSE_RESERVE",
        "Conservation_Unit_Number": "Q06018",
        "Recorded_Area": 216.9
      }
    },
    {
      "type": "Feature",
      "id": 1821,
      "geometry": {
        "type": "MultiPolygon",
        "coordinates": [
          [
            [
              [
                174.587462749145,
                -39.2938206325251
              ],
              [
                174.587682516336,
                -39.2940561489606
              ],
              [
                174.587911499819,
                -39.2940167152592
              ],
              [
                174.588100250291,
                -39.2941747328124
              ],
              [
                174.588621383922,
                -39.2943080989823
              ],
              [
                174.5888195665,
                -39.2944957653537
              ],
              [
                174.589781966814,
                -39.2947451321613
              ],
              [
                174.590368783244,
                -39.2947746328266
              ],
              [
                174.590527217543,
                -39.2957712159372
              ],
              [
                174.591290050532,
                -39.2959107828038
              ],
              [
                174.591283600741,
                -39.2961765160897
              ],
              [
                174.591540533657,
                -39.2966497493684
              ],
              [
                174.591341583196,
                -39.2970117323195
              ],
              [
                174.591513083455,
                -39.2971905655909
              ],
              [
                174.591077966231,
                -39.2973813826527
              ],
              [
                174.59206559985,
                -39.2982991492534
              ],
              [
                174.592656132793,
                -39.2986583822037
              ],
              [
                174.593798933985,
                -39.2990864326497
              ],
              [
                174.593745150101,
                -39.2994878822389
              ],
              [
                174.592462249739,
                -39.2998177162857
              ],
              [
                174.592431533353,
                -39.2992785653765
              ],
              [
                174.592347900414,
                -39.2990280826305
              ],
              [
                174.591594733295,
                -39.298768316434
              ],
              [
                174.591480415985,
                -39.2985801823842
              ],
              [
                174.590713683437,
                -39.2983618662052
              ],
              [
                174.590464882604,
                -39.2982149326649
              ],
              [
                174.589882650378,
                -39.2976339817863
              ],
              [
                174.589757466713,
                -39.2971620657849
              ],
              [
                174.589566799903,
                -39.2968790489622
              ],
              [
                174.589574650008,
                -39.2965262652737
              ],
              [
                174.589033566796,
                -39.2959400157456
              ],
              [
                174.581195232642,
                -39.2959172491602
              ],
              [
                174.581113966187,
                -39.295569532596
              ],
              [
                174.580700050196,
                -39.2946057822457
              ],
              [
                174.581513366014,
                -39.2943233986168
              ],
              [
                174.581967032583,
                -39.2944713491582
              ],
              [
                174.582317316426,
                -39.2941625159321
              ],
              [
                174.582692765839,
                -39.294228965376
              ],
              [
                174.58425890051,
                -39.2934381659238
              ],
              [
                174.584288049967,
                -39.2931263491992
              ],
              [
                174.584604300614,
                -39.2928843325529
              ],
              [
                174.585303016027,
                -39.2926170492652
              ],
              [
                174.58590465007,
                -39.292062381946
              ],
              [
                174.586538916543,
                -39.2922562164099
              ],
              [
                174.586379883065,
                -39.2934375989417
              ],
              [
                174.587462749145,
                -39.2938206325251
              ]
            ]
          ],
          [
            [
              [
                174.577711700298,
                -39.292910549214
              ],
              [
                174.578437382713,
                -39.2937033324479
              ],
              [
                174.578881933113,
                -39.29398653233
              ],
              [
                174.578758316649,
                -39.2944368988499
              ],
              [
                174.579547449889,
                -39.2947159158146
              ],
              [
                174.579907483576,
                -39.2950436489862
              ],
              [
                174.579810116583,
                -39.295184532404
              ],
              [
                174.57979746695,
                -39.2955854657866
              ],
              [
                174.58065070026,
                -39.2958270488853
              ],
              [
                174.580676682591,
                -39.2959481158819
              ],
              [
                174.580239416598,
                -39.2967732992592
              ],
              [
                174.580459233138,
                -39.296864549052
              ],
              [
                174.5801906339,
                -39.297431182535
              ],
              [
                174.580258983295,
                -39.2980532818393
              ],
              [
                174.580032899801,
                -39.2982392329899
              ],
              [
                174.579995833322,
                -39.2987458152624
              ],
              [
                174.579772450535,
                -39.2989202826773
              ],
              [
                174.579871250262,
                -39.2994435322761
              ],
              [
                174.580091350005,
                -39.299548515791
              ],
              [
                174.579887383777,
                -39.2999586485203
              ],
              [
                174.580151983203,
                -39.3000791156168
              ],
              [
                174.580059000683,
                -39.3001443485224
              ],
              [
                174.580066100702,
                -39.3004177993145
              ],
              [
                174.572367282878,
                -39.3004307163232
              ],
              [
                174.572315983205,
                -39.3002515492188
              ],
              [
                174.57129776706,
                -39.2995724656377
              ],
              [
                174.57130010047,
                -39.2990159659205
              ],
              [
                174.571118050171,
                -39.2985083657653
              ],
              [
                174.571324650531,
                -39.2973416154326
              ],
              [
                174.571579799963,
                -39.2968656163912
              ],
              [
                174.571746000056,
                -39.2962651658601
              ],
              [
                174.572617515886,
                -39.2961177485523
              ],
              [
                174.572864267021,
                -39.2959785152844
              ],
              [
                174.573258666056,
                -39.2959757325351
              ],
              [
                174.573279266921,
                -39.2962343825495
              ],
              [
                174.574179650175,
                -39.2966266159969
              ],
              [
                174.574888132966,
                -39.2961050827914
              ],
              [
                174.575804683009,
                -39.2961237997413
              ],
              [
                174.575821066716,
                -39.2959106160701
              ],
              [
                174.574813583348,
                -39.2954647152799
              ],
              [
                174.574846332601,
                -39.2951849157948
              ],
              [
                174.575353400203,
                -39.2940153991742
              ],
              [
                174.574990049596,
                -39.2933693663553
              ],
              [
                174.575332717547,
                -39.2931201821075
              ],
              [
                174.575340316458,
                -39.2929093824538
              ],
              [
                174.575530250087,
                -39.2928315323582
              ],
              [
                174.575955200551,
                -39.2928699155438
              ],
              [
                174.57640825078,
                -39.2929881157052
              ],
              [
                174.57698754983,
                -39.2926398827781
              ],
              [
                174.577058582964,
                -39.2925084821774
              ],
              [
                174.577332416136,
                -39.2923540156309
              ],
              [
                174.577533683309,
                -39.2924019823992
              ],
              [
                174.577711700298,
                -39.292910549214
              ]
            ]
          ]
        ]
      },
      "properties": {
        "OBJECTID": 1821,
        "NaPALIS_ID": 2802280,
        "Name": "Popuanui Conservation Area",
        "Type": "CONSERVATION_AREA",
        "Legislation": "CONSERVATION_ACT",
        "Section": "S25_STEWARDSHIP_AREA",
        "Conservation_Unit_Number": "70392",
        "Recorded_Area": 72.4
      }
    }
  ]
}
