{"type": "FeatureCollection", "crs": {"type": "name", "properties": {"name": "EPSG:4326"}}, "features": [{"type": "Feature", "geometry": {"type": "Polygon", "coordinates": [[[174.97, -35.5822], [174.9595, -35.6153], [174.9421, -35.6468], [174.917, -35.6765], [174.8857, -35.7022], [174.9114, -35.7133], [174.9126, -35.7216], [174.9137, -35.7404], [174.9124, -35.7845], [174.9094, -35.8083], [174.9047, -35.8296], [174.8903, -35.8728], [174.8713, -35.9095], [174.8298, -35.966], [174.8118, -35.9835], [174.7826, -36.0071], [174.6168, -36.1175], [174.6059, -36.1216], [174.6069, -36.1228], [174.6045, -36.1271], [174.6069, -36.1302], [174.6068, -36.1328], [174.6008, -36.1332], [174.6017, -36.1367], [174.5986, -36.1403], [174.5937, -36.1418], [174.5884, -36.1405], [174.5841, -36.1442], [174.5826, -36.1482], [174.584, -36.1559], [174.5867, -36.1577], [174.5802, -36.167], [174.5711, -36.1662], [174.5703, -36.1719], [174.5656, -36.1713], [174.5658, -36.1741], [174.5641, -36.1738], [174.5628, -36.1791], [174.5519, -36.1774], [174.548, -36.1802], [174.5459, -36.1795], [174.5397, -36.1828], [174.5346, -36.1835], [174.5223, -36.1972], [174.5245, -36.2028], [174.5232, -36.2047], [174.5254, -36.2078], [174.523, -36.2101], [174.5185, -36.2105], [174.4985, -36.2243], [174.4895, -36.2241], [174.4885, -36.2229], [174.4858, -36.2258], [174.4851, -36.2296], [174.4835, -36.2302], [174.4832, -36.228], [174.4783, -36.2295], [174.4726, -36.2372], [174.4732, -36.2493], [174.4676, -36.2602], [174.4606, -36.2602], [174.4578, -36.2578], [174.4565, -36.2534], [174.4538, -36.2533], [174.4397, -36.2649], [174.4293, -36.2676], [174.4267, -36.2727], [174.412, -36.2777], [174.399, -36.2926], [174.3923, -36.2953], [174.3718, -36.299], [174.3644, -36.3045], [174.3577, -36.3151], [174.3424, -36.3198], [174.3341, -36.3194], [174.324, -36.3151], [174.315, -36.318], [174.3118, -36.3176], [174.3071, -36.3144], [174.3008, -36.3054], [174.2937, -36.3018], [174.2484, -36.2956], [174.2391, -36.2963], [174.235, -36.3014], [174.2149, -36.3455], [174.2019, -36.3854], [174.1931, -36.4016], [174.123, -36.4351], [173.8966, -36.5585], [173.871, -36.5396], [173.8527, -36.5239], [173.8301, -36.4995], [173.8155, -36.4783], [173.7984, -36.4473], [173.7887, -36.4232], [173.7828, -36.3985], [173.7807, -36.3712], [173.7748, -36.3512], [173.7625, -36.3332], [173.7541, -36.3172], [173.7194, -36.2716], [173.6799, -36.229], [173.6389, -36.1783], [173.5902, -36.1264], [173.5584, -36.0863], [173.5228, -36.0487], [173.4984, -36.026], [173.4614, -35.9803], [173.4434, -35.9634], [173.4089, -35.9243], [173.3703, -35.8942], [173.3468, -35.8718], [173.3277, -35.8479], [173.3158, -35.8269], [173.2895, -35.7986], [173.2672, -35.7834], [173.2394, -35.7577], [173.2257, -35.741], [173.2081, -35.7117], [173.1845, -35.691], [173.1669, -35.6714], [173.1491, -35.6447], [173.1331, -35.6135], [173.1073, -35.5832], [173.0835, -35.5604], [173.0643, -35.5394], [173.0322, -35.5127], [172.9528, -35.4179], [172.9341, -35.3853], [172.9178, -35.3699], [172.9025, -35.3515], [172.8691, -35.3249], [172.857, -35.3122], [172.8413, -35.2919], [172.8242, -35.2603], [172.8172, -35.2403], [172.8134, -35.2236], [172.8102, -35.2037], [172.8098, -35.1817], [172.8103, -35.1669], [172.8138, -35.1463], [172.8222, -35.1184], [172.8426, -35.0772], [172.8664, -35.0459], [172.891, -35.0224], [172.8844, -35.0126], [172.8337, -34.953], [172.7804, -34.8947], [172.7702, -34.8806], [172.7408, -34.8457], [172.7207, -34.8321], [172.7041, -34.8171], [172.6869, -34.799], [172.6729, -34.7789], [172.6556, -34.7695], [172.6295, -34.7511], [172.6075, -34.7316], [172.59, -34.7109], [172.5812, -34.6973], [172.564, -34.6878], [172.5427, -34.6734], [172.5132, -34.6468], [172.4748, -34.6242], [172.4484, -34.6019], [172.4312, -34.5818], [172.4143, -34.5566], [172.4039, -34.533], [172.3961, -34.5042], [172.3934, -34.4836], [172.3924, -34.4679], [172.395, -34.4369], [172.4017, -34.4115], [172.4084, -34.3941], [172.4247, -34.3658], [172.4426, -34.3433], [172.4598, -34.3267], [172.4723, -34.317], [172.48, -34.3062], [172.4899, -34.2961], [172.5167, -34.2721], [172.5386, -34.2571], [172.5641, -34.2439], [172.5902, -34.2337], [172.6138, -34.2274], [172.6464, -34.2218], [172.6806, -34.2199], [172.7167, -34.2224], [172.7585, -34.2309], [172.7845, -34.2231], [172.8202, -34.2167], [172.8597, -34.2148], [172.8963, -34.2159], [172.9241, -34.2061], [172.9524, -34.1992], [172.9845, -34.1953], [173.0175, -34.1935], [173.0541, -34.1949], [173.0876, -34.2008], [173.116, -34.2086], [173.1445, -34.2203], [173.197, -34.2487], [173.2242, -34.2676], [173.2384, -34.2799], [173.2616, -34.3054], [173.2684, -34.3157], [173.278, -34.3314], [173.2904, -34.3622], [173.2947, -34.3779], [173.2979, -34.4092], [173.2964, -34.4353], [173.2936, -34.4496], [173.2865, -34.4736], [173.2796, -34.4883], [173.2712, -34.504], [173.2496, -34.5323], [173.2426, -34.5645], [173.2459, -34.5667], [173.347, -34.5672], [173.3755, -34.5691], [173.4491, -34.5777], [173.4898, -34.5883], [173.5112, -34.5966], [173.5315, -34.6067], [173.5594, -34.6248], [173.5905, -34.6531], [173.6027, -34.6681], [173.6208, -34.6811], [173.6411, -34.6986], [173.6627, -34.7205], [173.695, -34.7424], [173.726, -34.7452], [173.7527, -34.7504], [173.7988, -34.7526], [173.8386, -34.76], [173.8756, -34.7721], [173.8929, -34.769], [173.9299, -34.7658], [173.9537, -34.7662], [173.9799, -34.7689], [174.0336, -34.7806], [174.0592, -34.7882], [174.0724, -34.793], [174.1027, -34.8076], [174.1171, -34.8158], [174.1453, -34.8366], [174.169, -34.8609], [174.1855, -34.8818], [174.2052, -34.9179], [174.2133, -34.9449], [174.2321, -34.9563], [174.3533, -34.9631], [174.3942, -34.9684], [174.4162, -34.9726], [174.4385, -34.9795], [174.457, -34.9869], [174.4809, -34.9992], [174.5026, -35.0132], [174.5274, -35.034], [174.5411, -35.0488], [174.5544, -35.0661], [174.5668, -35.0873], [174.5782, -35.1158], [174.5838, -35.1415], [174.5866, -35.1924], [174.5857, -35.2104], [174.6217, -35.2673], [174.6642, -35.2527], [174.7095, -35.2449], [174.7343, -35.2437], [174.7625, -35.2447], [174.7997, -35.2503], [174.8373, -35.2611], [174.8792, -35.2808], [174.914, -35.3055], [174.9453, -35.3368], [174.9569, -35.3519], [174.9682, -35.3702], [174.9786, -35.3938], [174.9868, -35.425], [174.9929, -35.4708], [174.9935, -35.4921], [174.9893, -35.5225], [174.9834, -35.5422], [174.9726, -35.5664], [174.97, -35.5822]]]}, "properties": {"REGC2025_V1_00": "01", "REGC2025_V1_00_NAME": "Northland Region"}}, {"type": "Feature", "geometry": {"type": "Polygon", "coordinates": [[[174.6166, -36.1176], [174.7936, -35.9986], [174.8298, -35.966], [174.8575, -35.93], [174.8727, -35.9071], [174.8873, -35.8796], [174.8969, -35.8555], [174.9056, -35.826], [174.9107, -35.8002], [174.9129, -35.7756], [174.9136, -35.7332], [174.9114, -35.7133], [174.932, -35.7247], [174.9716, -35.71], [174.9946, -35.7043], [175.0199, -35.7003], [175.0493, -35.6985], [175.0908, -35.7006], [175.1161, -35.6994], [175.1435, -35.7004], [175.1812, -35.7061], [175.2167, -35.7162], [175.2408, -35.7262], [175.2724, -35.744], [175.3063, -35.7601], [175.3231, -35.7707], [175.3467, -35.7893], [175.366, -35.8089], [175.3789, -35.8252], [175.4042, -35.8239], [175.4382, -35.8253], [175.4849, -35.8338], [175.5137, -35.8431], [175.5335, -35.8515], [175.5708, -35.8735], [175.589, -35.888], [175.6059, -35.9043], [175.6261, -35.9282], [175.6388, -35.9476], [175.6735, -35.9668], [175.704, -35.991], [175.7278, -36.0176], [175.7422, -36.0398], [175.7493, -36.0538], [175.7577, -36.0776], [175.7634, -36.1097], [175.7643, -36.1332], [175.7633, -36.1495], [175.759, -36.173], [175.755, -36.1857], [175.7674, -36.2046], [175.779, -36.228], [175.8147, -36.231], [175.843, -36.2366], [175.877, -36.2469], [175.9033, -36.2583], [175.6281, -36.385], [175.4169, -36.3799], [175.251, -36.3997], [175.1631, -36.5239], [175.2666, -36.7038], [175.2896, -36.7681], [175.311, -36.8384], [175.3793, -36.9626], [175.3886, -37.0219], [175.2911, -37.024], [175.2678, -37.0274], [175.2077, -37.0301], [175.2027, -37.036], [175.2067, -37.0373], [175.2021, -37.0387], [175.1971, -37.0359], [175.1929, -37.0395], [175.1898, -37.0387], [175.1848, -37.0408], [175.179, -37.0344], [175.1785, -37.0303], [175.1761, -37.0277], [175.173, -37.027], [175.1677, -37.0211], [175.166, -37.0214], [175.1639, -37.0161], [175.1608, -37.0159], [175.1521, -37.0216], [175.1516, -37.0246], [175.1556, -37.0298], [175.1531, -37.0373], [175.1548, -37.0379], [175.1535, -37.0432], [175.1556, -37.047], [175.1476, -37.0549], [175.1466, -37.0632], [175.149, -37.0673], [175.1455, -37.0684], [175.1477, -37.0702], [175.1466, -37.0712], [175.1505, -37.0703], [175.1483, -37.0759], [175.146, -37.0759], [175.1448, -37.0791], [175.1445, -37.0872], [175.1464, -37.0898], [175.1408, -37.0987], [175.1446, -37.1013], [175.1434, -37.1086], [175.1473, -37.1099], [175.15, -37.1197], [175.1542, -37.121], [175.1524, -37.1275], [175.1539, -37.1361], [175.1522, -37.143], [175.1482, -37.1428], [175.1452, -37.1446], [175.1463, -37.1523], [175.1442, -37.1677], [175.1339, -37.1682], [175.1402, -37.1719], [175.1398, -37.1736], [175.1419, -37.1758], [175.1317, -37.1817], [175.1326, -37.1854], [175.1307, -37.1864], [175.1233, -37.1848], [175.1209, -37.1896], [175.1135, -37.1864], [175.1103, -37.1879], [175.1052, -37.1814], [175.0963, -37.1822], [175.0955, -37.1796], [175.0928, -37.1808], [175.0896, -37.1795], [175.0872, -37.1822], [175.0813, -37.1817], [175.0832, -37.1823], [175.0823, -37.1833], [175.0834, -37.1846], [175.0811, -37.1868], [175.0857, -37.1897], [175.0844, -37.1915], [175.0862, -37.1925], [175.0738, -37.1947], [175.0722, -37.1923], [175.0667, -37.1909], [175.0661, -37.1819], [175.0545, -37.1808], [175.0453, -37.1828], [175.045, -37.1881], [175.0379, -37.1884], [175.0373, -37.1921], [175.0327, -37.1908], [175.0326, -37.1887], [175.0292, -37.1888], [175.0296, -37.1962], [175.0204, -37.1996], [175.0184, -37.1955], [175.0142, -37.1969], [175.0111, -37.2012], [175.0075, -37.203], [175.0071, -37.2055], [174.9903, -37.2166], [174.9812, -37.2081], [174.9796, -37.2092], [174.9732, -37.1948], [174.9569, -37.1986], [174.9526, -37.1962], [174.948, -37.1957], [174.9486, -37.198], [174.9378, -37.1997], [174.9385, -37.2024], [174.9299, -37.2062], [174.9365, -37.2146], [174.932, -37.219], [174.9309, -37.2246], [174.9325, -37.225], [174.9314, -37.2289], [174.9328, -37.2316], [174.9308, -37.2331], [174.9278, -37.2329], [174.9279, -37.2311], [174.9259, -37.232], [174.9257, -37.2304], [174.9193, -37.2366], [174.9165, -37.2308], [174.8893, -37.2333], [174.8868, -37.2306], [174.8791, -37.2346], [174.8814, -37.237], [174.8757, -37.2406], [174.8726, -37.2383], [174.869, -37.245], [174.8637, -37.2439], [174.8589, -37.2454], [174.8553, -37.2442], [174.8504, -37.2512], [174.8478, -37.2471], [174.851, -37.2396], [174.8465, -37.2385], [174.8481, -37.2342], [174.8436, -37.2331], [174.843, -37.2354], [174.8274, -37.2312], [174.8237, -37.2326], [174.8138, -37.2284], [174.8117, -37.2309], [174.8063, -37.2268], [174.8009, -37.2325], [174.7926, -37.2345], [174.7916, -37.2398], [174.7846, -37.2419], [174.7775, -37.2413], [174.7731, -37.243], [174.7693, -37.2477], [174.7568, -37.2516], [174.756, -37.2541], [174.7389, -37.2679], [174.7328, -37.2686], [174.7315, -37.2629], [174.7271, -37.2629], [174.726, -37.2648], [174.7225, -37.2581], [174.7129, -37.2594], [174.7088, -37.2618], [174.6997, -37.2615], [174.6745, -37.2754], [174.6582, -37.282], [174.6577, -37.2839], [174.6617, -37.2884], [174.661, -37.2918], [174.6592, -37.2926], [174.4256, -37.3635], [174.3943, -37.3081], [174.3852, -37.2864], [174.3785, -37.2746], [174.3615, -37.2519], [174.3392, -37.2142], [174.3145, -37.1992], [174.2877, -37.1769], [174.2696, -37.157], [174.2525, -37.1319], [174.2375, -37.0975], [174.2319, -37.0719], [174.2301, -37.0493], [174.2155, -36.998], [174.1952, -36.947], [174.1847, -36.9111], [174.1745, -36.8852], [174.1702, -36.8672], [174.1554, -36.8477], [174.1407, -36.8221], [174.1201, -36.7981], [174.0878, -36.7471], [174.0738, -36.7313], [174.0593, -36.7102], [174.0416, -36.694], [174.0098, -36.6597], [173.9939, -36.639], [173.9813, -36.6269], [173.9676, -36.6105], [173.8966, -36.5585], [174.123, -36.4351], [174.1931, -36.4016], [174.2019, -36.3854], [174.2149, -36.3455], [174.235, -36.3014], [174.2386, -36.2966], [174.2484, -36.2956], [174.2949, -36.3021], [174.3008, -36.3054], [174.3071, -36.3144], [174.3131, -36.318], [174.324, -36.3151], [174.3341, -36.3194], [174.3399, -36.3201], [174.3562, -36.3159], [174.3601, -36.3127], [174.3644, -36.3045], [174.3698, -36.3002], [174.3763, -36.2973], [174.3974, -36.2934], [174.4032, -36.2893], [174.412, -36.2777], [174.4267, -36.2727], [174.4293, -36.2676], [174.4397, -36.2649], [174.4538, -36.2533], [174.4564, -36.2533], [174.4579, -36.258], [174.4609, -36.2604], [174.4647, -36.2611], [174.4682, -36.2598], [174.4732, -36.2491], [174.4726, -36.2372], [174.4784, -36.2294], [174.4832, -36.228], [174.4835, -36.2302], [174.4851, -36.2296], [174.4858, -36.2258], [174.4885, -36.2229], [174.4895, -36.2241], [174.4985, -36.2243], [174.5185, -36.2105], [174.523, -36.2101], [174.5254, -36.2078], [174.5232, -36.2047], [174.5245, -36.2028], [174.5223, -36.1972], [174.5346, -36.1835], [174.5397, -36.1828], [174.5459, -36.1795], [174.548, -36.1802], [174.5519, -36.1774], [174.5628, -36.1791], [174.5641, -36.1738], [174.5658, -36.1741], [174.5656, -36.1713], [174.5703, -36.1719], [174.5711, -36.1662], [174.5802, -36.167], [174.5866, -36.1581], [174.584, -36.1559], [174.5826, -36.1485], [174.5847, -36.1431], [174.5885, -36.1405], [174.5937, -36.1418], [174.5986, -36.1403], [174.6017, -36.1367], [174.6008, -36.1332], [174.6068, -36.1327], [174.6045, -36.1271], [174.6069, -36.1228], [174.6059, -36.1216], [174.6166, -36.1176]]]}, "properties": {"REGC2025_V1_00": "02", "REGC2025_V1_00_NAME": "Auckland"}}, {"type": "Feature", "geometry": {"type": "Polygon", "coordinates": [[[175.5382, -38.4703], [175.5421, -38.4806], [175.5186, -38.4793], [175.5102, -38.4813], [175.4947, -38.481], [175.4845, -38.484], [175.4829, -38.4828], [175.4831, -38.4796], [175.4809, -38.4789], [175.4695, -38.4849], [175.4596, -38.4843], [175.4572, -38.4863], [175.4483, -38.4877], [175.4392, -38.4926], [175.4392, -38.4942], [175.444, -38.4954], [175.4431, -38.4989], [175.4332, -38.5017], [175.4265, -38.506], [175.4228, -38.5115], [175.4159, -38.5135], [175.4153, -38.5157], [175.4179, -38.5222], [175.4151, -38.5281], [175.4072, -38.5344], [175.4007, -38.5373], [175.3955, -38.5431], [175.3858, -38.5409], [175.3835, -38.5418], [175.3816, -38.5608], [175.3778, -38.5727], [175.3355, -38.5815], [175.3318, -38.5703], [175.3354, -38.5695], [175.3361, -38.5672], [175.3322, -38.5634], [175.3347, -38.5593], [175.3299, -38.5564], [175.3292, -38.5543], [175.3264, -38.5543], [175.3247, -38.5514], [175.3178, -38.556], [175.303, -38.5715], [175.3009, -38.5887], [175.3064, -38.5954], [175.3019, -38.5992], [175.3002, -38.6006], [175.2851, -38.588], [175.2653, -38.6137], [175.2622, -38.6122], [175.2563, -38.6132], [175.2544, -38.6166], [175.2519, -38.6142], [175.2485, -38.6154], [175.2404, -38.624], [175.2364, -38.6253], [175.2343, -38.6322], [175.2309, -38.632], [175.2224, -38.6365], [175.2132, -38.6394], [175.2077, -38.639], [175.1966, -38.6335], [175.1952, -38.6294], [175.1838, -38.6309], [175.1733, -38.6274], [175.167, -38.6271], [175.159, -38.6296], [175.1546, -38.6288], [175.1496, -38.6307], [175.1437, -38.6301], [175.1389, -38.6316], [175.136, -38.6293], [175.1357, -38.6263], [175.1195, -38.6264], [175.1164, -38.6219], [175.1092, -38.6245], [175.1079, -38.6277], [175.0997, -38.6314], [175.0984, -38.6338], [175.0925, -38.635], [175.0931, -38.638], [175.0885, -38.6378], [175.0875, -38.6358], [175.083, -38.6348], [175.0744, -38.6297], [175.0695, -38.6301], [175.07, -38.6377], [175.0574, -38.6405], [175.058, -38.6443], [175.0539, -38.6456], [175.0511, -38.6494], [175.0392, -38.6516], [175.0398, -38.655], [175.0325, -38.6569], [175.0293, -38.656], [175.0265, -38.6592], [175.0247, -38.6578], [175.0222, -38.6595], [175.018, -38.659], [175.017, -38.6604], [175.0026, -38.6634], [175.0005, -38.6663], [174.9943, -38.6648], [174.9865, -38.6655], [174.9811, -38.6619], [174.979, -38.6663], [174.9756, -38.6653], [174.9716, -38.6673], [174.9674, -38.6676], [174.9609, -38.6636], [174.9567, -38.6647], [174.9544, -38.6675], [174.9558, -38.673], [174.9542, -38.675], [174.9596, -38.6783], [174.9579, -38.6874], [174.9616, -38.6902], [174.9611, -38.6927], [174.9643, -38.6968], [174.9629, -38.6992], [174.9571, -38.6993], [174.9533, -38.7014], [174.9532, -38.7044], [174.951, -38.7061], [174.9541, -38.7151], [174.9425, -38.72], [174.9415, -38.7211], [174.9439, -38.7228], [174.9348, -38.7306], [174.9333, -38.7388], [174.938, -38.7414], [174.9378, -38.7502], [174.9324, -38.7524], [174.9327, -38.7544], [174.931, -38.7556], [174.9275, -38.7563], [174.9202, -38.7534], [174.9148, -38.7548], [174.896, -38.7547], [174.8892, -38.7611], [174.8839, -38.7631], [174.8739, -38.7658], [174.8677, -38.765], [174.8629, -38.7746], [174.8504, -38.7729], [174.8434, -38.7668], [174.8344, -38.7645], [174.8282, -38.761], [174.8277, -38.7585], [174.8254, -38.7586], [174.8275, -38.7567], [174.8249, -38.7533], [174.8242, -38.748], [174.8185, -38.747], [174.8164, -38.7453], [174.8154, -38.7409], [174.8124, -38.7412], [174.8074, -38.7359], [174.8038, -38.7365], [174.7942, -38.731], [174.7905, -38.7336], [174.7811, -38.735], [174.7741, -38.7389], [174.7744, -38.7365], [174.7674, -38.7373], [174.763, -38.7394], [174.7627, -38.7418], [174.7584, -38.7446], [174.7535, -38.7448], [174.752, -38.7434], [174.7481, -38.7441], [174.7486, -38.743], [174.744, -38.7408], [174.7376, -38.7341], [174.728, -38.7334], [174.7258, -38.7353], [174.7089, -38.7319], [174.7035, -38.7326], [174.7022, -38.7307], [174.6934, -38.7337], [174.6875, -38.7278], [174.6663, -38.7289], [174.6616, -38.732], [174.6578, -38.7315], [174.654, -38.7332], [174.6459, -38.726], [174.6472, -38.721], [174.6169, -38.7229], [174.6134, -38.7135], [174.6152, -38.706], [174.3514, -38.7017], [174.3543, -38.6788], [174.3632, -38.6495], [174.3663, -38.6252], [174.3752, -38.5824], [174.3771, -38.5363], [174.3743, -38.5188], [174.3736, -38.4979], [174.3757, -38.4779], [174.3821, -38.4463], [174.3792, -38.4247], [174.3772, -38.3861], [174.3813, -38.3531], [174.3901, -38.3258], [174.4062, -38.2959], [174.4247, -38.2722], [174.4514, -38.2472], [174.4504, -38.2307], [174.4517, -38.2096], [174.4413, -38.1907], [174.4351, -38.1756], [174.4303, -38.1591], [174.4266, -38.1385], [174.3981, -38.1211], [174.3688, -38.0965], [174.3495, -38.0745], [174.332, -38.0466], [174.3229, -38.0251], [174.3164, -38.0006], [174.3138, -37.9757], [174.3157, -37.9473], [174.3211, -37.9236], [174.3268, -37.9082], [174.3399, -37.8831], [174.3575, -37.8591], [174.3786, -37.8381], [174.3923, -37.8269], [174.4163, -37.8107], [174.4481, -37.7949], [174.4848, -37.7823], [174.5318, -37.7733], [174.5477, -37.7461], [174.5619, -37.728], [174.5501, -37.6959], [174.5357, -37.6716], [174.5192, -37.6557], [174.5024, -37.6347], [174.4904, -37.6156], [174.4815, -37.5963], [174.4749, -37.5752], [174.471, -37.553], [174.4702, -37.5309], [174.4719, -37.5146], [174.4615, -37.4909], [174.4557, -37.4707], [174.4495, -37.4421], [174.4474, -37.41], [174.4256, -37.3635], [174.6592, -37.2926], [174.661, -37.2918], [174.6617, -37.2884], [174.6577, -37.2839], [174.6582, -37.282], [174.6745, -37.2754], [174.6997, -37.2615], [174.7088, -37.2618], [174.7129, -37.2594], [174.7225, -37.2581], [174.726, -37.2648], [174.7271, -37.2629], [174.7315, -37.2629], [174.7328, -37.2686], [174.7389, -37.2679], [174.756, -37.2541], [174.7568, -37.2516], [174.7693, -37.2477], [174.7731, -37.243], [174.7775, -37.2413], [174.7846, -37.2419], [174.7916, -37.2398], [174.7926, -37.2345], [174.8009, -37.2325], [174.8063, -37.2268], [174.8117, -37.2309], [174.8138, -37.2284], [174.8237, -37.2326], [174.8274, -37.2312], [174.843, -37.2354], [174.8436, -37.2331], [174.8481, -37.2342], [174.8465, -37.2385], [174.851, -37.2396], [174.8478, -37.2471], [174.8504, -37.2512], [174.8553, -37.2442], [174.8589, -37.2454], [174.8637, -37.2439], [174.869, -37.245], [174.8726, -37.2383], [174.8757, -37.2406], [174.8814, -37.237], [174.8791, -37.2346], [174.8868, -37.2306], [174.8893, -37.2333], [174.9165, -37.2308], [174.9193, -37.2366], [174.9257, -37.2304], [174.9259, -37.232], [174.9279, -37.2311], [174.9278, -37.2329], [174.9308, -37.2331], [174.9328, -37.2316], [174.9314, -37.2289], [174.9325, -37.225], [174.9309, -37.2246], [174.932, -37.219], [174.9365, -37.2146], [174.9299, -37.2062], [174.9385, -37.2024], [174.9378, -37.1997], [174.9486, -37.198], [174.948, -37.1957], [174.9526, -37.1962], [174.9569, -37.1986], [174.9732, -37.1948], [174.9796, -37.2092], [174.9812, -37.2081], [174.9903, -37.2166], [175.0071, -37.2055], [175.0075, -37.203], [175.0111, -37.2012], [175.0142, -37.1969], [175.0184, -37.1955], [175.0204, -37.1996], [175.0296, -37.1962], [175.0292, -37.1888], [175.0326, -37.1887], [175.0327, -37.1908], [175.0373, -37.1921], [175.0379, -37.1884], [175.045, -37.1881], [175.0453, -37.1828], [175.0545, -37.1808], [175.0661, -37.1819], [175.0667, -37.1909], [175.0722, -37.1923], [175.0738, -37.1947], [175.0862, -37.1925], [175.0844, -37.1915], [175.0857, -37.1897], [175.0811, -37.1868], [175.0834, -37.1846], [175.0823, -37.1833], [175.0832, -37.1823], [175.0813, -37.1817], [175.0872, -37.1822], [175.0896, -37.1795], [175.0928, -37.1808], [175.0955, -37.1796], [175.0963, -37.1822], [175.1052, -37.1814], [175.1103, -37.1879], [175.1135, -37.1864], [175.1209, -37.1896], [175.1233, -37.1848], [175.1307, -37.1864], [175.1326, -37.1854], [175.1317, -37.1817], [175.1419, -37.1758], [175.1398, -37.1736], [175.1402, -37.1719], [175.1339, -37.1682], [175.1442, -37.1677], [175.1463, -37.1523], [175.1452, -37.1446], [175.1482, -37.1428], [175.1522, -37.143], [175.1539, -37.1361], [175.1524, -37.1275], [175.1542, -37.121], [175.15, -37.1197], [175.1473, -37.1099], [175.1434, -37.1086], [175.1446, -37.1013], [175.1408, -37.0987], [175.1464, -37.0898], [175.1445, -37.0872], [175.1448, -37.0791], [175.146, -37.0759], [175.1483, -37.0759], [175.1505, -37.0703], [175.1466, -37.0712], [175.1477, -37.0702], [175.1455, -37.0684], [175.149, -37.0673], [175.1466, -37.0632], [175.1476, -37.0549], [175.1556, -37.047], [175.1535, -37.0432], [175.1548, -37.0379], [175.1531, -37.0373], [175.1556, -37.0298], [175.1516, -37.0246], [175.1521, -37.0216], [175.1608, -37.0159], [175.1639, -37.0161], [175.166, -37.0214], [175.1677, -37.0211], [175.173, -37.027], [175.1761, -37.0277], [175.1785, -37.0303], [175.179, -37.0344], [175.1848, -37.0408], [175.1898, -37.0387], [175.1929, -37.0395], [175.1971, -37.0359], [175.2021, -37.0387], [175.2067, -37.0373], [175.2027, -37.036], [175.2077, -37.0301], [175.2678, -37.0274], [175.2911, -37.024], [175.3886, -37.0219], [175.3793, -36.9626], [175.311, -36.8384], [175.2896, -36.7681], [175.2666, -36.7038], [175.1631, -36.5239], [175.251, -36.3997], [175.4169, -36.3799], [175.6281, -36.385], [175.9033, -36.2583], [175.93, -36.2735], [175.9565, -36.2925], [175.9881, -36.3211], [176.0058, -36.3431], [176.0146, -36.3572], [176.0241, -36.3762], [176.0329, -36.4028], [176.0697, -36.4184], [176.0961, -36.434], [176.1229, -36.455], [176.1402, -36.4729], [176.1504, -36.4858], [176.1625, -36.5044], [176.1756, -36.5339], [176.19, -36.5758], [176.1969, -36.6142], [176.1966, -36.643], [176.1913, -36.6719], [176.181, -36.6995], [176.1682, -36.7223], [176.1663, -36.7312], [176.2003, -36.7438], [176.2267, -36.7574], [176.2499, -36.773], [176.2956, -36.8105], [176.3139, -36.8299], [176.3317, -36.8551], [176.3401, -36.8712], [176.3487, -36.8936], [176.1293, -37.1606], [175.9404, -37.3734], [175.9289, -37.3761], [175.9228, -37.3742], [175.9229, -37.376], [175.9217, -37.3752], [175.9166, -37.3793], [175.9184, -37.3799], [175.9169, -37.3815], [175.9184, -37.3827], [175.9214, -37.3813], [175.926, -37.3833], [175.9259, -37.3865], [175.921, -37.3869], [175.922, -37.392], [175.9198, -37.3921], [175.9168, -37.3986], [175.9172, -37.4028], [175.9245, -37.4044], [175.9052, -37.4041], [175.9039, -37.4057], [175.9042, -37.4101], [175.9064, -37.41], [175.9067, -37.4162], [175.9057, -37.4164], [175.9089, -37.4197], [175.9083, -37.4226], [175.9112, -37.4229], [175.9135, -37.4256], [175.9101, -37.4303], [175.8908, -37.4437], [175.8824, -37.44], [175.8776, -37.4432], [175.8788, -37.4461], [175.8775, -37.4511], [175.8754, -37.4495], [175.8609, -37.4611], [175.872, -37.4735], [175.8811, -37.4692], [175.8961, -37.4867], [175.8993, -37.4957], [175.8707, -37.4956], [175.8707, -37.5005], [175.8656, -37.5004], [175.8576, -37.4973], [175.8437, -37.487], [175.8328, -37.4716], [175.8135, -37.4849], [175.818, -37.4927], [175.8169, -37.4955], [175.8085, -37.5011], [175.806, -37.5107], [175.8091, -37.5137], [175.8233, -37.5158], [175.8246, -37.5206], [175.8237, -37.5268], [175.829, -37.5318], [175.831, -37.5368], [175.8265, -37.5457], [175.8129, -37.5552], [175.8117, -37.5643], [175.8217, -37.5716], [175.823, -37.5826], [175.8328, -37.5976], [175.8346, -37.5982], [175.8356, -37.6035], [175.8415, -37.6133], [175.8398, -37.6183], [175.8408, -37.6206], [175.8367, -37.6228], [175.8358, -37.6267], [175.8336, -37.6275], [175.8371, -37.6322], [175.8375, -37.6354], [175.8415, -37.6388], [175.8408, -37.6419], [175.8432, -37.6432], [175.8451, -37.6469], [175.8445, -37.6486], [175.8481, -37.6519], [175.8521, -37.662], [175.8563, -37.6628], [175.8652, -37.6681], [175.8648, -37.6722], [175.8709, -37.6775], [175.8746, -37.6924], [175.8764, -37.6932], [175.8795, -37.6993], [175.8897, -37.7011], [175.8899, -37.7092], [175.8921, -37.7112], [175.8968, -37.7118], [175.898, -37.7142], [175.8957, -37.7167], [175.9002, -37.7184], [175.8981, -37.7194], [175.8978, -37.7213], [175.8996, -37.7222], [175.8952, -37.7242], [175.9276, -37.7762], [175.9059, -37.8286], [175.935, -37.8426], [175.9281, -37.8472], [175.9279, -37.8521], [175.9319, -37.8616], [175.9399, -37.868], [175.9365, -37.8701], [175.9379, -37.8737], [175.9363, -37.8814], [175.9396, -37.8826], [175.943, -37.8791], [175.9478, -37.8788], [175.9609, -37.8894], [175.9677, -37.8833], [175.9718, -37.8828], [175.9542, -37.9019], [175.958, -37.9058], [175.9772, -37.9137], [175.9492, -37.9218], [175.9414, -37.9278], [175.9422, -37.9355], [175.9494, -37.9567], [175.9533, -37.9628], [175.9593, -37.9675], [175.9653, -37.9655], [175.9711, -37.9702], [175.9726, -37.9745], [175.9701, -37.9835], [175.9715, -37.9864], [176.0132, -37.9935], [176.023, -37.9989], [176.0328, -38.0083], [176.0545, -38.0194], [176.0623, -38.0268], [176.055, -38.0399], [176.0756, -38.0496], [176.0765, -38.0892], [176.0685, -38.0861], [176.07, -38.0881], [176.0662, -38.0896], [176.0684, -38.0922], [176.0648, -38.0924], [176.0663, -38.094], [176.0635, -38.0953], [176.0693, -38.1032], [176.0752, -38.1005], [176.0762, -38.1016], [176.0758, -38.1215], [176.0798, -38.1215], [176.078, -38.1288], [176.0794, -38.1395], [176.0829, -38.149], [176.0824, -38.1521], [176.0887, -38.1616], [176.09, -38.167], [176.1101, -38.1669], [176.1503, -38.2182], [176.1668, -38.204], [176.1905, -38.1959], [176.1945, -38.2084], [176.201, -38.2079], [176.2043, -38.2053], [176.2093, -38.2194], [176.2119, -38.2184], [176.2161, -38.2193], [176.2183, -38.2266], [176.2173, -38.2278], [176.2241, -38.2273], [176.2241, -38.2289], [176.2207, -38.2305], [176.2192, -38.2335], [176.2217, -38.238], [176.2322, -38.2391], [176.2356, -38.2377], [176.2549, -38.226], [176.2521, -38.2191], [176.2584, -38.2192], [176.2648, -38.2148], [176.2714, -38.2147], [176.2811, -38.2189], [176.2969, -38.2287], [176.3021, -38.2393], [176.3167, -38.2486], [176.3204, -38.2604], [176.3307, -38.2603], [176.3321, -38.2622], [176.3314, -38.2676], [176.3406, -38.2809], [176.3462, -38.2821], [176.3482, -38.2866], [176.3559, -38.2915], [176.3571, -38.2953], [176.375, -38.3081], [176.3805, -38.3152], [176.3866, -38.3175], [176.3905, -38.323], [176.4079, -38.3261], [176.4244, -38.3178], [176.4291, -38.3134], [176.435, -38.3145], [176.4403, -38.3134], [176.4406, -38.3156], [176.4446, -38.3172], [176.4403, -38.3203], [176.4499, -38.3305], [176.4518, -38.3442], [176.4461, -38.3509], [176.447, -38.3565], [176.4688, -38.359], [176.474, -38.369], [176.5053, -38.4022], [176.4999, -38.4325], [176.4748, -38.5159], [176.4775, -38.5281], [176.4762, -38.5339], [176.4772, -38.5379], [176.4752, -38.5444], [176.4637, -38.5502], [176.451, -38.5617], [176.2551, -38.8082], [176.2584, -38.89], [176.2506, -38.8917], [176.2496, -38.8945], [176.2457, -38.8966], [176.2482, -38.9079], [176.2462, -38.9138], [176.2426, -38.9172], [176.2429, -38.9203], [176.2523, -38.9195], [176.2514, -38.9241], [176.2576, -38.9479], [176.2477, -38.9551], [176.2315, -38.9736], [176.2195, -38.9799], [176.2114, -38.9907], [176.2035, -38.992], [176.1969, -38.995], [176.1836, -39.0046], [176.171, -39.0174], [176.1707, -39.0246], [176.1585, -39.03], [176.1457, -39.04], [176.1435, -39.0463], [176.1446, -39.051], [176.1526, -39.0557], [176.1605, -39.0554], [176.1713, -39.0576], [176.1785, -39.0663], [176.1791, -39.0681], [176.1728, -39.0785], [176.1139, -39.0941], [176.1135, -39.0912], [176.1098, -39.0939], [176.1099, -39.0979], [176.1065, -39.1011], [176.1007, -39.102], [176.0994, -39.106], [176.0956, -39.1069], [176.0925, -39.1137], [176.0964, -39.1196], [176.0908, -39.1285], [176.0879, -39.1297], [176.0839, -39.1293], [176.0805, -39.1265], [176.0688, -39.1226], [176.0633, -39.1179], [176.0628, -39.1108], [176.0544, -39.1058], [176.0437, -39.1029], [176.0434, -39.1006], [176.0401, -39.0989], [176.0325, -39.0995], [176.032, -39.0923], [176.0356, -39.09], [176.0367, -39.0864], [176.0324, -39.0822], [176.0314, -39.0782], [176.026, -39.0826], [176.0231, -39.0829], [176.0128, -39.0917], [176.0115, -39.0973], [176.0047, -39.1022], [176.0076, -39.1084], [176.004, -39.1129], [175.9888, -39.1159], [175.9886, -39.1194], [175.9823, -39.1268], [175.9841, -39.1341], [175.9813, -39.1355], [175.9734, -39.1548], [175.9716, -39.1577], [175.964, -39.1595], [175.9638, -39.1624], [175.9677, -39.1703], [175.9642, -39.18], [175.954, -39.1871], [175.9335, -39.1877], [175.9213, -39.1897], [175.9189, -39.191], [175.9195, -39.1987], [175.9035, -39.1999], [175.8984, -39.2041], [175.886, -39.2059], [175.8882, -39.2114], [175.8929, -39.2138], [175.8927, -39.2236], [175.8864, -39.2271], [175.8856, -39.2293], [175.8726, -39.2391], [175.8585, -39.2444], [175.8547, -39.2444], [175.8566, -39.252], [175.869, -39.2591], [175.8681, -39.263], [175.8627, -39.2665], [175.8426, -39.2707], [175.836, -39.2768], [175.8335, -39.2833], [175.8286, -39.289], [175.8126, -39.3003], [175.7909, -39.2998], [175.7836, -39.2943], [175.7801, -39.2934], [175.7696, -39.295], [175.7653, -39.2914], [175.7518, -39.2879], [175.741, -39.2926], [175.7409, -39.2974], [175.7048, -39.2883], [175.6692, -39.2969], [175.5579, -39.276], [175.6347, -39.1584], [175.6372, -39.1291], [175.6428, -39.1043], [175.6478, -39.1001], [175.6456, -39.1001], [175.6421, -39.0967], [175.6399, -39.0974], [175.6374, -39.0901], [175.6354, -39.0887], [175.6324, -39.0889], [175.626, -39.0858], [175.622, -39.087], [175.6187, -39.0826], [175.6172, -39.0749], [175.6246, -39.0599], [175.615, -39.0551], [175.6136, -39.0506], [175.6318, -39.0456], [175.6312, -39.0489], [175.6358, -39.0453], [175.648, -39.0279], [175.6481, -39.0144], [175.682, -38.9797], [175.6412, -38.9803], [175.6269, -38.974], [175.6063, -38.9818], [175.5626, -38.9868], [175.5655, -38.9773], [175.565, -38.9725], [175.5694, -38.9701], [175.5675, -38.9687], [175.5608, -38.9727], [175.554, -38.9566], [175.5649, -38.9385], [175.566, -38.9299], [175.5761, -38.9185], [175.58, -38.9107], [175.5613, -38.8924], [175.5607, -38.8842], [175.5552, -38.8772], [175.5492, -38.8728], [175.5447, -38.8644], [175.5464, -38.8599], [175.5604, -38.8434], [175.5615, -38.8386], [175.5698, -38.833], [175.577, -38.8309], [175.5776, -38.8255], [175.5746, -38.8163], [175.5637, -38.8037], [175.5555, -38.7902], [175.5534, -38.7893], [175.5417, -38.7951], [175.5375, -38.7791], [175.5352, -38.7764], [175.5306, -38.7749], [175.5278, -38.7701], [175.5269, -38.7634], [175.5194, -38.7582], [175.5185, -38.7511], [175.5234, -38.7501], [175.5236, -38.746], [175.5294, -38.7436], [175.5345, -38.7347], [175.5581, -38.709], [175.565, -38.6954], [175.5731, -38.6904], [175.5796, -38.6818], [175.5807, -38.6776], [175.5758, -38.6745], [175.5754, -38.6724], [175.5787, -38.6655], [175.5767, -38.663], [175.5786, -38.6599], [175.5778, -38.6559], [175.5793, -38.6527], [175.5759, -38.6499], [175.5923, -38.6374], [175.6003, -38.6341], [175.6147, -38.6181], [175.6217, -38.6067], [175.6286, -38.6006], [175.6289, -38.5954], [175.6326, -38.5915], [175.6327, -38.5795], [175.6349, -38.5699], [175.6337, -38.5661], [175.6368, -38.5645], [175.6355, -38.5578], [175.6369, -38.5525], [175.6288, -38.5512], [175.6254, -38.5452], [175.6262, -38.5409], [175.6122, -38.4876], [175.5655, -38.4945], [175.5382, -38.4703]]]}, "properties": {"REGC2025_V1_00": "03", "REGC2025_V1_00_NAME": "Waikato Region"}}, {"type": "Feature", "geometry": {"type": "Polygon", "coordinates": [[[176.2669, -38.2143], [176.2584, -38.2192], [176.2521, -38.2191], [176.2549, -38.226], [176.2322, -38.2391], [176.2217, -38.238], [176.2192, -38.2335], [176.2207, -38.2305], [176.2241, -38.2289], [176.2241, -38.2273], [176.2173, -38.2278], [176.2183, -38.2266], [176.2161, -38.2193], [176.2119, -38.2184], [176.2093, -38.2194], [176.2043, -38.2053], [176.201, -38.2079], [176.1945, -38.2084], [176.1905, -38.1959], [176.1668, -38.204], [176.1503, -38.2182], [176.1101, -38.1669], [176.09, -38.167], [176.0887, -38.1616], [176.0828, -38.1531], [176.078, -38.1288], [176.0798, -38.1215], [176.0758, -38.1215], [176.0762, -38.1016], [176.0752, -38.1005], [176.0693, -38.1032], [176.0635, -38.0953], [176.0663, -38.094], [176.0648, -38.0924], [176.0684, -38.0922], [176.0662, -38.0896], [176.07, -38.0881], [176.0685, -38.0861], [176.0765, -38.0892], [176.0756, -38.0496], [176.055, -38.0399], [176.0623, -38.0268], [176.0545, -38.0194], [176.0328, -38.0083], [176.023, -37.9989], [176.0132, -37.9935], [175.9715, -37.9864], [175.9701, -37.9835], [175.9726, -37.9745], [175.9711, -37.9702], [175.9653, -37.9655], [175.9593, -37.9675], [175.9529, -37.9623], [175.9474, -37.9513], [175.9409, -37.9294], [175.9469, -37.9227], [175.9772, -37.9137], [175.958, -37.9058], [175.9542, -37.9019], [175.9718, -37.8828], [175.9677, -37.8833], [175.9609, -37.8894], [175.9478, -37.8788], [175.943, -37.8791], [175.9396, -37.8826], [175.9363, -37.8814], [175.9379, -37.8737], [175.9365, -37.8701], [175.9399, -37.868], [175.9319, -37.8616], [175.9279, -37.8521], [175.9281, -37.8472], [175.935, -37.8426], [175.9059, -37.8286], [175.9276, -37.7762], [175.8952, -37.7242], [175.8996, -37.7222], [175.8978, -37.7213], [175.8981, -37.7194], [175.9002, -37.7184], [175.8957, -37.7167], [175.898, -37.7142], [175.8968, -37.7118], [175.8921, -37.7112], [175.8899, -37.7092], [175.8897, -37.7011], [175.8795, -37.6993], [175.8764, -37.6932], [175.8746, -37.6924], [175.8709, -37.6775], [175.8648, -37.6722], [175.8652, -37.6681], [175.8563, -37.6628], [175.8521, -37.662], [175.8481, -37.6519], [175.8445, -37.6486], [175.8451, -37.6469], [175.8432, -37.6432], [175.8408, -37.6419], [175.8415, -37.6388], [175.8375, -37.6354], [175.8371, -37.6322], [175.8336, -37.6275], [175.8358, -37.6267], [175.8367, -37.6228], [175.8408, -37.6206], [175.8398, -37.6183], [175.8415, -37.6133], [175.8356, -37.6035], [175.8346, -37.5982], [175.8328, -37.5976], [175.823, -37.5826], [175.8217, -37.5716], [175.8117, -37.5643], [175.8113, -37.5608], [175.8143, -37.5536], [175.8275, -37.5446], [175.8308, -37.5356], [175.8285, -37.5311], [175.8237, -37.5268], [175.8235, -37.5161], [175.8202, -37.5145], [175.8079, -37.5132], [175.8059, -37.508], [175.8089, -37.5006], [175.8173, -37.4947], [175.8176, -37.4907], [175.8135, -37.4849], [175.8328, -37.4716], [175.8437, -37.487], [175.8576, -37.4973], [175.8656, -37.5004], [175.8707, -37.5005], [175.8707, -37.4956], [175.8993, -37.4957], [175.8961, -37.4867], [175.8811, -37.4692], [175.872, -37.4735], [175.8609, -37.4611], [175.8754, -37.4495], [175.8775, -37.4511], [175.8788, -37.4461], [175.8776, -37.4432], [175.8824, -37.44], [175.8908, -37.4437], [175.9101, -37.4303], [175.9135, -37.4256], [175.9112, -37.4229], [175.9083, -37.4226], [175.9089, -37.4197], [175.9057, -37.4164], [175.9067, -37.4162], [175.9064, -37.41], [175.9042, -37.4101], [175.9039, -37.4057], [175.9052, -37.4041], [175.9245, -37.4044], [175.9172, -37.4028], [175.9168, -37.3986], [175.9198, -37.3921], [175.922, -37.392], [175.921, -37.3869], [175.9259, -37.3865], [175.926, -37.3833], [175.9214, -37.3813], [175.9184, -37.3827], [175.9169, -37.3815], [175.9184, -37.3799], [175.9166, -37.3793], [175.9217, -37.3752], [175.9229, -37.376], [175.9228, -37.3742], [175.9289, -37.3761], [175.9404, -37.3734], [176.1293, -37.1606], [176.3487, -36.8936], [176.3544, -36.9193], [176.3557, -36.9362], [176.3555, -36.9637], [176.3519, -36.9884], [176.3402, -37.0225], [176.33, -37.0413], [176.3134, -37.0668], [176.3364, -37.0708], [176.3707, -37.0805], [176.4114, -37.0985], [176.4352, -37.1131], [176.4528, -37.1262], [176.4761, -37.1471], [176.4877, -37.1596], [176.507, -37.1865], [176.5163, -37.2046], [176.5253, -37.2296], [176.5299, -37.252], [176.5311, -37.2737], [176.5295, -37.2957], [176.5219, -37.3309], [176.5146, -37.3531], [176.5491, -37.3657], [176.587, -37.3862], [176.6155, -37.4082], [176.6328, -37.4256], [176.6538, -37.4342], [176.6767, -37.4463], [176.6949, -37.4579], [176.7197, -37.4786], [176.7352, -37.4948], [176.7467, -37.5098], [176.7655, -37.5435], [176.7759, -37.5558], [176.7908, -37.5782], [176.8006, -37.5979], [176.8086, -37.6231], [176.8469, -37.6165], [176.8841, -37.6149], [176.9154, -37.6166], [176.9502, -37.6226], [176.9297, -37.6041], [176.9113, -37.583], [176.9004, -37.5666], [176.889, -37.5442], [176.881, -37.521], [176.8762, -37.4925], [176.8758, -37.4765], [176.8785, -37.4505], [176.8834, -37.4313], [176.8927, -37.4077], [176.9053, -37.3857], [176.924, -37.3612], [176.947, -37.3395], [176.9713, -37.3216], [176.9962, -37.3076], [177.0208, -37.2969], [177.0634, -37.2835], [177.1106, -37.2764], [177.1518, -37.276], [177.1817, -37.2794], [177.2064, -37.2843], [177.2413, -37.295], [177.2799, -37.3134], [177.2988, -37.3253], [177.3157, -37.3382], [177.3345, -37.3471], [177.3556, -37.3596], [177.3747, -37.3736], [177.3928, -37.3898], [177.4077, -37.4062], [177.4235, -37.429], [177.4367, -37.4561], [177.4443, -37.4816], [177.447, -37.5], [177.4477, -37.532], [177.4449, -37.5563], [177.4379, -37.5818], [177.4307, -37.5986], [177.4205, -37.617], [177.3999, -37.644], [177.3705, -37.6726], [177.3408, -37.6941], [177.3014, -37.7143], [177.2723, -37.7245], [177.2337, -37.7329], [177.1904, -37.7366], [177.2105, -37.761], [177.2237, -37.7838], [177.2475, -37.79], [177.3114, -37.7893], [177.3487, -37.766], [177.3575, -37.7499], [177.3762, -37.7237], [177.4273, -37.674], [177.4411, -37.6471], [177.4626, -37.619], [177.4837, -37.599], [177.5002, -37.5863], [177.5169, -37.565], [177.5447, -37.5388], [177.5778, -37.515], [177.6172, -37.4956], [177.6526, -37.4842], [177.6763, -37.4792], [177.7023, -37.476], [177.727, -37.4573], [177.7584, -37.44], [177.7699, -37.4241], [177.7919, -37.4009], [177.8078, -37.3878], [177.8379, -37.3685], [177.8794, -37.35], [177.9074, -37.3418], [177.9414, -37.3355], [177.9875, -37.3331], [178.0163, -37.3351], [178.0451, -37.3398], [178.0649, -37.3381], [178.0853, -37.5424], [178.0891, -37.5512], [178.0983, -37.586], [178.1076, -37.5987], [178.0398, -37.5975], [178.0375, -37.5999], [178.034, -37.5997], [178.0338, -37.6026], [178.0302, -37.6042], [178.0262, -37.6032], [178.0252, -37.6049], [177.9867, -37.6088], [177.9801, -37.6132], [177.9751, -37.6302], [177.9777, -37.6305], [177.9785, -37.6336], [177.9826, -37.6362], [177.9817, -37.6382], [177.9831, -37.6413], [177.9896, -37.6449], [177.9871, -37.6481], [177.9913, -37.6499], [177.9887, -37.6539], [177.9912, -37.6536], [177.9916, -37.6581], [177.993, -37.6583], [177.9915, -37.6678], [177.9938, -37.6695], [177.9947, -37.6742], [177.9921, -37.6795], [177.9949, -37.681], [177.9919, -37.6862], [177.9937, -37.6871], [177.9921, -37.688], [177.9936, -37.689], [177.9924, -37.6905], [177.9982, -37.6897], [177.9948, -37.692], [177.9935, -37.6967], [177.9866, -37.6972], [177.9885, -37.6992], [177.9859, -37.7008], [177.9876, -37.7018], [177.985, -37.7035], [177.9866, -37.7044], [177.9858, -37.7073], [177.9893, -37.7113], [177.9887, -37.7145], [177.9933, -37.7166], [177.9924, -37.7196], [177.9888, -37.7214], [177.987, -37.7252], [177.9787, -37.7307], [177.9781, -37.7344], [177.9799, -37.7363], [177.9768, -37.7409], [177.9787, -37.7448], [177.9922, -37.7529], [177.9966, -37.7603], [177.9945, -37.7644], [178.0388, -37.7331], [178.073, -37.7636], [177.9723, -37.845], [177.9168, -37.9814], [177.861, -38.1117], [177.8557, -38.1074], [177.8504, -38.1089], [177.849, -38.1113], [177.7727, -38.0598], [177.74, -38.042], [177.7244, -38.0226], [177.7008, -38.0222], [177.6983, -38.0186], [177.6912, -38.0163], [177.69, -38.014], [177.6824, -38.015], [177.6811, -38.0124], [177.6799, -38.0152], [177.6732, -38.0191], [177.6743, -38.0249], [177.6785, -38.0265], [177.6806, -38.0296], [177.6793, -38.0317], [177.683, -38.0339], [177.6826, -38.0381], [177.6887, -38.0447], [177.6909, -38.0516], [177.6939, -38.0534], [177.694, -38.0579], [177.6973, -38.0594], [177.6975, -38.0627], [177.6918, -38.0661], [177.6875, -38.0754], [177.6883, -38.0782], [177.6796, -38.0793], [177.6767, -38.0866], [177.6797, -38.0867], [177.6816, -38.0835], [177.6859, -38.0832], [177.6885, -38.0918], [177.6942, -38.0934], [177.6898, -38.0977], [177.6959, -38.0976], [177.6949, -38.1002], [177.7033, -38.1064], [177.6954, -38.1037], [177.693, -38.1051], [177.6921, -38.1097], [177.6883, -38.1096], [177.6861, -38.1077], [177.6857, -38.1113], [177.6799, -38.1142], [177.6684, -38.1138], [177.6675, -38.1151], [177.6693, -38.1183], [177.6681, -38.1189], [177.6662, -38.1168], [177.6641, -38.1169], [177.6648, -38.1201], [177.6611, -38.1258], [177.6623, -38.1286], [177.6601, -38.131], [177.6548, -38.1316], [177.6555, -38.1342], [177.6531, -38.1353], [177.6529, -38.1388], [177.6508, -38.1411], [177.6531, -38.1427], [177.6515, -38.1465], [177.6527, -38.1478], [177.6517, -38.1534], [177.6557, -38.1553], [177.6536, -38.1586], [177.6423, -38.1638], [177.634, -38.1608], [177.6286, -38.1607], [177.6246, -38.1638], [177.6223, -38.1683], [177.6182, -38.1684], [177.6169, -38.1713], [177.6094, -38.1712], [177.6045, -38.173], [177.6024, -38.1712], [177.6048, -38.1866], [177.6014, -38.1846], [177.597, -38.1901], [177.5903, -38.1896], [177.5837, -38.1936], [177.5786, -38.1913], [177.5764, -38.1933], [177.5732, -38.1927], [177.5565, -38.2047], [177.5573, -38.208], [177.5604, -38.2094], [177.5337, -38.2093], [177.5333, -38.2184], [177.5268, -38.2184], [177.5174, -38.2146], [177.512, -38.2175], [177.5062, -38.2167], [177.5032, -38.2127], [177.501, -38.2134], [177.5009, -38.2154], [177.5027, -38.2164], [177.5019, -38.2178], [177.4981, -38.2182], [177.4983, -38.2205], [177.495, -38.2206], [177.4939, -38.2223], [177.4956, -38.2227], [177.4951, -38.2249], [177.4935, -38.2241], [177.4946, -38.2267], [177.4928, -38.2291], [177.4936, -38.2323], [177.4906, -38.2336], [177.4924, -38.2359], [177.4918, -38.2397], [177.4863, -38.2391], [177.4859, -38.2374], [177.484, -38.2371], [177.4818, -38.2399], [177.4833, -38.2431], [177.4911, -38.25], [177.4887, -38.2582], [177.4899, -38.2612], [177.4923, -38.2625], [177.4976, -38.2608], [177.4843, -38.2745], [177.4863, -38.2963], [177.4637, -38.3335], [177.2369, -38.4263], [177.2574, -38.5083], [177.2545, -38.5132], [177.2508, -38.5136], [177.2409, -38.5102], [177.2379, -38.5195], [177.2302, -38.5272], [177.2258, -38.5341], [177.2025, -38.5243], [177.1965, -38.5326], [177.1892, -38.537], [177.177, -38.5609], [177.1663, -38.5678], [177.164, -38.573], [177.167, -38.5778], [177.1594, -38.578], [177.1508, -38.5843], [177.1456, -38.5836], [177.1406, -38.5776], [177.1382, -38.5768], [177.1201, -38.5853], [177.1163, -38.5932], [177.106, -38.6041], [177.1033, -38.6103], [177.1018, -38.6242], [177.0997, -38.6274], [177.0967, -38.6263], [177.0973, -38.6207], [177.0955, -38.6189], [177.0927, -38.6183], [177.0859, -38.6205], [177.0779, -38.6106], [177.0717, -38.6123], [177.0655, -38.6192], [177.0608, -38.6221], [177.0511, -38.6201], [177.0459, -38.6209], [177.0418, -38.6266], [177.035, -38.6291], [177.027, -38.6395], [177.0255, -38.6458], [177.022, -38.6497], [177.0209, -38.6608], [177.017, -38.6672], [177.0064, -38.6759], [176.9914, -38.6937], [176.9856, -38.6942], [176.9716, -38.7047], [176.9655, -38.7036], [176.9642, -38.6983], [176.9619, -38.6968], [176.9542, -38.6975], [176.9434, -38.6949], [176.9327, -38.6984], [176.9292, -38.6982], [176.9243, -38.691], [176.9139, -38.6893], [176.8995, -38.6826], [176.8934, -38.6701], [176.8868, -38.6665], [176.8765, -38.668], [176.8614, -38.6801], [176.8596, -38.6794], [176.8565, -38.6725], [176.8456, -38.6725], [176.84, -38.6782], [176.8329, -38.6799], [176.8225, -38.6914], [176.8196, -38.6908], [176.8158, -38.6869], [176.8096, -38.6864], [176.8036, -38.6816], [176.7994, -38.6805], [176.7944, -38.6822], [176.7857, -38.6809], [176.7733, -38.6845], [176.7667, -38.6893], [176.7654, -38.6961], [176.7672, -38.7003], [176.7592, -38.7089], [176.7525, -38.7108], [176.748, -38.7097], [176.7442, -38.7119], [176.7448, -38.7155], [176.7427, -38.719], [176.7445, -38.7244], [176.7429, -38.7278], [176.7343, -38.7282], [176.7271, -38.7218], [176.7173, -38.7245], [176.7141, -38.7279], [176.714, -38.736], [176.7103, -38.742], [176.7111, -38.7482], [176.7071, -38.7554], [176.7104, -38.7586], [176.7097, -38.7691], [176.707, -38.7723], [176.7036, -38.7838], [176.7046, -38.787], [176.7079, -38.789], [176.7, -38.7941], [176.7017, -38.8006], [176.7002, -38.8035], [176.692, -38.8063], [176.6965, -38.8109], [176.696, -38.8216], [176.7017, -38.8237], [176.7041, -38.8271], [176.7002, -38.8379], [176.7042, -38.8451], [176.7, -38.8538], [176.6967, -38.8564], [176.6874, -38.8577], [176.6784, -38.8556], [176.6766, -38.8522], [176.6778, -38.8444], [176.6762, -38.8403], [176.6701, -38.8357], [176.6627, -38.8366], [176.659, -38.8352], [176.6575, -38.827], [176.6517, -38.822], [176.6437, -38.8207], [176.6338, -38.8235], [176.6225, -38.8213], [176.6081, -38.8229], [176.6012, -38.8256], [176.5897, -38.8353], [176.587, -38.8315], [176.5873, -38.828], [176.5839, -38.8205], [176.5745, -38.8101], [176.5686, -38.8075], [176.5606, -38.8002], [176.5492, -38.7977], [176.5311, -38.7976], [176.5262, -38.7961], [176.5199, -38.7971], [176.5085, -38.8129], [176.5072, -38.818], [176.5105, -38.822], [176.5117, -38.8268], [176.5067, -38.8362], [176.5093, -38.853], [176.503, -38.8527], [176.4969, -38.8579], [176.4968, -38.8623], [176.4986, -38.8659], [176.4967, -38.8671], [176.4955, -38.8731], [176.4971, -38.8773], [176.4953, -38.8814], [176.4919, -38.8837], [176.4786, -38.8853], [176.4662, -38.8928], [176.461, -38.8985], [176.4613, -38.9058], [176.4578, -38.9103], [176.4608, -38.9113], [176.4417, -38.9203], [176.4682, -38.9415], [176.4348, -38.9689], [176.4553, -38.9891], [176.448, -39.0041], [176.4363, -39.0051], [176.4286, -38.9994], [176.4223, -39.0017], [176.416, -39.0012], [176.3957, -38.9912], [176.3809, -38.9881], [176.367, -38.9735], [176.3582, -38.9584], [176.3466, -38.9548], [176.336, -38.9553], [176.3321, -38.9525], [176.3298, -38.945], [176.3246, -38.9417], [176.3142, -38.9228], [176.312, -38.916], [176.3152, -38.9088], [176.3114, -38.9027], [176.2584, -38.89], [176.2551, -38.8082], [176.451, -38.5617], [176.4637, -38.5502], [176.4752, -38.5444], [176.4772, -38.5379], [176.4762, -38.5339], [176.4775, -38.5281], [176.4748, -38.5159], [176.4999, -38.4325], [176.5053, -38.4022], [176.474, -38.369], [176.4688, -38.359], [176.447, -38.3565], [176.4461, -38.3509], [176.4518, -38.3442], [176.4499, -38.3305], [176.4403, -38.3203], [176.4446, -38.3172], [176.4406, -38.3156], [176.4403, -38.3134], [176.435, -38.3145], [176.4291, -38.3134], [176.4244, -38.3178], [176.4079, -38.3261], [176.3906, -38.323], [176.3866, -38.3175], [176.3805, -38.3152], [176.375, -38.3081], [176.3571, -38.2953], [176.3559, -38.2915], [176.3482, -38.2866], [176.3462, -38.2821], [176.3406, -38.2809], [176.3314, -38.2676], [176.3311, -38.2607], [176.3204, -38.2604], [176.3172, -38.2491], [176.3021, -38.2393], [176.2969, -38.2287], [176.2811, -38.2189], [176.2714, -38.2147], [176.2669, -38.2143]]]}, "properties": {"REGC2025_V1_00": "04", "REGC2025_V1_00_NAME": "Bay of Plenty Region"}}, {"type": "Feature", "geometry": {"type": "Polygon", "coordinates": [[[177.899, -38.9718], [177.8968, -38.9728], [177.8609, -38.9652], [177.8629, -38.9636], [177.8424, -38.9593], [177.843, -38.9575], [177.8369, -38.956], [177.837, -38.9542], [177.8348, -38.9528], [177.8344, -38.9484], [177.8399, -38.9413], [177.8394, -38.9354], [177.8453, -38.9284], [177.8445, -38.9215], [177.8413, -38.9206], [177.8354, -38.9156], [177.8357, -38.9141], [177.8309, -38.9131], [177.8305, -38.9116], [177.8293, -38.9129], [177.831, -38.9148], [177.8214, -38.9198], [177.8219, -38.9217], [177.8047, -38.9118], [177.807, -38.9092], [177.8067, -38.9067], [177.8037, -38.905], [177.8028, -38.8988], [177.7998, -38.8974], [177.8046, -38.8971], [177.799, -38.8944], [177.7886, -38.8979], [177.7921, -38.9022], [177.7893, -38.9024], [177.7888, -38.9042], [177.785, -38.9057], [177.7855, -38.9082], [177.7801, -38.9073], [177.7803, -38.9105], [177.7761, -38.9128], [177.7492, -38.8967], [177.7451, -38.9013], [177.7385, -38.9046], [177.7352, -38.9137], [177.7289, -38.9188], [177.7249, -38.9132], [177.7294, -38.9034], [177.7217, -38.8983], [177.7124, -38.8993], [177.7136, -38.906], [177.7106, -38.9065], [177.7089, -38.9042], [177.6991, -38.9016], [177.6871, -38.9036], [177.674, -38.899], [177.6707, -38.9026], [177.6628, -38.9028], [177.6602, -38.9047], [177.6604, -38.8524], [177.6625, -38.8523], [177.6624, -38.8458], [177.6602, -38.8494], [177.6577, -38.8487], [177.6527, -38.8519], [177.6533, -38.8542], [177.6507, -38.856], [177.6514, -38.8583], [177.6479, -38.8628], [177.6458, -38.8622], [177.6449, -38.8584], [177.6395, -38.8611], [177.6403, -38.8634], [177.6367, -38.865], [177.6406, -38.8682], [177.6387, -38.8686], [177.6375, -38.8711], [177.6343, -38.8698], [177.6356, -38.8668], [177.6313, -38.8628], [177.6309, -38.861], [177.6328, -38.8589], [177.6291, -38.8525], [177.6298, -38.8511], [177.6244, -38.8451], [177.6261, -38.8434], [177.5998, -38.8519], [177.5945, -38.827], [177.5905, -38.8284], [177.5975, -38.807], [177.5931, -38.8031], [177.5758, -38.802], [177.5678, -38.8052], [177.561, -38.8016], [177.5576, -38.8058], [177.5494, -38.8057], [177.5456, -38.8081], [177.5463, -38.8113], [177.543, -38.8125], [177.5389, -38.8185], [177.5306, -38.8197], [177.5308, -38.818], [177.5374, -38.8149], [177.5389, -38.8126], [177.5352, -38.8095], [177.5377, -38.8072], [177.5353, -38.8038], [177.5371, -38.8002], [177.5273, -38.7949], [177.5313, -38.7916], [177.5216, -38.7817], [177.5166, -38.7792], [177.5144, -38.7744], [177.4942, -38.778], [177.4835, -38.7551], [177.4735, -38.7578], [177.4699, -38.7554], [177.4709, -38.7467], [177.4675, -38.7443], [177.4708, -38.7401], [177.4722, -38.7408], [177.4759, -38.7381], [177.4748, -38.7338], [177.4759, -38.7318], [177.4694, -38.7272], [177.4719, -38.7226], [177.4716, -38.7193], [177.4691, -38.7175], [177.4691, -38.7139], [177.4651, -38.7133], [177.4629, -38.7094], [177.4662, -38.7056], [177.4397, -38.7041], [177.4356, -38.7012], [177.4344, -38.6985], [177.4365, -38.6968], [177.4348, -38.6941], [177.4293, -38.6922], [177.4248, -38.6958], [177.4143, -38.6964], [177.4107, -38.6998], [177.4088, -38.6994], [177.4152, -38.6822], [177.4212, -38.6783], [177.4188, -38.6766], [177.4187, -38.6739], [177.423, -38.6712], [177.431, -38.6692], [177.436, -38.663], [177.4361, -38.6594], [177.4425, -38.6513], [177.4432, -38.6496], [177.4419, -38.6493], [177.4437, -38.6487], [177.4431, -38.6466], [177.4446, -38.646], [177.4432, -38.645], [177.4515, -38.6399], [177.4478, -38.6359], [177.4415, -38.6351], [177.4397, -38.6327], [177.4359, -38.6321], [177.4159, -38.6325], [177.3924, -38.6221], [177.3624, -38.6219], [177.3534, -38.6246], [177.309, -38.5969], [177.3076, -38.6597], [177.1222, -38.5839], [177.1382, -38.5768], [177.1406, -38.5776], [177.1456, -38.5836], [177.1487, -38.5842], [177.1525, -38.5838], [177.1594, -38.578], [177.1668, -38.5779], [177.164, -38.573], [177.1663, -38.5678], [177.177, -38.5609], [177.1892, -38.537], [177.1965, -38.5326], [177.2025, -38.5243], [177.2258, -38.5341], [177.2302, -38.5272], [177.2379, -38.5195], [177.2409, -38.5102], [177.2512, -38.5137], [177.2549, -38.5127], [177.2574, -38.5083], [177.2369, -38.4263], [177.4637, -38.3335], [177.4863, -38.2963], [177.4843, -38.2745], [177.4976, -38.2608], [177.4923, -38.2625], [177.4899, -38.2612], [177.4887, -38.2582], [177.4911, -38.25], [177.4833, -38.2431], [177.4818, -38.2399], [177.484, -38.2371], [177.4859, -38.2374], [177.4863, -38.2391], [177.4918, -38.2397], [177.4924, -38.2359], [177.4906, -38.2336], [177.4936, -38.2323], [177.4928, -38.2291], [177.4946, -38.2267], [177.4935, -38.2241], [177.4951, -38.2249], [177.4956, -38.2227], [177.4939, -38.2223], [177.495, -38.2206], [177.4983, -38.2205], [177.4981, -38.2182], [177.5019, -38.2178], [177.5027, -38.2164], [177.5009, -38.2154], [177.501, -38.2134], [177.5032, -38.2127], [177.5062, -38.2167], [177.512, -38.2175], [177.5174, -38.2146], [177.5268, -38.2184], [177.5321, -38.2185], [177.5333, -38.2184], [177.5337, -38.2093], [177.5604, -38.2094], [177.5573, -38.208], [177.5565, -38.2047], [177.5732, -38.1927], [177.5764, -38.1933], [177.5786, -38.1913], [177.5837, -38.1936], [177.5903, -38.1896], [177.597, -38.1901], [177.6014, -38.1846], [177.6048, -38.1866], [177.6024, -38.1712], [177.6045, -38.173], [177.6094, -38.1712], [177.6169, -38.1713], [177.6182, -38.1684], [177.6223, -38.1683], [177.6246, -38.1638], [177.6286, -38.1607], [177.634, -38.1608], [177.6423, -38.1638], [177.6536, -38.1586], [177.6557, -38.1553], [177.6517, -38.1534], [177.6527, -38.1478], [177.6515, -38.1465], [177.6531, -38.1427], [177.6508, -38.1411], [177.6529, -38.1388], [177.6531, -38.1353], [177.6555, -38.1342], [177.6548, -38.1316], [177.6601, -38.131], [177.6623, -38.1286], [177.6611, -38.1258], [177.6648, -38.1201], [177.6641, -38.1169], [177.6662, -38.1168], [177.6681, -38.1189], [177.6693, -38.1183], [177.6675, -38.1151], [177.6684, -38.1138], [177.6799, -38.1142], [177.6857, -38.1113], [177.6861, -38.1077], [177.6883, -38.1096], [177.6921, -38.1097], [177.693, -38.1051], [177.6954, -38.1037], [177.7033, -38.1064], [177.6949, -38.1002], [177.6959, -38.0976], [177.6898, -38.0977], [177.6942, -38.0934], [177.6885, -38.0918], [177.6859, -38.0832], [177.6816, -38.0835], [177.6797, -38.0867], [177.6767, -38.0866], [177.6796, -38.0793], [177.6883, -38.0782], [177.6875, -38.0754], [177.6918, -38.0661], [177.6975, -38.0627], [177.6973, -38.0594], [177.694, -38.0579], [177.6939, -38.0534], [177.6909, -38.0516], [177.6887, -38.0447], [177.6826, -38.0381], [177.683, -38.0339], [177.6793, -38.0317], [177.6806, -38.0296], [177.6785, -38.0265], [177.6743, -38.0249], [177.6732, -38.0191], [177.6799, -38.0152], [177.6811, -38.0124], [177.6824, -38.015], [177.69, -38.014], [177.6912, -38.0163], [177.6983, -38.0186], [177.7008, -38.0222], [177.7244, -38.0226], [177.74, -38.042], [177.7727, -38.0598], [177.849, -38.1113], [177.8504, -38.1089], [177.8557, -38.1074], [177.861, -38.1117], [177.9168, -37.9814], [177.9723, -37.845], [178.073, -37.7636], [178.0388, -37.7331], [177.9945, -37.7644], [177.9966, -37.7603], [177.9922, -37.7529], [177.9787, -37.7448], [177.9768, -37.7409], [177.9799, -37.7363], [177.9781, -37.7344], [177.9787, -37.7307], [177.987, -37.7252], [177.9888, -37.7214], [177.9924, -37.7196], [177.9933, -37.7166], [177.9887, -37.7145], [177.9893, -37.7113], [177.9858, -37.7073], [177.9866, -37.7044], [177.985, -37.7035], [177.9876, -37.7018], [177.9859, -37.7008], [177.9885, -37.6992], [177.9866, -37.6972], [177.9935, -37.6967], [177.9948, -37.692], [177.9982, -37.6897], [177.9924, -37.6905], [177.9936, -37.689], [177.9921, -37.688], [177.9937, -37.6871], [177.9919, -37.6862], [177.9949, -37.681], [177.9921, -37.6795], [177.9947, -37.6742], [177.9938, -37.6695], [177.9915, -37.6678], [177.993, -37.6583], [177.9916, -37.6581], [177.9912, -37.6536], [177.9887, -37.6539], [177.9913, -37.6499], [177.9871, -37.6481], [177.9896, -37.6449], [177.9831, -37.6413], [177.9817, -37.6382], [177.9826, -37.6362], [177.9785, -37.6336], [177.9777, -37.6305], [177.9751, -37.6302], [177.9801, -37.6132], [177.9867, -37.6088], [178.0252, -37.6049], [178.0262, -37.6032], [178.0302, -37.6042], [178.0338, -37.6026], [178.034, -37.5997], [178.0375, -37.5999], [178.0398, -37.5975], [178.1076, -37.5987], [178.0983, -37.586], [178.0891, -37.5512], [178.0853, -37.5424], [178.0649, -37.3381], [178.1016, -37.3392], [178.1317, -37.3339], [178.1679, -37.3314], [178.2441, -37.3342], [178.2865, -37.3412], [178.33, -37.355], [178.3743, -37.3603], [178.414, -37.3708], [178.4448, -37.383], [178.4758, -37.3994], [178.5006, -37.4169], [178.5238, -37.4386], [178.5582, -37.446], [178.604, -37.4615], [178.6325, -37.475], [178.6639, -37.4952], [178.709, -37.5111], [178.7469, -37.5322], [178.7783, -37.5576], [178.8043, -37.5877], [178.8178, -37.6098], [178.8245, -37.6245], [178.8332, -37.6532], [178.836, -37.6751], [178.8347, -37.7077], [178.8283, -37.7353], [178.816, -37.7642], [178.8017, -37.7864], [178.7802, -37.8128], [178.7558, -37.8348], [178.7254, -37.8549], [178.7041, -37.8777], [178.6954, -37.9001], [178.6805, -37.9274], [178.6653, -37.9492], [178.6544, -37.9614], [178.6518, -37.9771], [178.6456, -37.9975], [178.6298, -38.0303], [178.6336, -38.0519], [178.6341, -38.0764], [178.6267, -38.1222], [178.6206, -38.1456], [178.6235, -38.1681], [178.623, -38.1907], [178.6163, -38.2245], [178.6224, -38.2392], [178.6296, -38.2646], [178.6322, -38.2882], [178.6317, -38.3113], [178.6244, -38.3448], [178.6179, -38.3616], [178.6081, -38.3803], [178.6037, -38.3944], [178.6053, -38.4122], [178.6046, -38.4312], [178.5972, -38.4665], [178.5875, -38.4898], [178.5787, -38.5051], [178.5711, -38.5166], [178.5548, -38.5357], [178.5527, -38.559], [178.5501, -38.5702], [178.5435, -38.5917], [178.538, -38.604], [178.5086, -38.6521], [178.4892, -38.6751], [178.4701, -38.6925], [178.4545, -38.7043], [178.4365, -38.7155], [178.4118, -38.7279], [178.3927, -38.7532], [178.3757, -38.7702], [178.355, -38.7867], [178.3027, -38.8202], [178.2669, -38.8375], [178.252, -38.8501], [178.226, -38.8675], [178.1737, -38.8947], [178.1694, -38.912], [178.1663, -38.9463], [178.1764, -38.9527], [178.2004, -38.9724], [178.2268, -39.0016], [177.899, -38.9718]]]}, "properties": {"REGC2025_V1_00": "05", "REGC2025_V1_00_NAME": "Gisborne Region"}}, {"type": "Feature", "geometry": {"type": "Polygon", "coordinates": [[[177.3193, -39.4305], [177.3546, -39.6143], [177.3572, -39.6359], [177.3569, -39.6535], [177.3531, -39.679], [177.3416, -39.7114], [177.3269, -39.737], [177.2993, -39.7759], [177.288, -39.7893], [177.2936, -39.8158], [177.2942, -39.8454], [177.291, -39.8666], [177.2847, -39.8889], [177.2714, -39.9164], [177.254, -39.9409], [177.2263, -39.969], [177.203, -39.9861], [177.1814, -40.0273], [177.1625, -40.0555], [177.1625, -40.0875], [177.1555, -40.1201], [177.1418, -40.1507], [177.1385, -40.1646], [177.1305, -40.186], [177.1178, -40.2092], [177.0867, -40.2504], [177.07, -40.2676], [177.0553, -40.2798], [176.9918, -40.352], [176.9585, -40.3778], [176.9179, -40.3996], [176.9039, -40.4221], [176.9012, -40.437], [176.8941, -40.4595], [176.8921, -40.4931], [176.6226, -40.428], [176.5897, -40.4226], [176.5873, -40.4313], [176.5861, -40.4253], [176.5827, -40.4193], [176.5793, -40.4179], [176.5785, -40.4146], [176.5588, -40.4072], [176.55, -40.4212], [176.4929, -40.4001], [176.4916, -40.4119], [176.4834, -40.412], [176.4829, -40.4098], [176.4805, -40.4088], [176.4682, -40.4112], [176.4616, -40.409], [176.4617, -40.4117], [176.4603, -40.4116], [176.4589, -40.4098], [176.4403, -40.4067], [176.4339, -40.4029], [176.4361, -40.3995], [176.4349, -40.396], [176.4371, -40.3952], [176.4364, -40.3915], [176.4322, -40.392], [176.4305, -40.3893], [176.4282, -40.3911], [176.4178, -40.3923], [176.407, -40.3786], [176.4033, -40.3767], [176.3915, -40.3778], [176.3869, -40.3722], [176.3919, -40.3617], [176.3706, -40.3586], [176.4057, -40.333], [176.3971, -40.329], [176.392, -40.3293], [176.3889, -40.323], [176.39, -40.3201], [176.3893, -40.3124], [176.3992, -40.2849], [176.3926, -40.277], [176.3861, -40.2793], [176.3807, -40.2772], [176.3831, -40.2745], [176.3781, -40.2725], [176.3795, -40.2676], [176.3863, -40.2657], [176.3817, -40.2628], [176.3797, -40.2585], [176.3792, -40.2539], [176.3812, -40.2491], [176.3785, -40.2465], [176.3803, -40.2463], [176.3803, -40.2374], [176.3703, -40.2342], [176.3702, -40.2144], [176.3645, -40.2137], [176.3617, -40.2153], [176.3603, -40.2024], [176.3614, -40.2011], [176.3587, -40.198], [176.3615, -40.1957], [176.3622, -40.1965], [176.3639, -40.1928], [176.3613, -40.1921], [176.3666, -40.1874], [176.367, -40.1857], [176.3657, -40.1856], [176.3663, -40.1845], [176.3635, -40.181], [176.3656, -40.1797], [176.366, -40.1732], [176.3711, -40.1662], [176.3783, -40.1632], [176.3787, -40.1581], [176.372, -40.1548], [176.3697, -40.1516], [176.3432, -40.1455], [176.3366, -40.1397], [176.3371, -40.1388], [176.3338, -40.1386], [176.3354, -40.1365], [176.3365, -40.1305], [176.3352, -40.1302], [176.3365, -40.1279], [176.3345, -40.1276], [176.3296, -40.1225], [176.3244, -40.1231], [176.3215, -40.1213], [176.322, -40.1198], [176.3132, -40.1239], [176.3093, -40.1178], [176.3122, -40.1127], [176.3171, -40.1091], [176.3162, -40.1081], [176.318, -40.1064], [176.3162, -40.1026], [176.3198, -40.0982], [176.3204, -40.0946], [176.3232, -40.0937], [176.3229, -40.0897], [176.3198, -40.0891], [176.3209, -40.0856], [176.3169, -40.0825], [176.3106, -40.0814], [176.3052, -40.0776], [176.2998, -40.0761], [176.3027, -40.0723], [176.2989, -40.0711], [176.2972, -40.0681], [176.2932, -40.0687], [176.2834, -40.0667], [176.2801, -40.0677], [176.2672, -40.0648], [176.2638, -40.0627], [176.2652, -40.0543], [176.2641, -40.0522], [176.2611, -40.0517], [176.2622, -40.0451], [176.2511, -40.0437], [176.2487, -40.0402], [176.2387, -40.0384], [176.2388, -40.0273], [176.2178, -40.0288], [176.2175, -40.0263], [176.2135, -40.0256], [176.2135, -40.0178], [176.205, -40.019], [176.1813, -40.0182], [176.1806, -40.0162], [176.1652, -40.0176], [176.1543, -40.0122], [176.1366, -40.0286], [176.1334, -40.0247], [176.1245, -40.0188], [176.1255, -40.0136], [176.0938, -39.9955], [176.1016, -39.9843], [176.1032, -39.9772], [176.1121, -39.9705], [176.1162, -39.9696], [176.1211, -39.9624], [176.1171, -39.9577], [176.1245, -39.9478], [176.1097, -39.9419], [176.1096, -39.9392], [176.1117, -39.938], [176.1154, -39.9294], [176.1136, -39.9247], [176.1068, -39.9171], [176.1203, -39.9097], [176.1261, -39.9048], [176.1269, -39.8916], [176.1231, -39.888], [176.1172, -39.8868], [176.1268, -39.8615], [176.135, -39.8506], [176.138, -39.8239], [176.1769, -39.744], [176.1691, -39.7179], [176.1805, -39.7111], [176.1842, -39.6838], [176.1927, -39.6798], [176.2009, -39.673], [176.1959, -39.6636], [176.1651, -39.6487], [176.1813, -39.6169], [176.179, -39.6053], [176.1735, -39.6021], [176.1614, -39.6029], [176.1576, -39.5968], [176.1527, -39.5983], [176.1472, -39.5925], [176.1427, -39.5847], [176.1448, -39.5824], [176.1425, -39.5799], [176.143, -39.5765], [176.155, -39.5694], [176.1507, -39.5633], [176.1519, -39.5602], [176.1739, -39.5507], [176.1781, -39.5472], [176.1806, -39.542], [176.1823, -39.5424], [176.1871, -39.5167], [176.194, -39.5051], [176.1903, -39.5026], [176.182, -39.5007], [176.1664, -39.5006], [176.1596, -39.4906], [176.1547, -39.4884], [176.1514, -39.4887], [176.1489, -39.4866], [176.1479, -39.4823], [176.1437, -39.4813], [176.1369, -39.4759], [176.1397, -39.4698], [176.1393, -39.4656], [176.144, -39.4598], [176.1417, -39.4542], [176.144, -39.4485], [176.142, -39.4458], [176.1343, -39.4449], [176.1329, -39.4413], [176.1214, -39.4344], [176.1211, -39.4301], [176.1175, -39.4233], [176.1199, -39.4148], [176.1205, -39.4009], [176.1148, -39.3932], [176.1116, -39.3847], [176.1041, -39.3819], [176.0956, -39.3837], [176.0846, -39.3835], [176.0752, -39.3871], [176.0717, -39.3917], [176.0688, -39.3923], [176.0589, -39.3836], [176.0433, -39.3818], [176.0438, -39.372], [176.052, -39.3657], [176.0594, -39.3674], [176.0662, -39.3661], [176.0721, -39.3606], [176.0938, -39.3458], [176.115, -39.3392], [176.1218, -39.3271], [176.1171, -39.3217], [176.1097, -39.3205], [176.1024, -39.3152], [176.1009, -39.3117], [176.1005, -39.2951], [176.0974, -39.2916], [176.0868, -39.2891], [176.0869, -39.2858], [176.0936, -39.278], [176.0893, -39.273], [176.0888, -39.2661], [176.0818, -39.2642], [176.0807, -39.26], [176.0938, -39.2478], [176.094, -39.245], [176.097, -39.2429], [176.098, -39.2367], [176.1034, -39.2323], [176.1061, -39.232], [176.1094, -39.226], [176.1147, -39.2243], [176.1155, -39.2188], [176.1104, -39.2149], [176.1018, -39.2165], [176.0996, -39.213], [176.094, -39.2109], [176.0896, -39.2117], [176.0839, -39.2167], [176.0777, -39.2167], [176.075, -39.2109], [176.0777, -39.2082], [176.0832, -39.2081], [176.0843, -39.2039], [176.0904, -39.2], [176.089, -39.1903], [176.0828, -39.1868], [176.0868, -39.1804], [176.0905, -39.1779], [176.0953, -39.1777], [176.098, -39.1792], [176.1029, -39.1765], [176.1002, -39.1738], [176.1006, -39.1689], [176.0902, -39.1614], [176.0881, -39.1551], [176.0835, -39.15], [176.0828, -39.1408], [176.0866, -39.1376], [176.0846, -39.1308], [176.0908, -39.1286], [176.0964, -39.1196], [176.0925, -39.1137], [176.0956, -39.1069], [176.0994, -39.106], [176.1007, -39.102], [176.1065, -39.1011], [176.1099, -39.0979], [176.1098, -39.0939], [176.1135, -39.0912], [176.1139, -39.0941], [176.1728, -39.0785], [176.1791, -39.0681], [176.1765, -39.0636], [176.1713, -39.0576], [176.1605, -39.0554], [176.1526, -39.0557], [176.1458, -39.0519], [176.1435, -39.0488], [176.1449, -39.0412], [176.1538, -39.0329], [176.1707, -39.0246], [176.171, -39.0174], [176.1836, -39.0046], [176.1969, -38.995], [176.2035, -38.992], [176.2114, -38.9907], [176.2195, -38.9799], [176.2315, -38.9736], [176.2477, -38.9551], [176.2576, -38.9479], [176.2514, -38.9241], [176.2523, -38.9195], [176.2429, -38.9203], [176.2426, -38.9172], [176.2462, -38.9138], [176.2482, -38.9079], [176.2471, -38.8994], [176.2454, -38.8973], [176.2496, -38.8945], [176.2506, -38.8917], [176.2584, -38.89], [176.3043, -38.9019], [176.3102, -38.902], [176.3152, -38.9083], [176.312, -38.916], [176.3142, -38.9228], [176.3199, -38.9338], [176.3232, -38.9371], [176.324, -38.9407], [176.3295, -38.9446], [176.3307, -38.9499], [176.3342, -38.9544], [176.3466, -38.9548], [176.3582, -38.9584], [176.367, -38.9735], [176.3816, -38.9885], [176.3957, -38.9912], [176.416, -39.0012], [176.4223, -39.0017], [176.4286, -38.9994], [176.4363, -39.0051], [176.448, -39.0041], [176.4553, -38.9891], [176.4348, -38.9689], [176.4682, -38.9415], [176.4417, -38.9203], [176.4608, -38.9113], [176.4578, -38.9103], [176.4613, -38.9058], [176.461, -38.8985], [176.4662, -38.8928], [176.4786, -38.8853], [176.4919, -38.8837], [176.4953, -38.8814], [176.4971, -38.8773], [176.4955, -38.8731], [176.4967, -38.8671], [176.4986, -38.8659], [176.4968, -38.8623], [176.4969, -38.8579], [176.503, -38.8527], [176.5093, -38.853], [176.5067, -38.8362], [176.5117, -38.8268], [176.5105, -38.822], [176.5072, -38.818], [176.5085, -38.8129], [176.5199, -38.7971], [176.5262, -38.7961], [176.5311, -38.7976], [176.5492, -38.7977], [176.5606, -38.8002], [176.5686, -38.8075], [176.5745, -38.8101], [176.5839, -38.8205], [176.5873, -38.828], [176.587, -38.8315], [176.5897, -38.8353], [176.6012, -38.8256], [176.6081, -38.8229], [176.6225, -38.8213], [176.6338, -38.8235], [176.6437, -38.8207], [176.6517, -38.822], [176.6575, -38.827], [176.659, -38.8352], [176.6627, -38.8366], [176.6701, -38.8357], [176.6762, -38.8403], [176.6778, -38.8444], [176.6766, -38.8522], [176.6784, -38.8556], [176.6874, -38.8577], [176.6967, -38.8564], [176.7, -38.8538], [176.7042, -38.8451], [176.7002, -38.8379], [176.7041, -38.8271], [176.7017, -38.8237], [176.696, -38.8216], [176.6965, -38.8109], [176.692, -38.8063], [176.7002, -38.8035], [176.7017, -38.8006], [176.7, -38.7941], [176.7079, -38.789], [176.7046, -38.787], [176.7036, -38.7838], [176.707, -38.7723], [176.7097, -38.7691], [176.7104, -38.7586], [176.7071, -38.7554], [176.7111, -38.7482], [176.7103, -38.742], [176.714, -38.736], [176.7141, -38.7279], [176.7173, -38.7245], [176.7271, -38.7218], [176.7343, -38.7282], [176.7429, -38.7278], [176.7445, -38.7244], [176.7427, -38.719], [176.7448, -38.7155], [176.7442, -38.7119], [176.748, -38.7097], [176.7525, -38.7108], [176.7592, -38.7089], [176.7672, -38.7003], [176.7654, -38.6961], [176.7667, -38.6893], [176.7733, -38.6845], [176.7857, -38.6809], [176.7944, -38.6822], [176.7994, -38.6805], [176.8036, -38.6816], [176.8096, -38.6864], [176.8158, -38.6869], [176.8196, -38.6908], [176.8225, -38.6914], [176.8329, -38.6799], [176.84, -38.6782], [176.8456, -38.6725], [176.8565, -38.6725], [176.8596, -38.6794], [176.8614, -38.6801], [176.8765, -38.668], [176.8868, -38.6665], [176.8934, -38.6701], [176.8995, -38.6826], [176.9139, -38.6893], [176.9243, -38.691], [176.9292, -38.6982], [176.9327, -38.6984], [176.9434, -38.6949], [176.9542, -38.6975], [176.9619, -38.6968], [176.9642, -38.6983], [176.9653, -38.7034], [176.9714, -38.7048], [176.9856, -38.6942], [176.9914, -38.6937], [177.0064, -38.6759], [177.017, -38.6672], [177.0209, -38.6608], [177.022, -38.6497], [177.0255, -38.6458], [177.027, -38.6395], [177.035, -38.6291], [177.0418, -38.6266], [177.046, -38.6208], [177.0511, -38.6201], [177.0608, -38.6221], [177.0655, -38.6192], [177.0717, -38.6123], [177.0779, -38.6106], [177.0859, -38.6205], [177.0927, -38.6183], [177.0955, -38.6189], [177.0973, -38.6207], [177.0971, -38.6271], [177.1003, -38.627], [177.102, -38.6233], [177.1033, -38.6103], [177.106, -38.6041], [177.1163, -38.5932], [177.1189, -38.5867], [177.1222, -38.5839], [177.3076, -38.6597], [177.309, -38.5969], [177.3534, -38.6246], [177.3624, -38.6219], [177.3924, -38.6221], [177.4159, -38.6325], [177.4359, -38.6321], [177.4397, -38.6327], [177.4415, -38.6351], [177.4479, -38.6359], [177.4515, -38.6399], [177.4432, -38.645], [177.4446, -38.646], [177.4431, -38.6466], [177.4437, -38.6487], [177.4419, -38.6493], [177.4432, -38.6496], [177.4425, -38.6513], [177.4361, -38.6594], [177.436, -38.663], [177.431, -38.6692], [177.423, -38.6712], [177.4187, -38.6739], [177.4188, -38.6766], [177.4212, -38.6783], [177.4152, -38.6822], [177.4088, -38.6994], [177.4107, -38.6998], [177.4143, -38.6964], [177.4248, -38.6958], [177.4293, -38.6922], [177.4348, -38.6941], [177.4365, -38.6968], [177.4344, -38.6985], [177.4356, -38.7012], [177.4397, -38.7041], [177.4662, -38.7056], [177.4629, -38.7094], [177.4651, -38.7133], [177.4691, -38.7139], [177.4691, -38.7175], [177.4716, -38.7193], [177.4719, -38.7226], [177.4694, -38.7272], [177.4759, -38.7318], [177.4748, -38.7338], [177.4759, -38.7381], [177.4722, -38.7408], [177.4708, -38.7401], [177.4675, -38.7443], [177.4709, -38.7467], [177.4699, -38.7554], [177.4735, -38.7578], [177.4835, -38.7551], [177.4942, -38.778], [177.5144, -38.7744], [177.5166, -38.7792], [177.5216, -38.7817], [177.5313, -38.7916], [177.5273, -38.7949], [177.5371, -38.8002], [177.5353, -38.8038], [177.5377, -38.8072], [177.5352, -38.8095], [177.5389, -38.8126], [177.5374, -38.8149], [177.5308, -38.818], [177.5306, -38.8197], [177.5389, -38.8185], [177.543, -38.8125], [177.5463, -38.8113], [177.5456, -38.8081], [177.5494, -38.8057], [177.5576, -38.8058], [177.561, -38.8016], [177.5678, -38.8052], [177.5758, -38.802], [177.5931, -38.8031], [177.5975, -38.807], [177.5905, -38.8284], [177.5945, -38.827], [177.5998, -38.8519], [177.6261, -38.8434], [177.6244, -38.8451], [177.6298, -38.8511], [177.6291, -38.8524], [177.6328, -38.859], [177.6309, -38.8618], [177.633, -38.8656], [177.6356, -38.8668], [177.6343, -38.8698], [177.6369, -38.8711], [177.6406, -38.8682], [177.6367, -38.865], [177.6403, -38.8634], [177.6395, -38.8611], [177.6449, -38.8584], [177.6458, -38.8622], [177.6479, -38.8628], [177.6514, -38.8583], [177.6507, -38.856], [177.6533, -38.8542], [177.6527, -38.8519], [177.6577, -38.8487], [177.6602, -38.8494], [177.6624, -38.8458], [177.6625, -38.8523], [177.6604, -38.8524], [177.6602, -38.9047], [177.6628, -38.9028], [177.6707, -38.9026], [177.674, -38.899], [177.6871, -38.9036], [177.6991, -38.9016], [177.7089, -38.9042], [177.7106, -38.9065], [177.7136, -38.906], [177.7124, -38.8993], [177.7217, -38.8983], [177.7294, -38.9034], [177.7249, -38.9132], [177.7289, -38.9188], [177.7352, -38.9137], [177.7385, -38.9046], [177.7451, -38.9013], [177.7492, -38.8967], [177.7761, -38.9128], [177.7803, -38.9105], [177.7801, -38.9073], [177.7855, -38.9082], [177.785, -38.9057], [177.7888, -38.9042], [177.7893, -38.9024], [177.7921, -38.9022], [177.7886, -38.8979], [177.799, -38.8944], [177.8046, -38.8971], [177.7998, -38.8974], [177.8028, -38.8988], [177.8037, -38.905], [177.8067, -38.9067], [177.807, -38.9092], [177.8047, -38.9118], [177.8219, -38.9217], [177.8214, -38.9198], [177.831, -38.9148], [177.8293, -38.9129], [177.8305, -38.9116], [177.8309, -38.9131], [177.8357, -38.9141], [177.8354, -38.9156], [177.8413, -38.9206], [177.8445, -38.9215], [177.8453, -38.9284], [177.8394, -38.9354], [177.8399, -38.9413], [177.8379, -38.9447], [177.835, -38.9461], [177.8348, -38.9528], [177.837, -38.9542], [177.8369, -38.956], [177.843, -38.9575], [177.8424, -38.9593], [177.8629, -38.9636], [177.8609, -38.9652], [177.8968, -38.9728], [177.899, -38.9718], [178.2268, -39.0016], [178.242, -39.0254], [178.2571, -39.0643], [178.262, -39.088], [178.2621, -39.1245], [178.2554, -39.1554], [178.2449, -39.1808], [178.2247, -39.2146], [178.2022, -39.2407], [178.2054, -39.2684], [178.2044, -39.2883], [178.1999, -39.3127], [178.1893, -39.3413], [178.1754, -39.3657], [178.1608, -39.3842], [178.1413, -39.4037], [178.1264, -39.4157], [178.0943, -39.4361], [178.0695, -39.4479], [178.0416, -39.4577], [178.0098, -39.4766], [177.9694, -39.493], [177.932, -39.5027], [177.8969, -39.5074], [177.8632, -39.5084], [177.8293, -39.5061], [177.7998, -39.501], [177.7556, -39.4881], [177.7218, -39.4738], [177.6931, -39.4571], [177.6689, -39.4386], [177.6488, -39.4185], [177.6268, -39.3882], [177.6165, -39.3677], [177.6089, -39.3447], [177.6052, -39.3257], [177.6041, -39.3065], [177.5947, -39.2807], [177.59, -39.2546], [177.4976, -39.2567], [177.4311, -39.2662], [177.374, -39.2817], [177.3187, -39.3001], [177.2955, -39.3096], [177.3193, -39.4305]]]}, "properties": {"REGC2025_V1_00": "06", "REGC2025_V1_00_NAME": "Hawke's Bay Region"}}, {"type": "Feature", "geometry": {"type": "Polygon", "coordinates": [[[174.105, -39.7833], [174.0759, -39.7768], [174.0432, -39.7751], [174.0114, -39.7702], [173.9863, -39.7641], [173.9563, -39.7537], [173.9286, -39.75], [173.9027, -39.7442], [173.8795, -39.7371], [173.8276, -39.7175], [173.7667, -39.6896], [173.7346, -39.6704], [173.7094, -39.6505], [173.6641, -39.5998], [173.6067, -39.5544], [173.5911, -39.5401], [173.577, -39.5244], [173.5448, -39.4769], [173.5298, -39.4475], [173.5182, -39.4117], [173.5091, -39.3747], [173.4979, -39.3457], [173.4943, -39.328], [173.4926, -39.3097], [173.4946, -39.2582], [173.5054, -39.216], [173.5239, -39.1713], [173.5384, -39.1417], [173.5563, -39.1107], [173.5721, -39.0878], [173.5967, -39.0615], [173.6472, -39.0218], [173.7261, -38.9731], [173.7909, -38.9402], [173.8081, -38.9236], [173.8357, -38.901], [173.8738, -38.8773], [173.9035, -38.8643], [173.9392, -38.8533], [173.9677, -38.8479], [174.0003, -38.8449], [174.0596, -38.8163], [174.1038, -38.8004], [174.1239, -38.7948], [174.1939, -38.7817], [174.212, -38.7799], [174.2479, -38.7791], [174.283, -38.7822], [174.3221, -38.7493], [174.3489, -38.732], [174.3512, -38.717], [174.3514, -38.7017], [174.6152, -38.706], [174.6134, -38.7135], [174.6169, -38.7229], [174.6472, -38.721], [174.6459, -38.726], [174.654, -38.7332], [174.6578, -38.7315], [174.6616, -38.732], [174.6663, -38.7289], [174.6875, -38.7278], [174.6934, -38.7337], [174.7022, -38.7307], [174.7035, -38.7326], [174.7089, -38.7319], [174.7258, -38.7353], [174.728, -38.7334], [174.7376, -38.7341], [174.744, -38.7408], [174.7486, -38.743], [174.7481, -38.7441], [174.752, -38.7434], [174.7535, -38.7448], [174.7584, -38.7446], [174.7627, -38.7418], [174.763, -38.7394], [174.7674, -38.7373], [174.7744, -38.7365], [174.7741, -38.7389], [174.7811, -38.735], [174.7905, -38.7336], [174.7942, -38.731], [174.8038, -38.7365], [174.8074, -38.7359], [174.8124, -38.7412], [174.8154, -38.7409], [174.8164, -38.7453], [174.8185, -38.747], [174.8242, -38.748], [174.8249, -38.7533], [174.8275, -38.7567], [174.8254, -38.7586], [174.8277, -38.7585], [174.8282, -38.761], [174.8344, -38.7645], [174.8434, -38.7668], [174.8504, -38.7729], [174.8629, -38.7746], [174.8617, -38.7795], [174.8562, -38.7828], [174.8508, -38.783], [174.8493, -38.7811], [174.8505, -38.7796], [174.8486, -38.7786], [174.8371, -38.783], [174.832, -38.7835], [174.8315, -38.7819], [174.8263, -38.7857], [174.82, -38.787], [174.8208, -38.7883], [174.819, -38.7904], [174.8222, -38.7921], [174.8207, -38.7935], [174.8218, -38.7939], [174.8206, -38.795], [174.8169, -38.7942], [174.8184, -38.7965], [174.8145, -38.8006], [174.8159, -38.8034], [174.8078, -38.82], [174.7866, -38.821], [174.788, -38.8247], [174.7966, -38.829], [174.7993, -38.8289], [174.7973, -38.8315], [174.7997, -38.8327], [174.7983, -38.8375], [174.7997, -38.8392], [174.7984, -38.843], [174.7996, -38.8452], [174.797, -38.8494], [174.7996, -38.8513], [174.7998, -38.8541], [174.7967, -38.859], [174.7995, -38.8617], [174.7988, -38.8653], [174.8066, -38.8695], [174.8035, -38.871], [174.8076, -38.8759], [174.8059, -38.8775], [174.8076, -38.8819], [174.8125, -38.8827], [174.8118, -38.8841], [174.8174, -38.8874], [174.8207, -38.8867], [174.8202, -38.8902], [174.8217, -38.8913], [174.8196, -38.8944], [174.8246, -38.8956], [174.8237, -38.898], [174.8269, -38.9], [174.8252, -38.9047], [174.8271, -38.9104], [174.8306, -38.9125], [174.8299, -38.9147], [174.8321, -38.9151], [174.8307, -38.9186], [174.8278, -38.9201], [174.8299, -38.9233], [174.8207, -38.9231], [174.8221, -38.9256], [174.8169, -38.9235], [174.8135, -38.9259], [174.8116, -38.923], [174.8099, -38.9262], [174.8024, -38.9255], [174.795, -38.9159], [174.7916, -38.9176], [174.7905, -38.9203], [174.7843, -38.9206], [174.783, -38.9241], [174.7849, -38.9328], [174.7897, -38.9374], [174.7896, -38.9396], [174.7926, -38.9403], [174.7907, -38.949], [174.7865, -38.9487], [174.7862, -38.9503], [174.7821, -38.9512], [174.7834, -38.9588], [174.7813, -38.9591], [174.7809, -38.9606], [174.792, -38.9644], [174.7995, -38.9714], [174.787, -38.9833], [174.7764, -38.986], [174.773, -38.983], [174.7655, -38.9882], [174.7758, -38.9927], [174.7719, -38.9975], [174.7651, -39.0014], [174.7644, -39.0048], [174.7671, -39.0099], [174.7727, -39.012], [174.7705, -39.0179], [174.7758, -39.0205], [174.7784, -39.0203], [174.7793, -39.0224], [174.7772, -39.0322], [174.7794, -39.0347], [174.7756, -39.0436], [174.7922, -39.0474], [174.7879, -39.0498], [174.7879, -39.0528], [174.7927, -39.0635], [174.7891, -39.0676], [174.7767, -39.0697], [174.7744, -39.0726], [174.7699, -39.0734], [174.7695, -39.0765], [174.7711, -39.0769], [174.7575, -39.088], [174.7509, -39.0791], [174.7416, -39.0767], [174.7405, -39.0804], [174.7317, -39.0826], [174.7291, -39.0866], [174.7262, -39.0862], [174.7234, -39.0953], [174.727, -39.0999], [174.727, -39.1025], [174.7223, -39.1067], [174.7125, -39.1077], [174.7112, -39.111], [174.7076, -39.1137], [174.701, -39.1108], [174.6911, -39.1116], [174.6898, -39.1154], [174.6874, -39.116], [174.6752, -39.1298], [174.6814, -39.1364], [174.6849, -39.1353], [174.6939, -39.1423], [174.6945, -39.1446], [174.702, -39.1488], [174.7024, -39.1531], [174.6973, -39.1569], [174.6993, -39.162], [174.7025, -39.1649], [174.6996, -39.1717], [174.7077, -39.1788], [174.7056, -39.1828], [174.7058, -39.188], [174.7078, -39.1905], [174.7064, -39.1932], [174.708, -39.1955], [174.7, -39.2057], [174.712, -39.2128], [174.7176, -39.2139], [174.7249, -39.212], [174.7273, -39.2141], [174.7295, -39.2138], [174.7351, -39.2232], [174.7449, -39.2225], [174.7466, -39.2243], [174.7521, -39.2253], [174.7491, -39.2292], [174.7524, -39.2289], [174.7556, -39.2336], [174.7546, -39.2367], [174.748, -39.2427], [174.7455, -39.2416], [174.7524, -39.2459], [174.7524, -39.2519], [174.7575, -39.2563], [174.7542, -39.2603], [174.7496, -39.2625], [174.7517, -39.2713], [174.7492, -39.2722], [174.7478, -39.2758], [174.7519, -39.2832], [174.7581, -39.2872], [174.7566, -39.2899], [174.7588, -39.2904], [174.7609, -39.2946], [174.7653, -39.2956], [174.766, -39.2921], [174.7693, -39.2884], [174.7685, -39.2844], [174.7695, -39.2839], [174.7742, -39.2836], [174.7831, -39.2876], [174.7962, -39.299], [174.8077, -39.302], [174.8129, -39.3079], [174.8133, -39.3103], [174.8158, -39.3115], [174.8128, -39.3136], [174.8148, -39.3142], [174.8153, -39.3181], [174.8204, -39.3228], [174.8198, -39.326], [174.8226, -39.3298], [174.8207, -39.3311], [174.8228, -39.334], [174.8271, -39.3325], [174.8384, -39.337], [174.8425, -39.3359], [174.8503, -39.3368], [174.8544, -39.3399], [174.8539, -39.3413], [174.8588, -39.3409], [174.8614, -39.3437], [174.8643, -39.3434], [174.8707, -39.3468], [174.8719, -39.3518], [174.8769, -39.3537], [174.8769, -39.3568], [174.8813, -39.353], [174.8874, -39.3537], [174.8883, -39.3562], [174.8917, -39.3582], [174.8882, -39.3648], [174.8904, -39.3694], [174.8881, -39.375], [174.8819, -39.3784], [174.8848, -39.3817], [174.8836, -39.3847], [174.8768, -39.3917], [174.873, -39.3887], [174.8702, -39.3905], [174.8659, -39.3891], [174.8699, -39.3955], [174.8713, -39.401], [174.8768, -39.4033], [174.8794, -39.408], [174.8874, -39.4147], [174.8886, -39.4227], [174.8852, -39.4253], [174.8877, -39.4273], [174.8893, -39.4336], [174.8843, -39.4344], [174.8846, -39.4355], [174.889, -39.4351], [174.8921, -39.4388], [174.8918, -39.4404], [174.897, -39.4453], [174.9047, -39.4452], [174.9066, -39.4474], [174.9042, -39.4511], [174.907, -39.4547], [174.9098, -39.4555], [174.9094, -39.459], [174.9154, -39.4627], [174.9206, -39.4681], [174.9217, -39.4713], [174.9285, -39.4762], [174.9396, -39.4794], [174.947, -39.4783], [174.9515, -39.4817], [174.9566, -39.4798], [174.9636, -39.4853], [174.9673, -39.4848], [174.961, -39.4929], [174.9635, -39.4938], [174.9651, -39.4997], [174.9695, -39.5037], [174.9661, -39.5048], [174.9653, -39.5075], [174.9696, -39.5131], [174.9688, -39.5163], [174.972, -39.5208], [174.9704, -39.5219], [174.9703, -39.5254], [174.9758, -39.5275], [174.9781, -39.5329], [174.9824, -39.537], [174.988, -39.5385], [174.9897, -39.537], [174.9899, -39.5396], [174.9918, -39.5403], [174.987, -39.5472], [174.9889, -39.5522], [174.9871, -39.556], [174.9797, -39.5573], [174.9768, -39.5593], [174.9776, -39.5613], [174.9737, -39.5635], [174.9753, -39.5664], [174.9724, -39.5676], [174.9757, -39.5728], [174.9728, -39.5752], [174.9743, -39.5779], [174.9715, -39.5821], [174.974, -39.5845], [174.9718, -39.5849], [174.9741, -39.5911], [174.9693, -39.5953], [174.9699, -39.5982], [174.9684, -39.6015], [174.9696, -39.6041], [174.9676, -39.6053], [174.9725, -39.6129], [174.9705, -39.6188], [174.9716, -39.6228], [174.97, -39.6255], [174.9728, -39.6282], [174.9706, -39.6314], [174.9734, -39.633], [174.9744, -39.6379], [174.9764, -39.6377], [174.97, -39.6438], [174.971, -39.645], [174.9697, -39.6463], [174.9741, -39.6467], [174.9758, -39.6491], [174.9722, -39.6537], [174.9758, -39.6552], [174.9763, -39.657], [174.9834, -39.6571], [174.9837, -39.6611], [174.9883, -39.6611], [174.9865, -39.6641], [174.988, -39.6654], [174.9735, -39.6703], [174.9726, -39.672], [174.9746, -39.6749], [174.9698, -39.6768], [174.9648, -39.6756], [174.958, -39.6793], [174.9516, -39.68], [174.9502, -39.6774], [174.9463, -39.676], [174.9421, -39.6779], [174.9388, -39.6767], [174.9404, -39.6805], [174.9358, -39.6856], [174.9299, -39.6829], [174.9288, -39.6846], [174.9305, -39.685], [174.9284, -39.687], [174.9297, -39.6882], [174.9291, -39.6907], [174.9226, -39.6954], [174.9245, -39.6999], [174.9275, -39.7009], [174.922, -39.7038], [174.9278, -39.7122], [174.9278, -39.7176], [174.9319, -39.7205], [174.9316, -39.7232], [174.9272, -39.7254], [174.9238, -39.7295], [174.9268, -39.7321], [174.9253, -39.7335], [174.9229, -39.7329], [174.9249, -39.7351], [174.9229, -39.7376], [174.9199, -39.7382], [174.924, -39.7404], [174.921, -39.7454], [174.9175, -39.7453], [174.9179, -39.7497], [174.9155, -39.7473], [174.9161, -39.7442], [174.9144, -39.7453], [174.9124, -39.7424], [174.9113, -39.7436], [174.9096, -39.7417], [174.9095, -39.7429], [174.9073, -39.7416], [174.9079, -39.7431], [174.8995, -39.7487], [174.8945, -39.7472], [174.8882, -39.7513], [174.8893, -39.7532], [174.8868, -39.7547], [174.8865, -39.7572], [174.8713, -39.7667], [174.8721, -39.7706], [174.8703, -39.7733], [174.8625, -39.7734], [174.8578, -39.7769], [174.85, -39.7776], [174.8495, -39.7832], [174.8519, -39.7892], [174.8366, -39.7962], [174.8345, -39.8005], [174.803, -39.8031], [174.7937, -39.8205], [174.7998, -39.8202], [174.7934, -39.8336], [174.7849, -39.8316], [174.7793, -39.8431], [174.7663, -39.8529], [174.7841, -39.858], [174.7172, -40.069], [174.6743, -40.0648], [174.6311, -40.0557], [174.5872, -40.0416], [174.5449, -40.0212], [174.5333, -40.0174], [174.4829, -40.0088], [174.4564, -40.0011], [174.4268, -39.9892], [174.381, -39.965], [174.3566, -39.9488], [174.3319, -39.9365], [174.2799, -39.9065], [174.2349, -39.8717], [174.218, -39.8561], [174.1895, -39.8353], [174.169, -39.8158], [174.1588, -39.8037], [174.1374, -39.7953], [174.1177, -39.7854], [174.105, -39.7833]]]}, "properties": {"REGC2025_V1_00": "07", "REGC2025_V1_00_NAME": "Taranaki Region"}}, {"type": "Feature", "geometry": {"type": "Polygon", "coordinates": [[[175.4734, -40.6934], [175.447, -40.7263], [175.4416, -40.742], [175.4342, -40.7464], [175.4227, -40.7454], [175.4074, -40.7358], [175.3967, -40.7372], [175.3888, -40.731], [175.3775, -40.7325], [175.3715, -40.7268], [175.3676, -40.7277], [175.3604, -40.7328], [175.3558, -40.7301], [175.3518, -40.7349], [175.3529, -40.7463], [175.3464, -40.7522], [175.3411, -40.7493], [175.3361, -40.7517], [175.3316, -40.7459], [175.3283, -40.7442], [175.3266, -40.7494], [175.3093, -40.7497], [175.3051, -40.7524], [175.3, -40.7533], [175.2977, -40.7521], [175.2914, -40.7541], [175.2768, -40.7663], [175.2689, -40.7687], [175.2648, -40.7681], [175.2611, -40.7655], [175.2531, -40.7644], [175.2438, -40.7584], [175.2349, -40.7559], [175.2281, -40.7567], [175.219, -40.7625], [175.2132, -40.7632], [175.2079, -40.761], [175.2011, -40.7612], [175.2014, -40.7593], [175.193, -40.7573], [175.1931, -40.7526], [175.1882, -40.7451], [175.1898, -40.7418], [175.1987, -40.7434], [175.202, -40.739], [175.2043, -40.7394], [175.2065, -40.7321], [175.2029, -40.7315], [175.2044, -40.7303], [175.1838, -40.7179], [175.1783, -40.7214], [175.1695, -40.7183], [175.1707, -40.7107], [175.1361, -40.7002], [174.8514, -40.6286], [174.8939, -40.6224], [174.9077, -40.5957], [174.9416, -40.5012], [174.9464, -40.4815], [174.9496, -40.4544], [174.9619, -40.403], [174.9663, -40.3682], [174.9636, -40.3166], [174.9499, -40.2396], [174.9467, -40.2288], [174.9332, -40.2036], [174.9115, -40.1799], [174.8865, -40.1565], [174.8729, -40.1396], [174.8602, -40.1271], [174.8365, -40.1162], [174.8109, -40.1012], [174.7906, -40.086], [174.7703, -40.0671], [174.7462, -40.0691], [174.7172, -40.069], [174.7841, -39.858], [174.7663, -39.8529], [174.7793, -39.8431], [174.7849, -39.8316], [174.7934, -39.8336], [174.7998, -39.8202], [174.7937, -39.8205], [174.803, -39.8031], [174.8345, -39.8005], [174.8366, -39.7962], [174.8519, -39.7892], [174.8495, -39.7832], [174.85, -39.7776], [174.8578, -39.7769], [174.8625, -39.7734], [174.8703, -39.7733], [174.8721, -39.7706], [174.8713, -39.7667], [174.8865, -39.7572], [174.8868, -39.7547], [174.8893, -39.7532], [174.8882, -39.7513], [174.8945, -39.7472], [174.8995, -39.7487], [174.9079, -39.7431], [174.9073, -39.7416], [174.9095, -39.7429], [174.9096, -39.7417], [174.9113, -39.7436], [174.9124, -39.7424], [174.9144, -39.7453], [174.9161, -39.7442], [174.9155, -39.7473], [174.9179, -39.7497], [174.9175, -39.7453], [174.921, -39.7454], [174.924, -39.7404], [174.9199, -39.7382], [174.9229, -39.7376], [174.9249, -39.7351], [174.9229, -39.7329], [174.9253, -39.7335], [174.9268, -39.7321], [174.9238, -39.7295], [174.9272, -39.7254], [174.9316, -39.7232], [174.9319, -39.7205], [174.9278, -39.7176], [174.9278, -39.7122], [174.922, -39.7038], [174.9275, -39.7009], [174.9245, -39.6999], [174.9226, -39.6954], [174.9291, -39.6907], [174.9297, -39.6882], [174.9284, -39.687], [174.9305, -39.685], [174.9288, -39.6846], [174.9299, -39.6829], [174.9358, -39.6856], [174.9404, -39.6805], [174.9388, -39.6767], [174.9421, -39.6779], [174.9463, -39.676], [174.9502, -39.6774], [174.9516, -39.68], [174.958, -39.6793], [174.9648, -39.6756], [174.9698, -39.6768], [174.9746, -39.6749], [174.9726, -39.672], [174.9735, -39.6703], [174.9874, -39.6663], [174.988, -39.665], [174.9865, -39.6641], [174.988, -39.6607], [174.9837, -39.6611], [174.9826, -39.6566], [174.9763, -39.657], [174.9758, -39.6552], [174.9722, -39.6537], [174.9758, -39.6491], [174.9741, -39.6467], [174.9697, -39.6463], [174.971, -39.645], [174.97, -39.6438], [174.9764, -39.6377], [174.9744, -39.6379], [174.9734, -39.633], [174.9706, -39.6314], [174.9728, -39.6282], [174.97, -39.6255], [174.9716, -39.6228], [174.9705, -39.6188], [174.9725, -39.6129], [174.9676, -39.6053], [174.9696, -39.6041], [174.9684, -39.6015], [174.9699, -39.5982], [174.9693, -39.5953], [174.9741, -39.5911], [174.9718, -39.5849], [174.974, -39.5845], [174.9715, -39.5821], [174.9743, -39.5779], [174.9728, -39.5752], [174.9757, -39.5728], [174.9724, -39.5676], [174.9753, -39.5664], [174.9737, -39.5635], [174.9776, -39.5613], [174.9768, -39.5593], [174.9797, -39.5573], [174.9871, -39.556], [174.9889, -39.5522], [174.987, -39.5472], [174.9918, -39.5403], [174.9899, -39.5396], [174.9897, -39.537], [174.988, -39.5385], [174.9824, -39.537], [174.9781, -39.5329], [174.9758, -39.5275], [174.9703, -39.5254], [174.9704, -39.5219], [174.972, -39.5208], [174.9688, -39.5163], [174.9696, -39.5131], [174.9653, -39.5075], [174.9661, -39.5048], [174.9695, -39.5037], [174.9651, -39.4997], [174.9635, -39.4938], [174.961, -39.4929], [174.9673, -39.4848], [174.9636, -39.4853], [174.9566, -39.4798], [174.9515, -39.4817], [174.947, -39.4783], [174.9396, -39.4794], [174.9285, -39.4762], [174.9217, -39.4713], [174.9206, -39.4681], [174.9154, -39.4627], [174.9094, -39.459], [174.9098, -39.4555], [174.907, -39.4547], [174.9042, -39.4511], [174.9066, -39.4474], [174.9047, -39.4452], [174.897, -39.4453], [174.8918, -39.4404], [174.8921, -39.4388], [174.889, -39.4351], [174.8846, -39.4355], [174.8843, -39.4344], [174.8893, -39.4336], [174.8877, -39.4273], [174.8852, -39.4253], [174.8886, -39.4227], [174.8874, -39.4147], [174.8794, -39.408], [174.8768, -39.4033], [174.8713, -39.401], [174.8699, -39.3955], [174.8659, -39.3891], [174.8702, -39.3905], [174.873, -39.3887], [174.8766, -39.3917], [174.8794, -39.3902], [174.8848, -39.3818], [174.8819, -39.3784], [174.8892, -39.3737], [174.8904, -39.3686], [174.8882, -39.3648], [174.8916, -39.3581], [174.8883, -39.3562], [174.8871, -39.3536], [174.8833, -39.3528], [174.8804, -39.3533], [174.8769, -39.3568], [174.8769, -39.3537], [174.8719, -39.3518], [174.8707, -39.3468], [174.8643, -39.3434], [174.8614, -39.3437], [174.8588, -39.3409], [174.8539, -39.3413], [174.8544, -39.3399], [174.8501, -39.3367], [174.8384, -39.337], [174.8271, -39.3325], [174.8228, -39.334], [174.8207, -39.3311], [174.8226, -39.3298], [174.8198, -39.326], [174.8204, -39.3228], [174.8153, -39.3181], [174.8148, -39.3142], [174.8128, -39.3136], [174.8158, -39.3115], [174.8133, -39.3103], [174.8129, -39.3079], [174.8077, -39.302], [174.7962, -39.299], [174.7831, -39.2876], [174.7742, -39.2836], [174.7695, -39.2839], [174.7685, -39.2844], [174.7693, -39.2884], [174.766, -39.2921], [174.7653, -39.2956], [174.7609, -39.2946], [174.7588, -39.2904], [174.7566, -39.2899], [174.7581, -39.2872], [174.7519, -39.2832], [174.7478, -39.2758], [174.7492, -39.2722], [174.7517, -39.2713], [174.7496, -39.2625], [174.7542, -39.2603], [174.7575, -39.2563], [174.7524, -39.2519], [174.7524, -39.2459], [174.7455, -39.2416], [174.748, -39.2427], [174.7546, -39.2367], [174.7556, -39.2336], [174.7524, -39.2289], [174.7491, -39.2292], [174.7521, -39.2253], [174.7466, -39.2243], [174.7449, -39.2225], [174.7351, -39.2232], [174.7295, -39.2138], [174.7273, -39.2141], [174.7249, -39.212], [174.7176, -39.2139], [174.712, -39.2128], [174.7, -39.2057], [174.708, -39.1955], [174.7064, -39.1932], [174.7078, -39.1905], [174.7058, -39.188], [174.7056, -39.1828], [174.7077, -39.1788], [174.6996, -39.1717], [174.7025, -39.1649], [174.6993, -39.162], [174.6973, -39.1569], [174.7024, -39.1531], [174.702, -39.1488], [174.6945, -39.1446], [174.6939, -39.1423], [174.6849, -39.1353], [174.6814, -39.1364], [174.6752, -39.1298], [174.6874, -39.116], [174.6898, -39.1154], [174.6911, -39.1116], [174.701, -39.1108], [174.7076, -39.1137], [174.7112, -39.111], [174.7125, -39.1077], [174.7223, -39.1067], [174.727, -39.1025], [174.727, -39.0999], [174.7234, -39.0953], [174.7262, -39.0862], [174.7291, -39.0866], [174.7317, -39.0826], [174.7405, -39.0804], [174.7416, -39.0767], [174.7509, -39.0791], [174.7575, -39.088], [174.7711, -39.0769], [174.7695, -39.0765], [174.7699, -39.0734], [174.7744, -39.0726], [174.7767, -39.0697], [174.7891, -39.0676], [174.7927, -39.0635], [174.7879, -39.0528], [174.7879, -39.0498], [174.7922, -39.0474], [174.7756, -39.0436], [174.7794, -39.0347], [174.7772, -39.0322], [174.7793, -39.0224], [174.7784, -39.0203], [174.7758, -39.0205], [174.7705, -39.0179], [174.7727, -39.012], [174.7671, -39.0099], [174.7644, -39.0048], [174.7651, -39.0014], [174.7719, -38.9975], [174.7758, -38.9927], [174.7655, -38.9882], [174.773, -38.983], [174.7764, -38.986], [174.787, -38.9833], [174.7995, -38.9714], [174.792, -38.9644], [174.7809, -38.9606], [174.7813, -38.9591], [174.7834, -38.9588], [174.7821, -38.9512], [174.7862, -38.9503], [174.7865, -38.9487], [174.7907, -38.949], [174.7926, -38.9403], [174.7896, -38.9396], [174.7897, -38.9374], [174.7849, -38.9328], [174.783, -38.9241], [174.7843, -38.9206], [174.7905, -38.9203], [174.7916, -38.9176], [174.795, -38.9159], [174.8024, -38.9255], [174.8099, -38.9262], [174.8116, -38.923], [174.8135, -38.9259], [174.8169, -38.9235], [174.8221, -38.9256], [174.8207, -38.9231], [174.8299, -38.9233], [174.8278, -38.9201], [174.8307, -38.9186], [174.8321, -38.9151], [174.8299, -38.9147], [174.8306, -38.9125], [174.8271, -38.9104], [174.8252, -38.9047], [174.8269, -38.9], [174.8237, -38.898], [174.8246, -38.8956], [174.8196, -38.8944], [174.8217, -38.8913], [174.8202, -38.8902], [174.8207, -38.8867], [174.8174, -38.8874], [174.8118, -38.8841], [174.8125, -38.8827], [174.8076, -38.8819], [174.8059, -38.8775], [174.8076, -38.8759], [174.8035, -38.871], [174.8066, -38.8695], [174.7988, -38.8653], [174.7995, -38.8617], [174.7967, -38.859], [174.7998, -38.8541], [174.7996, -38.8513], [174.797, -38.8494], [174.7996, -38.8452], [174.7984, -38.843], [174.7997, -38.8392], [174.7983, -38.8375], [174.7997, -38.8327], [174.7973, -38.8315], [174.7993, -38.8289], [174.7966, -38.829], [174.788, -38.8247], [174.7866, -38.821], [174.8078, -38.82], [174.8159, -38.8034], [174.8145, -38.8006], [174.8184, -38.7965], [174.8169, -38.7942], [174.8206, -38.795], [174.8218, -38.7939], [174.8207, -38.7935], [174.8222, -38.7921], [174.819, -38.7904], [174.8208, -38.7883], [174.82, -38.787], [174.8263, -38.7857], [174.8315, -38.7819], [174.832, -38.7835], [174.8371, -38.783], [174.8486, -38.7786], [174.8505, -38.7796], [174.8493, -38.7811], [174.8513, -38.7832], [174.8588, -38.782], [174.862, -38.779], [174.8629, -38.773], [174.8663, -38.7694], [174.8672, -38.7653], [174.8739, -38.7658], [174.8839, -38.7631], [174.8892, -38.7611], [174.896, -38.7547], [174.9148, -38.7548], [174.9202, -38.7534], [174.9275, -38.7563], [174.931, -38.7556], [174.9327, -38.7544], [174.9324, -38.7524], [174.9378, -38.7502], [174.938, -38.7414], [174.9333, -38.7388], [174.9348, -38.7306], [174.9439, -38.7228], [174.9415, -38.7211], [174.9425, -38.72], [174.9541, -38.7151], [174.951, -38.7061], [174.9532, -38.7044], [174.9533, -38.7014], [174.9571, -38.6993], [174.9629, -38.6992], [174.9643, -38.6968], [174.9611, -38.6927], [174.9616, -38.6902], [174.9579, -38.6874], [174.9596, -38.6783], [174.9542, -38.675], [174.9558, -38.673], [174.9544, -38.6675], [174.9562, -38.6651], [174.9609, -38.6636], [174.9674, -38.6676], [174.9716, -38.6673], [174.9756, -38.6653], [174.979, -38.6663], [174.9811, -38.6619], [174.9865, -38.6655], [174.9943, -38.6648], [175.0005, -38.6663], [175.0026, -38.6634], [175.017, -38.6604], [175.018, -38.659], [175.0222, -38.6595], [175.0247, -38.6578], [175.0265, -38.6592], [175.0293, -38.656], [175.0325, -38.6569], [175.0398, -38.655], [175.0392, -38.6516], [175.0511, -38.6494], [175.0539, -38.6456], [175.058, -38.6443], [175.0574, -38.6405], [175.07, -38.6377], [175.0695, -38.6301], [175.0744, -38.6297], [175.083, -38.6348], [175.0875, -38.6358], [175.0885, -38.6378], [175.0931, -38.638], [175.0925, -38.635], [175.0984, -38.6338], [175.0997, -38.6314], [175.1079, -38.6277], [175.1092, -38.6245], [175.1164, -38.6219], [175.1195, -38.6264], [175.1357, -38.6263], [175.136, -38.6293], [175.1389, -38.6316], [175.1437, -38.6301], [175.1496, -38.6307], [175.1546, -38.6288], [175.159, -38.6296], [175.167, -38.6271], [175.1733, -38.6274], [175.1838, -38.6309], [175.1952, -38.6294], [175.1966, -38.6335], [175.2077, -38.639], [175.2132, -38.6394], [175.2224, -38.6365], [175.2309, -38.632], [175.2343, -38.6322], [175.2364, -38.6253], [175.2404, -38.624], [175.2485, -38.6154], [175.2519, -38.6142], [175.2544, -38.6166], [175.2563, -38.6132], [175.2622, -38.6122], [175.2653, -38.6137], [175.2851, -38.588], [175.3002, -38.6006], [175.3019, -38.5992], [175.3064, -38.5954], [175.3009, -38.5887], [175.303, -38.5715], [175.3178, -38.556], [175.3247, -38.5514], [175.3264, -38.5543], [175.3292, -38.5543], [175.3299, -38.5564], [175.3347, -38.5593], [175.3322, -38.5634], [175.3361, -38.5672], [175.3354, -38.5695], [175.3318, -38.5703], [175.3355, -38.5815], [175.3778, -38.5727], [175.3816, -38.5608], [175.3835, -38.5418], [175.3858, -38.5409], [175.3955, -38.5431], [175.4007, -38.5373], [175.4072, -38.5344], [175.4151, -38.5281], [175.4179, -38.5222], [175.4153, -38.5157], [175.4159, -38.5135], [175.4228, -38.5115], [175.4265, -38.506], [175.4332, -38.5017], [175.4431, -38.4989], [175.444, -38.4954], [175.4392, -38.4942], [175.4392, -38.4926], [175.4483, -38.4877], [175.4572, -38.4863], [175.4596, -38.4843], [175.4695, -38.4849], [175.4809, -38.4789], [175.4831, -38.4796], [175.4829, -38.4828], [175.4845, -38.484], [175.4947, -38.481], [175.5102, -38.4813], [175.5186, -38.4793], [175.5421, -38.4806], [175.5382, -38.4703], [175.5655, -38.4945], [175.6122, -38.4876], [175.6262, -38.5409], [175.6254, -38.5452], [175.6288, -38.5512], [175.6369, -38.5525], [175.6355, -38.5578], [175.6368, -38.5645], [175.6337, -38.5661], [175.6349, -38.5699], [175.6327, -38.5795], [175.6326, -38.5915], [175.6289, -38.5954], [175.6286, -38.6006], [175.6217, -38.6067], [175.6147, -38.6181], [175.6003, -38.6341], [175.5923, -38.6374], [175.5759, -38.6499], [175.5793, -38.6527], [175.5778, -38.6559], [175.5786, -38.6599], [175.5767, -38.663], [175.5787, -38.6655], [175.5754, -38.6724], [175.5758, -38.6745], [175.5807, -38.6776], [175.5796, -38.6818], [175.5731, -38.6904], [175.565, -38.6954], [175.5581, -38.709], [175.5345, -38.7347], [175.5294, -38.7436], [175.5236, -38.746], [175.5234, -38.7501], [175.5185, -38.7511], [175.5194, -38.7582], [175.5269, -38.7634], [175.5278, -38.7701], [175.5306, -38.7749], [175.5352, -38.7764], [175.5375, -38.7791], [175.5417, -38.7951], [175.5534, -38.7893], [175.5555, -38.7902], [175.5637, -38.8037], [175.5746, -38.8163], [175.5776, -38.8255], [175.577, -38.8309], [175.5698, -38.833], [175.5615, -38.8386], [175.5604, -38.8434], [175.5464, -38.8599], [175.5447, -38.8644], [175.5492, -38.8728], [175.5552, -38.8772], [175.5607, -38.8842], [175.5613, -38.8924], [175.58, -38.9107], [175.5761, -38.9185], [175.566, -38.9299], [175.5649, -38.9385], [175.554, -38.9566], [175.5608, -38.9727], [175.5675, -38.9687], [175.5694, -38.9701], [175.565, -38.9725], [175.5655, -38.9773], [175.5626, -38.9868], [175.6063, -38.9818], [175.6269, -38.974], [175.6412, -38.9803], [175.682, -38.9797], [175.6481, -39.0144], [175.648, -39.0279], [175.6358, -39.0453], [175.6312, -39.0489], [175.6318, -39.0456], [175.6136, -39.0506], [175.615, -39.0551], [175.6246, -39.0599], [175.6172, -39.0749], [175.6187, -39.0826], [175.622, -39.087], [175.626, -39.0858], [175.6324, -39.0889], [175.6354, -39.0887], [175.6374, -39.0901], [175.6399, -39.0974], [175.6421, -39.0967], [175.6456, -39.1001], [175.6478, -39.1001], [175.6428, -39.1043], [175.6372, -39.1291], [175.6347, -39.1584], [175.5579, -39.276], [175.6692, -39.2969], [175.7048, -39.2883], [175.7409, -39.2974], [175.741, -39.2926], [175.7518, -39.2879], [175.7653, -39.2914], [175.7696, -39.295], [175.7801, -39.2934], [175.7836, -39.2943], [175.7909, -39.2998], [175.8126, -39.3003], [175.8286, -39.289], [175.8335, -39.2833], [175.836, -39.2768], [175.8426, -39.2707], [175.8627, -39.2665], [175.8681, -39.263], [175.869, -39.2591], [175.8566, -39.252], [175.8547, -39.2444], [175.8585, -39.2444], [175.8726, -39.2391], [175.8856, -39.2293], [175.8864, -39.2271], [175.8927, -39.2236], [175.8929, -39.2138], [175.8882, -39.2114], [175.886, -39.2059], [175.8984, -39.2041], [175.9035, -39.1999], [175.9195, -39.1987], [175.9189, -39.191], [175.9213, -39.1897], [175.9335, -39.1877], [175.954, -39.1871], [175.9642, -39.18], [175.9677, -39.1703], [175.9638, -39.1624], [175.964, -39.1595], [175.9716, -39.1577], [175.9734, -39.1548], [175.9813, -39.1355], [175.9841, -39.1341], [175.9823, -39.1268], [175.9886, -39.1194], [175.9889, -39.1158], [176.004, -39.1129], [176.0076, -39.1084], [176.0046, -39.1024], [176.0116, -39.0972], [176.0128, -39.0917], [176.0221, -39.0835], [176.026, -39.0826], [176.0314, -39.0782], [176.0324, -39.0822], [176.0367, -39.0864], [176.0356, -39.09], [176.032, -39.0923], [176.0325, -39.0995], [176.0401, -39.0989], [176.0434, -39.1006], [176.0437, -39.1029], [176.0544, -39.1058], [176.0629, -39.1109], [176.0621, -39.114], [176.0643, -39.1192], [176.0716, -39.1241], [176.0857, -39.1294], [176.0845, -39.1321], [176.0866, -39.1376], [176.0828, -39.1408], [176.0835, -39.15], [176.0881, -39.1551], [176.09, -39.1612], [176.1011, -39.1699], [176.1002, -39.1738], [176.1027, -39.1757], [176.1025, -39.1773], [176.0979, -39.1793], [176.0951, -39.1777], [176.0894, -39.1783], [176.0829, -39.1862], [176.0839, -39.1881], [176.089, -39.1903], [176.0904, -39.2], [176.0843, -39.2039], [176.0832, -39.2081], [176.0777, -39.2082], [176.075, -39.2109], [176.0777, -39.2167], [176.0843, -39.2165], [176.0918, -39.2109], [176.0996, -39.213], [176.1023, -39.2166], [176.111, -39.2151], [176.1154, -39.218], [176.1153, -39.2232], [176.1088, -39.2266], [176.1061, -39.232], [176.1034, -39.2323], [176.098, -39.2367], [176.097, -39.2429], [176.094, -39.245], [176.0938, -39.2478], [176.0807, -39.26], [176.0818, -39.2642], [176.0888, -39.2661], [176.0893, -39.273], [176.0936, -39.278], [176.0869, -39.2858], [176.0868, -39.2891], [176.0974, -39.2916], [176.1005, -39.2951], [176.1009, -39.3117], [176.1024, -39.3152], [176.1097, -39.3205], [176.1171, -39.3217], [176.1218, -39.3267], [176.115, -39.3392], [176.0938, -39.3458], [176.0658, -39.3663], [176.0594, -39.3674], [176.052, -39.3657], [176.0439, -39.3716], [176.0431, -39.3814], [176.0589, -39.3836], [176.0691, -39.3923], [176.0717, -39.3917], [176.0748, -39.3873], [176.0842, -39.3836], [176.0956, -39.3837], [176.1037, -39.3819], [176.1112, -39.3844], [176.115, -39.3935], [176.1205, -39.4009], [176.1199, -39.4148], [176.1175, -39.4233], [176.1211, -39.4301], [176.1214, -39.4344], [176.1329, -39.4413], [176.1343, -39.4449], [176.142, -39.4458], [176.144, -39.4485], [176.1417, -39.4542], [176.144, -39.4598], [176.1393, -39.4656], [176.1397, -39.4698], [176.1369, -39.4759], [176.1437, -39.4813], [176.1479, -39.4823], [176.1489, -39.4866], [176.1514, -39.4887], [176.1547, -39.4884], [176.1596, -39.4906], [176.1664, -39.5006], [176.182, -39.5007], [176.1903, -39.5026], [176.194, -39.5051], [176.1871, -39.5167], [176.1823, -39.5424], [176.1806, -39.542], [176.1781, -39.5472], [176.1739, -39.5507], [176.1519, -39.5602], [176.1507, -39.5633], [176.155, -39.5694], [176.143, -39.5765], [176.1425, -39.5799], [176.1448, -39.5824], [176.1427, -39.5847], [176.1472, -39.5925], [176.1527, -39.5983], [176.1576, -39.5968], [176.1614, -39.6029], [176.1735, -39.6021], [176.179, -39.6053], [176.1813, -39.6169], [176.1651, -39.6487], [176.1959, -39.6636], [176.2009, -39.673], [176.1927, -39.6798], [176.1842, -39.6838], [176.1805, -39.7111], [176.1691, -39.7179], [176.1769, -39.744], [176.138, -39.8239], [176.135, -39.8506], [176.1268, -39.8615], [176.1172, -39.8868], [176.1231, -39.888], [176.1269, -39.8916], [176.1261, -39.9048], [176.1203, -39.9097], [176.1068, -39.9171], [176.1136, -39.9247], [176.1154, -39.9294], [176.1117, -39.938], [176.1096, -39.9392], [176.1097, -39.9419], [176.1245, -39.9478], [176.1171, -39.9577], [176.1211, -39.9624], [176.1162, -39.9696], [176.1121, -39.9705], [176.1032, -39.9772], [176.1016, -39.9843], [176.0938, -39.9955], [176.1255, -40.0136], [176.1245, -40.0188], [176.1334, -40.0247], [176.1366, -40.0286], [176.1543, -40.0122], [176.1652, -40.0176], [176.1806, -40.0162], [176.1813, -40.0182], [176.205, -40.019], [176.2135, -40.0178], [176.2135, -40.0256], [176.2175, -40.0263], [176.2178, -40.0288], [176.2388, -40.0273], [176.2387, -40.0384], [176.2487, -40.0402], [176.2511, -40.0437], [176.2622, -40.0451], [176.2611, -40.0517], [176.2641, -40.0522], [176.2652, -40.0543], [176.2638, -40.0627], [176.2672, -40.0648], [176.2801, -40.0677], [176.2834, -40.0667], [176.2932, -40.0687], [176.2972, -40.0681], [176.2989, -40.0711], [176.3027, -40.0723], [176.2998, -40.0761], [176.3052, -40.0776], [176.3106, -40.0814], [176.3169, -40.0825], [176.3209, -40.0856], [176.3198, -40.0891], [176.3229, -40.0897], [176.3232, -40.0937], [176.3204, -40.0946], [176.3198, -40.0982], [176.3162, -40.1026], [176.318, -40.1064], [176.3162, -40.1081], [176.3171, -40.1091], [176.3122, -40.1127], [176.3093, -40.1178], [176.3132, -40.1239], [176.322, -40.1198], [176.3215, -40.1213], [176.3244, -40.1231], [176.3296, -40.1225], [176.3345, -40.1276], [176.3365, -40.1279], [176.3352, -40.1302], [176.3365, -40.1305], [176.3354, -40.1365], [176.3338, -40.1386], [176.3371, -40.1388], [176.3366, -40.1397], [176.3432, -40.1455], [176.3697, -40.1516], [176.372, -40.1548], [176.3787, -40.1581], [176.3783, -40.1632], [176.3711, -40.1662], [176.366, -40.1732], [176.3656, -40.1797], [176.3635, -40.181], [176.3663, -40.1845], [176.3657, -40.1856], [176.367, -40.1857], [176.3666, -40.1874], [176.3613, -40.1921], [176.3639, -40.1928], [176.3622, -40.1965], [176.3615, -40.1957], [176.3587, -40.198], [176.3614, -40.2011], [176.3603, -40.2024], [176.3617, -40.2153], [176.3645, -40.2137], [176.3702, -40.2144], [176.3703, -40.2342], [176.3803, -40.2374], [176.3803, -40.2463], [176.3785, -40.2465], [176.3812, -40.2491], [176.3792, -40.2539], [176.3797, -40.2585], [176.3817, -40.2628], [176.3863, -40.2657], [176.3795, -40.2676], [176.3781, -40.2725], [176.3831, -40.2745], [176.3807, -40.2772], [176.3861, -40.2793], [176.3926, -40.277], [176.3992, -40.2849], [176.3893, -40.3124], [176.39, -40.3201], [176.3889, -40.323], [176.392, -40.3293], [176.3971, -40.329], [176.4057, -40.333], [176.3706, -40.3586], [176.3919, -40.3617], [176.3869, -40.3722], [176.3915, -40.3778], [176.4033, -40.3767], [176.407, -40.3786], [176.4178, -40.3923], [176.4282, -40.3911], [176.4305, -40.3893], [176.4322, -40.392], [176.4364, -40.3915], [176.4371, -40.3952], [176.4349, -40.396], [176.4361, -40.3995], [176.4339, -40.4029], [176.4403, -40.4067], [176.4589, -40.4098], [176.4603, -40.4116], [176.4617, -40.4117], [176.4616, -40.409], [176.4682, -40.4112], [176.4805, -40.4088], [176.4829, -40.4098], [176.4834, -40.412], [176.4916, -40.4119], [176.4929, -40.4001], [176.55, -40.4212], [176.5588, -40.4072], [176.5785, -40.4146], [176.5793, -40.4179], [176.5827, -40.4193], [176.5861, -40.4253], [176.5873, -40.4313], [176.5897, -40.4226], [176.6226, -40.428], [176.8921, -40.4931], [176.8803, -40.5371], [176.8678, -40.5677], [176.8527, -40.5909], [176.8298, -40.6168], [176.8038, -40.6382], [176.7725, -40.6573], [176.7314, -40.6746], [176.6913, -40.6854], [176.6606, -40.7166], [176.6317, -40.7381], [176.6174, -40.7523], [176.609, -40.7655], [176.5958, -40.782], [176.5791, -40.7989], [176.5641, -40.8111], [176.3324, -40.6977], [176.3217, -40.6937], [176.3149, -40.693], [176.3099, -40.6952], [176.2952, -40.6952], [176.2855, -40.6979], [176.2814, -40.6889], [176.2822, -40.6849], [176.2758, -40.6829], [176.2738, -40.68], [176.2671, -40.6781], [176.2617, -40.6795], [176.2577, -40.6748], [176.25, -40.6764], [176.2481, -40.6753], [176.2409, -40.6803], [176.2391, -40.6789], [176.2375, -40.6802], [176.2106, -40.6588], [176.2005, -40.6725], [176.1839, -40.6647], [176.1811, -40.6697], [176.1742, -40.6686], [176.1719, -40.6726], [176.1681, -40.6731], [176.1665, -40.6745], [176.1662, -40.6792], [176.1625, -40.6822], [176.1609, -40.6802], [176.1525, -40.6769], [176.1434, -40.6803], [176.144, -40.6826], [176.1414, -40.6807], [176.1331, -40.6846], [176.1299, -40.6824], [176.1226, -40.6821], [176.1181, -40.6788], [176.1175, -40.6804], [176.1116, -40.6794], [176.1082, -40.6778], [176.1072, -40.6742], [176.1053, -40.6733], [176.1032, -40.6729], [176.1, -40.6755], [176.0937, -40.6752], [176.0823, -40.7082], [176.0791, -40.7074], [176.082, -40.7157], [176.0748, -40.7132], [176.062, -40.7146], [176.0569, -40.713], [176.0556, -40.7168], [176.0475, -40.7146], [176.0437, -40.7164], [176.0224, -40.7115], [176.0242, -40.7073], [176.0172, -40.7056], [176.0125, -40.7169], [176.0107, -40.7131], [175.9954, -40.725], [175.9934, -40.7238], [175.9888, -40.7259], [175.9797, -40.7222], [175.974, -40.7229], [175.9776, -40.7269], [175.9775, -40.7295], [175.9753, -40.7305], [175.9777, -40.7305], [175.9785, -40.7326], [175.9714, -40.7367], [175.9755, -40.7383], [175.965, -40.7393], [175.9606, -40.7364], [175.9555, -40.7433], [175.9516, -40.7435], [175.9434, -40.7407], [175.935, -40.7668], [175.9099, -40.7509], [175.8855, -40.7733], [175.8716, -40.7779], [175.8666, -40.7697], [175.8628, -40.7698], [175.8495, -40.7616], [175.8421, -40.7692], [175.8362, -40.7658], [175.8327, -40.7662], [175.8303, -40.7646], [175.8282, -40.7661], [175.8272, -40.7655], [175.8285, -40.7615], [175.8269, -40.7609], [175.8109, -40.7796], [175.8033, -40.7758], [175.8016, -40.7771], [175.7974, -40.7758], [175.796, -40.7731], [175.7886, -40.768], [175.7855, -40.7723], [175.7647, -40.7681], [175.7664, -40.755], [175.7677, -40.7531], [175.7754, -40.7508], [175.7761, -40.7453], [175.7806, -40.7441], [175.7815, -40.7395], [175.7907, -40.7256], [175.7847, -40.7253], [175.7808, -40.7225], [175.7806, -40.7237], [175.7782, -40.7238], [175.7765, -40.7197], [175.7739, -40.719], [175.7768, -40.714], [175.7804, -40.7113], [175.7814, -40.7082], [175.7701, -40.6989], [175.7542, -40.7093], [175.7572, -40.7057], [175.7559, -40.7005], [175.7524, -40.6974], [175.6907, -40.6966], [175.6905, -40.7049], [175.6939, -40.705], [175.6937, -40.7163], [175.6823, -40.7161], [175.6835, -40.7229], [175.676, -40.7294], [175.6615, -40.7254], [175.6583, -40.7282], [175.6532, -40.7425], [175.628, -40.7427], [175.6278, -40.7455], [175.6321, -40.7463], [175.6277, -40.7528], [175.6086, -40.7439], [175.6053, -40.7447], [175.5977, -40.7387], [175.5905, -40.737], [175.5874, -40.7342], [175.5863, -40.7357], [175.576, -40.7331], [175.5678, -40.7366], [175.5608, -40.7349], [175.5591, -40.7326], [175.5605, -40.7288], [175.4734, -40.6934]]]}, "properties": {"REGC2025_V1_00": "08", "REGC2025_V1_00_NAME": "Manawat\u016b-Whanganui Region"}}, {"type": "Feature", "geometry": {"type": "Polygon", "coordinates": [[[174.9825, -41.6783], [174.8001, -41.6208], [174.768, -41.607], [174.735, -41.5874], [174.607, -41.5493], [174.5776, -41.5381], [174.5507, -41.5312], [174.5159, -41.5184], [174.4933, -41.5074], [174.4705, -41.4933], [174.4476, -41.4754], [174.4294, -41.4574], [174.413, -41.4694], [174.388, -41.4272], [174.5148, -41.2157], [174.5592, -41.0242], [174.6035, -40.8959], [174.6026, -40.8713], [174.6049, -40.8513], [174.6115, -40.8266], [174.6202, -40.806], [174.633, -40.7849], [174.6474, -40.7665], [174.6599, -40.7536], [174.6896, -40.7275], [174.7099, -40.7027], [174.7355, -40.6802], [174.7699, -40.658], [174.8078, -40.641], [174.8514, -40.6286], [175.1361, -40.7002], [175.1707, -40.7107], [175.1695, -40.7183], [175.1783, -40.7214], [175.1838, -40.7179], [175.2044, -40.7303], [175.2029, -40.7315], [175.2065, -40.7321], [175.2043, -40.7394], [175.202, -40.739], [175.1987, -40.7434], [175.1898, -40.7418], [175.1887, -40.743], [175.1883, -40.7452], [175.1931, -40.7526], [175.193, -40.7573], [175.2014, -40.7593], [175.2011, -40.7612], [175.2079, -40.761], [175.2133, -40.7632], [175.219, -40.7625], [175.2281, -40.7567], [175.2355, -40.756], [175.2438, -40.7584], [175.2531, -40.7644], [175.2614, -40.7656], [175.2678, -40.7687], [175.2766, -40.7664], [175.2914, -40.7541], [175.2977, -40.7521], [175.3, -40.7533], [175.3051, -40.7524], [175.3093, -40.7497], [175.3266, -40.7494], [175.3283, -40.7442], [175.3316, -40.7459], [175.3361, -40.7517], [175.3411, -40.7493], [175.3468, -40.7521], [175.3529, -40.7463], [175.3518, -40.7349], [175.3558, -40.7301], [175.3604, -40.7328], [175.3676, -40.7277], [175.3715, -40.7268], [175.3775, -40.7325], [175.3888, -40.731], [175.3967, -40.7372], [175.4074, -40.7358], [175.4227, -40.7454], [175.4343, -40.7464], [175.4416, -40.742], [175.447, -40.7263], [175.4734, -40.6934], [175.5605, -40.7288], [175.5591, -40.7326], [175.5608, -40.7349], [175.5678, -40.7366], [175.576, -40.7331], [175.5863, -40.7357], [175.5874, -40.7342], [175.5905, -40.737], [175.5977, -40.7387], [175.6053, -40.7447], [175.6086, -40.7439], [175.6277, -40.7528], [175.6321, -40.7463], [175.6278, -40.7455], [175.628, -40.7427], [175.6532, -40.7425], [175.6583, -40.7282], [175.6615, -40.7254], [175.676, -40.7294], [175.6835, -40.7229], [175.6823, -40.7161], [175.6937, -40.7163], [175.6939, -40.705], [175.6905, -40.7049], [175.6907, -40.6966], [175.7524, -40.6974], [175.7559, -40.7005], [175.7572, -40.7057], [175.7542, -40.7093], [175.7701, -40.6989], [175.7814, -40.7082], [175.7804, -40.7113], [175.7768, -40.714], [175.7739, -40.719], [175.7765, -40.7197], [175.7782, -40.7238], [175.7806, -40.7237], [175.7808, -40.7225], [175.7847, -40.7253], [175.7907, -40.7256], [175.7815, -40.7395], [175.7806, -40.7441], [175.7761, -40.7453], [175.7754, -40.7508], [175.7677, -40.7531], [175.7664, -40.755], [175.7647, -40.7681], [175.7855, -40.7723], [175.7886, -40.768], [175.796, -40.7731], [175.7974, -40.7758], [175.8016, -40.7771], [175.8033, -40.7758], [175.8109, -40.7796], [175.8269, -40.7609], [175.8285, -40.7615], [175.8272, -40.7655], [175.8282, -40.7661], [175.8303, -40.7646], [175.8327, -40.7662], [175.8362, -40.7658], [175.8421, -40.7692], [175.8495, -40.7616], [175.8628, -40.7698], [175.8666, -40.7697], [175.8716, -40.7779], [175.8855, -40.7733], [175.9099, -40.7509], [175.935, -40.7668], [175.9434, -40.7407], [175.9516, -40.7435], [175.9555, -40.7433], [175.9606, -40.7364], [175.965, -40.7393], [175.9755, -40.7383], [175.9714, -40.7367], [175.9785, -40.7326], [175.9777, -40.7305], [175.9753, -40.7305], [175.9775, -40.7295], [175.9776, -40.7269], [175.974, -40.7229], [175.9797, -40.7222], [175.9888, -40.7259], [175.9934, -40.7238], [175.9954, -40.725], [176.0107, -40.7131], [176.0125, -40.7169], [176.0172, -40.7056], [176.0242, -40.7073], [176.0224, -40.7115], [176.0437, -40.7164], [176.0475, -40.7146], [176.0556, -40.7168], [176.0569, -40.713], [176.062, -40.7146], [176.0748, -40.7132], [176.082, -40.7157], [176.0791, -40.7074], [176.0823, -40.7082], [176.0937, -40.6752], [176.1, -40.6755], [176.1032, -40.6729], [176.1053, -40.6733], [176.1072, -40.6742], [176.1082, -40.6778], [176.1116, -40.6794], [176.1175, -40.6804], [176.1181, -40.6788], [176.1226, -40.6821], [176.1299, -40.6824], [176.1331, -40.6846], [176.1414, -40.6807], [176.144, -40.6826], [176.1434, -40.6803], [176.1525, -40.6769], [176.1609, -40.6802], [176.1625, -40.6822], [176.1662, -40.6792], [176.1665, -40.6745], [176.1681, -40.6731], [176.1719, -40.6726], [176.1742, -40.6686], [176.1811, -40.6697], [176.1839, -40.6647], [176.2005, -40.6725], [176.2106, -40.6588], [176.2375, -40.6802], [176.2391, -40.6789], [176.2409, -40.6803], [176.2481, -40.6753], [176.25, -40.6764], [176.2577, -40.6748], [176.2617, -40.6795], [176.2671, -40.6781], [176.2738, -40.68], [176.2758, -40.6829], [176.2822, -40.6849], [176.2814, -40.6889], [176.2855, -40.6979], [176.2952, -40.6952], [176.3099, -40.6952], [176.3149, -40.693], [176.3217, -40.6937], [176.3324, -40.6977], [176.5641, -40.8111], [176.5385, -40.8305], [176.5221, -40.8564], [176.5142, -40.8824], [176.4951, -40.9236], [176.4852, -40.9587], [176.4763, -40.9771], [176.4616, -40.9996], [176.4347, -41.0307], [176.4072, -41.0541], [176.3771, -41.0744], [176.3625, -41.0963], [176.3516, -41.1254], [176.3485, -41.1403], [176.34, -41.1658], [176.3275, -41.1918], [176.3242, -41.2135], [176.3189, -41.231], [176.3116, -41.2487], [176.2912, -41.2807], [176.2738, -41.3002], [176.2549, -41.3167], [176.2149, -41.3429], [176.1841, -41.3652], [176.165, -41.3837], [176.145, -41.3989], [176.1095, -41.4195], [176.0958, -41.446], [176.0718, -41.477], [176.0471, -41.4994], [176.0126, -41.522], [175.9817, -41.5365], [175.9599, -41.5445], [175.9322, -41.5519], [175.8969, -41.5579], [175.8401, -41.584], [175.8155, -41.6034], [175.8042, -41.6104], [175.7773, -41.6341], [175.7565, -41.648], [175.7122, -41.6695], [175.67, -41.6824], [175.6545, -41.6954], [175.6335, -41.7097], [175.5882, -41.7356], [175.5626, -41.748], [175.522, -41.7621], [175.4833, -41.7702], [175.4462, -41.7877], [175.4177, -41.7972], [175.3884, -41.804], [175.343, -41.8114], [175.2898, -41.8151], [175.2089, -41.8119], [175.1651, -41.8061], [175.1171, -41.7925], [175.0966, -41.7839], [175.0703, -41.7704], [175.0517, -41.7585], [175.0324, -41.7433], [175.0065, -41.7166], [174.9934, -41.6983], [174.9825, -41.6783]]]}, "properties": {"REGC2025_V1_00": "09", "REGC2025_V1_00_NAME": "Wellington Region"}}, {"type": "Feature", "geometry": {"type": "Polygon", "coordinates": [[[172.2994, -42.4225], [172.3007, -42.4285], [172.296, -42.4339], [172.2933, -42.4404], [172.2788, -42.4499], [172.2728, -42.451], [172.2655, -42.4551], [172.2617, -42.452], [172.2572, -42.4535], [172.2548, -42.4513], [172.2411, -42.457], [172.2357, -42.4565], [172.2315, -42.4654], [172.2317, -42.4727], [172.2271, -42.4795], [172.2199, -42.4863], [172.2111, -42.4886], [172.2052, -42.493], [172.1954, -42.4965], [172.1933, -42.4999], [172.1869, -42.5039], [172.1809, -42.5135], [172.1805, -42.5202], [172.1823, -42.5281], [172.1784, -42.5353], [172.1741, -42.5392], [172.1676, -42.5428], [172.1558, -42.5531], [172.1497, -42.5549], [172.1442, -42.5523], [172.1404, -42.5544], [172.1328, -42.5553], [172.1283, -42.5616], [172.1243, -42.5636], [172.1084, -42.5806], [172.1071, -42.5859], [172.099, -42.5923], [172.0985, -42.5944], [172.1027, -42.6061], [172.0978, -42.6103], [172.0939, -42.6209], [172.0856, -42.624], [172.0793, -42.6221], [172.0756, -42.6227], [172.0508, -42.6298], [172.0473, -42.6324], [172.0408, -42.6309], [172.0285, -42.6368], [172.0155, -42.6318], [172.0075, -42.6349], [171.9968, -42.6336], [171.9897, -42.6372], [171.9742, -42.6392], [171.9754, -42.6454], [171.9723, -42.6535], [171.9584, -42.6537], [171.9425, -42.6635], [171.9257, -42.6664], [171.928, -42.669], [171.9278, -42.6715], [171.9228, -42.6774], [171.9156, -42.6817], [171.9157, -42.6881], [171.9134, -42.6905], [171.908, -42.7047], [171.9006, -42.7112], [171.8851, -42.7187], [171.8824, -42.7331], [171.8841, -42.7393], [171.883, -42.7468], [171.8844, -42.7497], [171.8798, -42.7515], [171.873, -42.748], [171.8637, -42.7505], [171.8577, -42.7546], [171.856, -42.7575], [171.848, -42.7615], [171.8463, -42.767], [171.8419, -42.7708], [171.8433, -42.7748], [171.8327, -42.7751], [171.8296, -42.7771], [171.8271, -42.7813], [171.8125, -42.7838], [171.8145, -42.7876], [171.8126, -42.79], [171.8063, -42.7893], [171.8017, -42.7866], [171.7946, -42.788], [171.7891, -42.7828], [171.7832, -42.7843], [171.7764, -42.7903], [171.7691, -42.7891], [171.764, -42.7915], [171.7616, -42.8022], [171.7571, -42.8091], [171.7595, -42.8142], [171.7545, -42.8188], [171.7564, -42.8227], [171.7614, -42.8248], [171.7628, -42.8285], [171.7611, -42.8342], [171.7627, -42.8371], [171.7601, -42.8407], [171.7516, -42.8463], [171.737, -42.8471], [171.733, -42.8534], [171.7374, -42.8587], [171.7368, -42.8609], [171.733, -42.8632], [171.7336, -42.8645], [171.7409, -42.8682], [171.7464, -42.8741], [171.7401, -42.8785], [171.7373, -42.8785], [171.7354, -42.8825], [171.7303, -42.8847], [171.7265, -42.8884], [171.7108, -42.8958], [171.7101, -42.9038], [171.7036, -42.9035], [171.6994, -42.9068], [171.6943, -42.9083], [171.6869, -42.9061], [171.6903, -42.8999], [171.6804, -42.8991], [171.6794, -42.8941], [171.6721, -42.8914], [171.6652, -42.8863], [171.6603, -42.8909], [171.6544, -42.8935], [171.653, -42.897], [171.6444, -42.8981], [171.6341, -42.9026], [171.6192, -42.9015], [171.6142, -42.9036], [171.6105, -42.9002], [171.6056, -42.8987], [171.5916, -42.9014], [171.591, -42.8961], [171.5869, -42.8957], [171.5739, -42.8996], [171.5663, -42.9054], [171.5595, -42.9075], [171.5398, -42.9046], [171.5266, -42.9067], [171.5172, -42.9142], [171.5117, -42.9111], [171.5074, -42.9018], [171.5009, -42.8978], [171.4953, -42.898], [171.491, -42.8959], [171.4837, -42.9056], [171.4688, -42.9142], [171.4655, -42.9153], [171.4629, -42.9124], [171.4545, -42.9092], [171.4492, -42.9092], [171.4423, -42.9137], [171.4344, -42.9214], [171.4358, -42.9239], [171.4354, -42.9271], [171.4409, -42.9303], [171.4375, -42.9357], [171.4258, -42.9354], [171.4211, -42.9392], [171.4181, -42.9462], [171.4114, -42.9509], [171.4048, -42.9532], [171.4015, -42.9525], [171.3978, -42.955], [171.396, -42.9593], [171.3924, -42.9562], [171.3947, -42.9503], [171.3948, -42.9444], [171.3932, -42.9426], [171.3902, -42.9413], [171.3818, -42.946], [171.3722, -42.9389], [171.3622, -42.9372], [171.3528, -42.9457], [171.3452, -42.9497], [171.34, -42.9487], [171.3402, -42.9451], [171.3361, -42.9433], [171.3142, -42.9481], [171.3077, -42.9526], [171.3031, -42.9581], [171.305, -42.9602], [171.3095, -42.9614], [171.3084, -42.9662], [171.2984, -42.9661], [171.2903, -42.971], [171.2822, -42.9731], [171.2736, -42.98], [171.2609, -42.9851], [171.2562, -42.9898], [171.2569, -42.9919], [171.2539, -42.9975], [171.2418, -42.9988], [171.2377, -43.0025], [171.2404, -43.008], [171.2393, -43.013], [171.2435, -43.0162], [171.2367, -43.0242], [171.2368, -43.0264], [171.2408, -43.0287], [171.2407, -43.031], [171.2336, -43.0395], [171.227, -43.0402], [171.2227, -43.0433], [171.222, -43.0583], [171.2196, -43.0647], [171.2114, -43.0657], [171.204, -43.0727], [171.1981, -43.0743], [171.195, -43.0726], [171.1909, -43.0667], [171.1842, -43.0644], [171.1783, -43.068], [171.1757, -43.0743], [171.1585, -43.0771], [171.1459, -43.0888], [171.1407, -43.0825], [171.1299, -43.0812], [171.1172, -43.0857], [171.1135, -43.0957], [171.1154, -43.0996], [171.1082, -43.1104], [171.1054, -43.1121], [171.1002, -43.109], [171.1, -43.1068], [171.0967, -43.1058], [171.0952, -43.1008], [171.0797, -43.102], [171.0766, -43.1119], [171.0676, -43.1125], [171.0633, -43.1153], [171.0629, -43.1185], [171.069, -43.1256], [171.0676, -43.1283], [171.0567, -43.1317], [171.0415, -43.1397], [171.0374, -43.1459], [171.0379, -43.1514], [171.0444, -43.1583], [171.0471, -43.1592], [171.0473, -43.1636], [171.02, -43.1745], [171.0169, -43.1836], [171.0134, -43.186], [171.0137, -43.1916], [171.0042, -43.1953], [170.9933, -43.2112], [170.9917, -43.2176], [170.9877, -43.2179], [170.9797, -43.2226], [170.9713, -43.2222], [170.9646, -43.2251], [170.9485, -43.2273], [170.9443, -43.2214], [170.9479, -43.2118], [170.9482, -43.206], [170.9372, -43.2041], [170.9287, -43.2065], [170.9214, -43.2132], [170.913, -43.216], [170.9122, -43.2217], [170.9068, -43.2287], [170.8968, -43.233], [170.8936, -43.2353], [170.8921, -43.239], [170.8872, -43.2416], [170.8731, -43.2458], [170.8758, -43.2525], [170.8679, -43.2589], [170.8652, -43.2648], [170.8689, -43.2673], [170.8707, -43.2725], [170.8643, -43.2764], [170.8603, -43.2814], [170.8312, -43.2831], [170.8227, -43.2895], [170.824, -43.2942], [170.8199, -43.2997], [170.8119, -43.3011], [170.8057, -43.3045], [170.7991, -43.3003], [170.7928, -43.2991], [170.7883, -43.3031], [170.7825, -43.3042], [170.7816, -43.3065], [170.7771, -43.3073], [170.7688, -43.3129], [170.7645, -43.3132], [170.7618, -43.3178], [170.7598, -43.3183], [170.7519, -43.3187], [170.7313, -43.3152], [170.7246, -43.3184], [170.7168, -43.3165], [170.7053, -43.3188], [170.7103, -43.3266], [170.7168, -43.3328], [170.7147, -43.3386], [170.7161, -43.3432], [170.7124, -43.345], [170.6774, -43.3476], [170.6708, -43.3507], [170.6683, -43.3563], [170.6467, -43.3693], [170.646, -43.374], [170.6576, -43.3774], [170.6566, -43.3869], [170.6517, -43.3887], [170.648, -43.3924], [170.64, -43.3931], [170.6329, -43.3968], [170.635, -43.4014], [170.6156, -43.418], [170.6136, -43.4241], [170.6172, -43.4298], [170.6151, -43.4319], [170.6116, -43.4326], [170.6031, -43.4305], [170.6006, -43.4323], [170.5913, -43.434], [170.5807, -43.43], [170.5804, -43.4261], [170.5838, -43.4227], [170.5802, -43.4185], [170.5725, -43.419], [170.5653, -43.4229], [170.5567, -43.4242], [170.5528, -43.4219], [170.546, -43.4218], [170.5439, -43.4183], [170.5352, -43.4145], [170.5335, -43.4103], [170.53, -43.4099], [170.5217, -43.4183], [170.5183, -43.419], [170.5177, -43.4244], [170.5113, -43.4284], [170.4967, -43.4266], [170.4755, -43.433], [170.4709, -43.4421], [170.4606, -43.4516], [170.4592, -43.4613], [170.4517, -43.4614], [170.4338, -43.4658], [170.4267, -43.4741], [170.4183, -43.4777], [170.4108, -43.4878], [170.395, -43.4982], [170.3677, -43.5043], [170.3632, -43.5073], [170.3566, -43.5063], [170.3463, -43.5002], [170.3348, -43.498], [170.334, -43.4919], [170.3297, -43.4851], [170.3324, -43.4836], [170.3287, -43.4816], [170.3214, -43.4917], [170.3169, -43.4922], [170.2992, -43.5017], [170.2811, -43.5067], [170.2759, -43.5103], [170.2721, -43.51], [170.2655, -43.513], [170.2574, -43.5108], [170.2512, -43.5131], [170.2382, -43.5139], [170.221, -43.5247], [170.218, -43.5313], [170.2143, -43.5313], [170.2133, -43.5344], [170.2029, -43.5412], [170.2031, -43.5494], [170.1985, -43.5532], [170.1895, -43.5562], [170.1827, -43.5613], [170.1695, -43.5599], [170.1661, -43.5628], [170.1586, -43.5644], [170.1572, -43.5663], [170.1577, -43.5718], [170.1464, -43.5741], [170.1398, -43.5894], [170.1253, -43.5872], [170.1155, -43.5889], [170.0981, -43.5955], [170.0932, -43.5996], [170.0922, -43.6066], [170.0969, -43.6097], [170.0978, -43.6152], [170.0941, -43.6193], [170.0929, -43.6254], [170.0986, -43.6302], [170.1012, -43.6387], [170.0995, -43.6452], [170.094, -43.6493], [170.0951, -43.6556], [170.0914, -43.6604], [170.0737, -43.6721], [170.0591, -43.679], [170.0416, -43.6825], [170.0285, -43.6908], [170.0281, -43.6942], [170.0302, -43.6974], [170.0229, -43.7061], [170.0282, -43.7127], [170.0305, -43.7232], [170.0189, -43.7307], [170.0133, -43.7321], [170.0062, -43.7408], [169.9988, -43.741], [169.9788, -43.7471], [169.9766, -43.7521], [169.9847, -43.7594], [169.9707, -43.7727], [169.9752, -43.7814], [169.9727, -43.7873], [169.9671, -43.7913], [169.9641, -43.7916], [169.9583, -43.7889], [169.9433, -43.7892], [169.9333, -43.8005], [169.9281, -43.8008], [169.913, -43.8088], [169.9, -43.813], [169.8982, -43.8197], [169.893, -43.8231], [169.8961, -43.8296], [169.8944, -43.8337], [169.8878, -43.8363], [169.8792, -43.8333], [169.8675, -43.8321], [169.8582, -43.8371], [169.8533, -43.8431], [169.8454, -43.8473], [169.8379, -43.8542], [169.8404, -43.8616], [169.8379, -43.8666], [169.8268, -43.8717], [169.8137, -43.8728], [169.809, -43.8747], [169.7985, -43.8833], [169.7959, -43.8898], [169.7931, -43.8926], [169.7862, -43.8947], [169.7821, -43.8941], [169.7709, -43.8993], [169.7693, -43.905], [169.7652, -43.9081], [169.7611, -43.9202], [169.7581, -43.9221], [169.76, -43.9261], [169.7583, -43.9337], [169.7453, -43.9317], [169.7429, -43.9364], [169.7429, -43.9406], [169.7365, -43.9438], [169.7342, -43.947], [169.7276, -43.9484], [169.7251, -43.955], [169.72, -43.9599], [169.7023, -43.9639], [169.6985, -43.9633], [169.6919, -43.9579], [169.6694, -43.9554], [169.6557, -43.9568], [169.6329, -43.9638], [169.6233, -43.957], [169.5926, -43.9582], [169.5868, -43.9651], [169.5868, -43.9732], [169.5826, -43.9805], [169.5842, -43.9832], [169.5829, -43.9851], [169.592, -43.9913], [169.592, -44.0102], [169.5914, -44.0125], [169.582, -44.0226], [169.5813, -44.03], [169.5787, -44.0343], [169.5716, -44.0355], [169.5623, -44.0323], [169.557, -44.0332], [169.5506, -44.0319], [169.5411, -44.0333], [169.5285, -44.0387], [169.5168, -44.0536], [169.5117, -44.058], [169.5067, -44.0592], [169.4863, -44.0553], [169.4626, -44.0593], [169.4573, -44.0636], [169.4505, -44.0661], [169.4501, -44.0728], [169.4455, -44.0765], [169.4438, -44.0841], [169.4333, -44.0897], [169.4285, -44.0965], [169.4236, -44.0965], [169.4096, -44.102], [169.4074, -44.1046], [169.4084, -44.107], [169.3906, -44.1127], [169.3885, -44.118], [169.3868, -44.1188], [169.3727, -44.1169], [169.3544, -44.1069], [169.3386, -44.1024], [169.3297, -44.0888], [169.3306, -44.0794], [169.3287, -44.0778], [169.3286, -44.0753], [169.3229, -44.0714], [169.321, -44.0641], [169.309, -44.0606], [169.2908, -44.0627], [169.2902, -44.0739], [169.2846, -44.0801], [169.2795, -44.0938], [169.2714, -44.101], [169.2573, -44.1081], [169.2421, -44.1061], [169.2328, -44.1086], [169.2192, -44.1094], [169.2062, -44.1069], [169.1988, -44.1095], [169.1881, -44.1105], [169.169, -44.1046], [169.1597, -44.1049], [169.1514, -44.0946], [169.1477, -44.0861], [169.148, -44.0827], [169.1459, -44.0799], [169.1389, -44.0807], [169.1301, -44.0869], [169.1192, -44.0875], [169.1108, -44.0932], [169.1045, -44.0954], [169.0958, -44.0973], [169.0887, -44.0953], [169.0814, -44.097], [169.0752, -44.1028], [169.0736, -44.1096], [169.0581, -44.1093], [169.046, -44.1161], [169.038, -44.1182], [169.0203, -44.1146], [169.0132, -44.1149], [169.0098, -44.124], [169.0159, -44.1308], [169.0088, -44.1361], [169.0008, -44.1396], [168.9811, -44.1415], [168.9751, -44.144], [168.9767, -44.1508], [168.9858, -44.1634], [168.9874, -44.1689], [168.9743, -44.173], [168.9652, -44.1738], [168.9613, -44.1824], [168.9633, -44.2004], [168.9592, -44.2058], [168.9446, -44.2035], [168.919, -44.2095], [168.9109, -44.2098], [168.9048, -44.2182], [168.8933, -44.2175], [168.8772, -44.2228], [168.8737, -44.2259], [168.8722, -44.2303], [168.8733, -44.2339], [168.871, -44.2389], [168.8561, -44.2425], [168.8494, -44.2461], [168.8518, -44.2537], [168.8516, -44.2586], [168.8573, -44.2697], [168.8547, -44.2742], [168.8463, -44.2785], [168.8427, -44.2833], [168.8443, -44.2897], [168.84, -44.3024], [168.8414, -44.3119], [168.8376, -44.3168], [168.8332, -44.3192], [168.8319, -44.3228], [168.8361, -44.3399], [168.832, -44.3481], [168.8323, -44.3508], [168.8178, -44.3561], [168.8106, -44.3621], [168.8062, -44.3639], [168.7875, -44.3771], [168.784, -44.383], [168.7779, -44.3879], [168.7696, -44.3911], [168.757, -44.39], [168.7534, -44.3922], [168.7413, -44.4054], [168.7412, -44.4093], [168.7446, -44.4181], [168.7425, -44.421], [168.7284, -44.4195], [168.7154, -44.4114], [168.6998, -44.405], [168.6937, -44.3956], [168.6867, -44.3919], [168.6802, -44.396], [168.6653, -44.4012], [168.6548, -44.4114], [168.6416, -44.4166], [168.6305, -44.4263], [168.6255, -44.4339], [168.6069, -44.4362], [168.5935, -44.4418], [168.5902, -44.4502], [168.5861, -44.4538], [168.5736, -44.4513], [168.5574, -44.4517], [168.5478, -44.4565], [168.5235, -44.4604], [168.5068, -44.4668], [168.5035, -44.4698], [168.5009, -44.4754], [168.4878, -44.4789], [168.4609, -44.4954], [168.4525, -44.4926], [168.4416, -44.4922], [168.4155, -44.4974], [168.3991, -44.4961], [168.3902, -44.4991], [168.378, -44.4959], [168.3659, -44.4948], [168.3585, -44.4919], [168.345, -44.497], [168.3393, -44.4956], [168.3345, -44.4968], [168.337, -44.495], [168.3337, -44.4892], [168.3375, -44.4781], [168.3369, -44.4759], [168.3436, -44.4728], [168.3445, -44.47], [168.3529, -44.4605], [168.3527, -44.4576], [168.3487, -44.4519], [168.3539, -44.4437], [168.3577, -44.4424], [168.3612, -44.4388], [168.3597, -44.433], [168.3661, -44.4244], [168.3659, -44.4179], [168.3551, -44.4131], [168.3516, -44.4072], [168.3518, -44.4042], [168.3662, -44.3944], [168.3838, -44.3884], [168.3856, -44.3855], [168.3855, -44.3788], [168.3977, -44.3795], [168.4049, -44.3771], [168.4074, -44.3751], [168.4081, -44.3683], [168.4117, -44.3637], [168.4094, -44.3603], [168.3684, -44.3545], [168.3706, -44.3465], [168.3814, -44.3381], [168.367, -44.3405], [168.3564, -44.3362], [168.3482, -44.3291], [168.345, -44.3211], [168.3506, -44.3172], [168.3499, -44.3135], [168.3536, -44.3053], [168.3488, -44.3023], [168.3505, -44.2957], [168.3477, -44.2904], [168.3473, -44.2842], [168.3454, -44.2821], [168.3278, -44.2819], [168.3221, -44.2776], [168.3067, -44.2796], [168.2804, -44.2601], [168.2709, -44.2603], [168.2612, -44.2627], [168.2551, -44.2567], [168.2503, -44.2551], [168.2436, -44.2581], [168.2258, -44.2564], [168.2219, -44.2602], [168.2116, -44.2648], [168.2023, -44.2667], [168.1955, -44.2741], [168.1798, -44.2774], [168.1693, -44.2754], [168.1657, -44.2795], [168.1577, -44.2822], [168.1505, -44.2807], [168.1314, -44.2811], [168.0783, -44.261], [168.0521, -44.2586], [167.8381, -44.1271], [167.8838, -44.0943], [167.9101, -44.0802], [167.9388, -44.0684], [167.9643, -44.0501], [168.0145, -44.0225], [168.0308, -44.0108], [168.051, -43.9892], [168.0699, -43.973], [168.09, -43.9432], [168.1121, -43.9201], [168.1224, -43.9061], [168.1378, -43.8891], [168.1643, -43.8665], [168.2003, -43.8443], [168.241, -43.8267], [168.2988, -43.8099], [168.3655, -43.8009], [168.3928, -43.7999], [168.4219, -43.801], [168.4738, -43.782], [168.5457, -43.7634], [168.5841, -43.7569], [168.6205, -43.7544], [168.6472, -43.7331], [168.6712, -43.7184], [168.7003, -43.7044], [168.7521, -43.6837], [168.8261, -43.6601], [168.8596, -43.6534], [168.8948, -43.6498], [168.923, -43.6425], [168.9382, -43.6278], [168.9595, -43.611], [168.9935, -43.5881], [169.0404, -43.5596], [169.0965, -43.5311], [169.1761, -43.5007], [169.2061, -43.4821], [169.2329, -43.4694], [169.2901, -43.4486], [169.3208, -43.4394], [169.3959, -43.4217], [169.436, -43.4053], [169.4868, -43.393], [169.4999, -43.3863], [169.5132, -43.3734], [169.5457, -43.3366], [169.562, -43.3151], [169.5765, -43.3001], [169.597, -43.2829], [169.6189, -43.2681], [169.6486, -43.2527], [169.6796, -43.2333], [169.7084, -43.2197], [169.7547, -43.2048], [169.8015, -43.1966], [169.828, -43.169], [169.8502, -43.15], [169.8811, -43.129], [169.9129, -43.1125], [169.9395, -43.0893], [169.9751, -43.0671], [169.9958, -43.0378], [170.0178, -43.0156], [170.0406, -42.9889], [170.0579, -42.9732], [170.0924, -42.9497], [170.1186, -42.9365], [170.1488, -42.9248], [170.1768, -42.9169], [170.2035, -42.9117], [170.2226, -42.8968], [170.2531, -42.8776], [170.2728, -42.8674], [170.3029, -42.855], [170.3754, -42.8325], [170.4267, -42.8212], [170.4626, -42.8162], [170.5048, -42.7899], [170.5623, -42.7652], [170.5889, -42.746], [170.609, -42.7347], [170.625, -42.7193], [170.6467, -42.7026], [170.674, -42.6651], [170.6913, -42.6472], [170.7227, -42.6099], [170.7378, -42.5949], [170.762, -42.5758], [170.7837, -42.5621], [170.8331, -42.5211], [170.8576, -42.5054], [170.885, -42.468], [170.9108, -42.4401], [170.9204, -42.424], [170.924, -42.4038], [170.931, -42.3823], [170.9423, -42.3596], [170.9526, -42.344], [170.961, -42.3173], [170.9777, -42.281], [170.9979, -42.2515], [171.0091, -42.239], [171.0278, -42.222], [171.04, -42.2074], [171.0461, -42.1965], [171.0468, -42.1718], [171.0564, -42.1177], [171.0579, -42.0914], [171.0655, -42.061], [171.0851, -42.0168], [171.1008, -41.9921], [171.1065, -41.9742], [171.116, -41.9537], [171.1288, -41.9336], [171.145, -41.9143], [171.1492, -41.8856], [171.159, -41.8565], [171.1708, -41.8335], [171.1859, -41.8122], [171.1819, -41.7887], [171.1811, -41.7573], [171.1835, -41.7372], [171.19, -41.7136], [171.2202, -41.6498], [171.2319, -41.6316], [171.2438, -41.6167], [171.2701, -41.5898], [171.3004, -41.5675], [171.337, -41.5482], [171.3776, -41.5338], [171.4196, -41.5248], [171.4643, -41.521], [171.5035, -41.5224], [171.5478, -41.5293], [171.598, -41.5269], [171.642, -41.5021], [171.6684, -41.4774], [171.6801, -41.4627], [171.7069, -41.4138], [171.7256, -41.3892], [171.7365, -41.3686], [171.7584, -41.3377], [171.7852, -41.3105], [171.8134, -41.29], [171.8232, -41.2807], [171.8266, -41.2701], [171.8307, -41.2449], [171.839, -41.1729], [171.8385, -41.1595], [171.8324, -41.1306], [171.8315, -41.097], [171.8333, -41.0784], [171.8423, -41.0248], [171.8352, -41.0042], [171.8315, -40.9866], [171.8262, -40.9303], [171.8281, -40.8979], [171.8337, -40.8702], [171.8488, -40.832], [171.8578, -40.8137], [171.9077, -40.7409], [171.9276, -40.72], [171.9457, -40.7051], [171.9682, -40.6809], [171.9963, -40.6589], [172.011, -40.6442], [172.0307, -40.6284], [172.2178, -40.7745], [172.2182, -40.7777], [172.2239, -40.7848], [172.2348, -40.7922], [172.2481, -40.8049], [172.2487, -40.8078], [172.2456, -40.8147], [172.2463, -40.8185], [172.2402, -40.8248], [172.2428, -40.8263], [172.2382, -40.8297], [172.2402, -40.8416], [172.2381, -40.8453], [172.2305, -40.8501], [172.2321, -40.8534], [172.229, -40.856], [172.2312, -40.8592], [172.2304, -40.8639], [172.234, -40.8694], [172.2387, -40.8713], [172.2471, -40.866], [172.251, -40.869], [172.2529, -40.8612], [172.2614, -40.8587], [172.2631, -40.8596], [172.2636, -40.8663], [172.2678, -40.8712], [172.2883, -40.8756], [172.2905, -40.8792], [172.2899, -40.8859], [172.2815, -40.8989], [172.2884, -40.9038], [172.2938, -40.9027], [172.2974, -40.9054], [172.3012, -40.9107], [172.3007, -40.9146], [172.294, -40.9195], [172.3019, -40.9245], [172.3082, -40.9255], [172.3166, -40.9245], [172.3281, -40.9363], [172.3507, -40.9319], [172.3685, -40.9366], [172.3766, -40.935], [172.3811, -40.9455], [172.3863, -40.9501], [172.383, -40.9553], [172.3753, -40.9613], [172.3704, -40.9704], [172.3498, -40.9835], [172.3353, -40.9843], [172.3308, -40.9862], [172.3248, -40.9921], [172.3162, -41.0059], [172.3106, -41.0118], [172.3112, -41.0151], [172.3232, -41.0276], [172.3337, -41.035], [172.331, -41.0457], [172.3234, -41.0543], [172.3248, -41.0595], [172.3322, -41.0617], [172.3429, -41.0603], [172.3503, -41.0634], [172.3508, -41.0539], [172.3552, -41.0513], [172.3623, -41.0515], [172.3611, -41.0441], [172.3667, -41.0366], [172.3825, -41.0226], [172.4072, -41.0275], [172.4146, -41.0323], [172.4194, -41.0336], [172.4353, -41.0276], [172.4397, -41.0204], [172.4684, -41.0227], [172.4776, -41.0252], [172.4914, -41.0226], [172.494, -41.0247], [172.4961, -41.041], [172.4921, -41.0484], [172.486, -41.0546], [172.489, -41.0576], [172.492, -41.0647], [172.5133, -41.0669], [172.5226, -41.0817], [172.5181, -41.0909], [172.5197, -41.0956], [172.5229, -41.0968], [172.5335, -41.0964], [172.5435, -41.1014], [172.5529, -41.1024], [172.5608, -41.1169], [172.5672, -41.1228], [172.5736, -41.1252], [172.5814, -41.137], [172.5852, -41.139], [172.5917, -41.1377], [172.5968, -41.1481], [172.6185, -41.1604], [172.621, -41.1645], [172.6205, -41.1719], [172.6223, -41.1798], [172.6252, -41.1847], [172.6295, -41.1875], [172.6289, -41.1948], [172.637, -41.1957], [172.6566, -41.1925], [172.6642, -41.1946], [172.6683, -41.1895], [172.6731, -41.1882], [172.683, -41.1928], [172.6921, -41.2001], [172.6908, -41.2113], [172.6822, -41.2171], [172.6781, -41.2223], [172.6621, -41.2321], [172.6579, -41.2392], [172.6368, -41.2452], [172.6254, -41.243], [172.6103, -41.2493], [172.6053, -41.2534], [172.5803, -41.254], [172.5746, -41.258], [172.5727, -41.2638], [172.5818, -41.2722], [172.5853, -41.2808], [172.5862, -41.2888], [172.5885, -41.2908], [172.5965, -41.2926], [172.6003, -41.3009], [172.5982, -41.3102], [172.5909, -41.3166], [172.5878, -41.3228], [172.5872, -41.3277], [172.5893, -41.3354], [172.5816, -41.3437], [172.586, -41.3515], [172.5818, -41.3586], [172.5865, -41.3646], [172.5843, -41.3763], [172.5783, -41.3786], [172.5736, -41.377], [172.5599, -41.3828], [172.5524, -41.3983], [172.5436, -41.4006], [172.5365, -41.4005], [172.5339, -41.4018], [172.5321, -41.4055], [172.5225, -41.4067], [172.5124, -41.4128], [172.5085, -41.4123], [172.5043, -41.4086], [172.4979, -41.4072], [172.4847, -41.4081], [172.4653, -41.4056], [172.463, -41.4042], [172.4627, -41.3963], [172.4612, -41.3944], [172.4386, -41.4081], [172.4194, -41.4105], [172.4161, -41.4124], [172.4154, -41.4163], [172.4188, -41.4225], [172.4222, -41.4249], [172.4291, -41.4252], [172.4311, -41.429], [172.4302, -41.4345], [172.4222, -41.4391], [172.4254, -41.4518], [172.4197, -41.4586], [172.4189, -41.4706], [172.4143, -41.4744], [172.4077, -41.4751], [172.4033, -41.4787], [172.3961, -41.4786], [172.3889, -41.4906], [172.3771, -41.4916], [172.3731, -41.4934], [172.3526, -41.508], [172.343, -41.5115], [172.3427, -41.5169], [172.3467, -41.5312], [172.3438, -41.539], [172.3457, -41.5449], [172.3447, -41.5552], [172.3268, -41.5603], [172.3274, -41.5659], [172.3318, -41.5721], [172.3345, -41.5836], [172.33, -41.596], [172.3304, -41.5996], [172.3276, -41.6035], [172.3205, -41.6104], [172.3038, -41.6161], [172.2931, -41.6239], [172.2925, -41.6258], [172.2944, -41.6304], [172.291, -41.6348], [172.2804, -41.6365], [172.2764, -41.6315], [172.2644, -41.6273], [172.2577, -41.6319], [172.2469, -41.6349], [172.2374, -41.6402], [172.2376, -41.6425], [172.2413, -41.6439], [172.2412, -41.65], [172.2392, -41.6526], [172.2402, -41.6554], [172.2432, -41.6603], [172.2518, -41.6632], [172.2538, -41.668], [172.2506, -41.6726], [172.2471, -41.6842], [172.2597, -41.6944], [172.2524, -41.7018], [172.2488, -41.7031], [172.2417, -41.7002], [172.2343, -41.6919], [172.2257, -41.6936], [172.2136, -41.689], [172.2123, -41.6896], [172.2125, -41.696], [172.2094, -41.6999], [172.2034, -41.6957], [172.1966, -41.6953], [172.1903, -41.6923], [172.1873, -41.6928], [172.1745, -41.703], [172.1611, -41.7027], [172.1553, -41.6997], [172.1515, -41.7042], [172.1504, -41.7108], [172.1441, -41.7117], [172.1392, -41.7158], [172.1291, -41.7141], [172.1249, -41.7225], [172.119, -41.7255], [172.1158, -41.732], [172.12, -41.7351], [172.1242, -41.7354], [172.1246, -41.738], [172.124, -41.7423], [172.1187, -41.7479], [172.1179, -41.7562], [172.1074, -41.7644], [172.1001, -41.7676], [172.0973, -41.7742], [172.0977, -41.7766], [172.1006, -41.7782], [172.1, -41.7837], [172.1041, -41.7864], [172.1051, -41.7893], [172.1163, -41.7892], [172.1157, -41.8684], [172.1032, -41.8689], [172.0938, -41.8744], [172.093, -41.8838], [172.0949, -41.887], [172.0929, -41.8919], [172.0854, -41.8931], [172.0784, -41.8965], [172.0707, -41.8929], [172.0654, -41.8944], [172.0635, -41.8989], [172.0688, -41.9042], [172.0687, -41.9103], [172.0725, -41.913], [172.0774, -41.9205], [172.0726, -41.9269], [172.0683, -41.9295], [172.0656, -41.9365], [172.0602, -41.9368], [172.056, -41.9393], [172.0521, -41.9452], [172.0506, -41.9523], [172.0536, -41.9592], [172.0608, -41.9602], [172.07, -41.9645], [172.0692, -41.9731], [172.0712, -41.9769], [172.0697, -41.9801], [172.0766, -41.9875], [172.071, -41.9985], [172.0765, -42.002], [172.081, -42.0077], [172.1044, -42.0129], [172.116, -42.0121], [172.12, -42.0146], [172.1204, -42.0167], [172.1174, -42.0209], [172.1168, -42.0268], [172.1181, -42.0289], [172.1124, -42.0335], [172.1119, -42.0383], [172.1057, -42.0446], [172.1049, -42.0489], [172.1091, -42.0554], [172.109, -42.0589], [172.113, -42.0615], [172.1196, -42.0727], [172.1165, -42.0756], [172.1214, -42.0751], [172.1325, -42.0806], [172.133, -42.0844], [172.1299, -42.0924], [172.1356, -42.1023], [172.1352, -42.104], [172.1682, -42.1039], [172.1704, -42.1013], [172.1743, -42.1002], [172.1873, -42.1056], [172.1942, -42.1017], [172.2067, -42.0983], [172.206, -42.105], [172.2138, -42.1074], [172.215, -42.1091], [172.213, -42.1109], [172.2059, -42.1106], [172.2056, -42.1145], [172.218, -42.1149], [172.2166, -42.1238], [172.221, -42.1316], [172.2327, -42.1316], [172.235, -42.1336], [172.2477, -42.1324], [172.2506, -42.1379], [172.25, -42.1432], [172.252, -42.1444], [172.2515, -42.1503], [172.261, -42.1483], [172.3162, -42.1479], [172.3254, -42.1506], [172.332, -42.1506], [172.3335, -42.1491], [172.333, -42.1523], [172.3373, -42.1611], [172.3404, -42.1626], [172.3409, -42.1695], [172.3451, -42.1758], [172.3412, -42.1806], [172.3395, -42.1903], [172.3416, -42.1932], [172.3397, -42.1977], [172.3438, -42.2009], [172.3428, -42.2084], [172.3441, -42.2143], [172.3494, -42.2223], [172.3468, -42.227], [172.3354, -42.2347], [172.3334, -42.2384], [172.3342, -42.2448], [172.3406, -42.2439], [172.3454, -42.2492], [172.3463, -42.254], [172.3543, -42.2558], [172.3565, -42.2674], [172.3479, -42.2767], [172.3557, -42.281], [172.3722, -42.2812], [172.4021, -42.2983], [172.4178, -42.3006], [172.4309, -42.3056], [172.4387, -42.3018], [172.4411, -42.2979], [172.4406, -42.2952], [172.4447, -42.2908], [172.4461, -42.2834], [172.4518, -42.2788], [172.4536, -42.2748], [172.4675, -42.2783], [172.4748, -42.2743], [172.4792, -42.2774], [172.4798, -42.2857], [172.4776, -42.2881], [172.4785, -42.2902], [172.4764, -42.2946], [172.4652, -42.3016], [172.4617, -42.3075], [172.462, -42.3114], [172.4645, -42.3138], [172.4631, -42.3174], [172.4661, -42.3195], [172.461, -42.3236], [172.4542, -42.3229], [172.4487, -42.3286], [172.4431, -42.3447], [172.4495, -42.3555], [172.4433, -42.3669], [172.438, -42.3701], [172.4292, -42.3721], [172.4168, -42.3838], [172.3934, -42.3779], [172.3686, -42.385], [172.3562, -42.3906], [172.3483, -42.3914], [172.3451, -42.3935], [172.3446, -42.3972], [172.3373, -42.3997], [172.3337, -42.4083], [172.3287, -42.4106], [172.3248, -42.4164], [172.3179, -42.4197], [172.3019, -42.421], [172.2994, -42.4225]]]}, "properties": {"REGC2025_V1_00": "12", "REGC2025_V1_00_NAME": "West Coast Region"}}, {"type": "Feature", "geometry": {"type": "Polygon", "coordinates": [[[172.6917, -42.1066], [172.7017, -42.1013], [172.7177, -42.1016], [172.7215, -42.1035], [172.7186, -42.1149], [172.7248, -42.1223], [172.7226, -42.1276], [172.726, -42.1348], [172.7188, -42.1395], [172.7188, -42.1491], [172.7216, -42.1587], [172.7292, -42.1654], [172.7355, -42.1675], [172.7435, -42.1678], [172.7496, -42.1724], [172.777, -42.1669], [172.7814, -42.1675], [172.7857, -42.1625], [172.7938, -42.1617], [172.7991, -42.1647], [172.7949, -42.1714], [172.7958, -42.1796], [172.8069, -42.1895], [172.8104, -42.1893], [172.8149, -42.1852], [172.821, -42.1827], [172.8321, -42.1845], [172.8344, -42.1901], [172.8324, -42.1927], [172.8314, -42.199], [172.8298, -42.2013], [172.8251, -42.2025], [172.8227, -42.2087], [172.8223, -42.2236], [172.8254, -42.2295], [172.8242, -42.2347], [172.8261, -42.2381], [172.8252, -42.2415], [172.8266, -42.2482], [172.8535, -42.2528], [172.8635, -42.2562], [172.8609, -42.2572], [172.8615, -42.2659], [172.8592, -42.2699], [172.857, -42.2733], [172.8528, -42.2756], [172.8509, -42.2822], [172.8447, -42.2844], [172.8423, -42.2896], [172.8433, -42.2984], [172.8469, -42.3079], [172.8553, -42.3103], [172.8695, -42.3177], [172.8736, -42.3139], [172.8894, -42.3099], [172.8959, -42.3146], [172.8993, -42.311], [172.9073, -42.3083], [172.915, -42.3093], [172.9173, -42.318], [172.922, -42.3258], [172.9182, -42.3296], [172.9196, -42.3459], [172.9249, -42.3505], [172.9438, -42.3513], [172.9409, -42.3596], [172.9411, -42.3678], [172.9382, -42.373], [172.9414, -42.3778], [172.9745, -42.3953], [172.9785, -42.3957], [172.9881, -42.3916], [173.0029, -42.3933], [173.001, -42.3995], [172.9931, -42.4035], [172.9897, -42.4138], [172.9847, -42.4194], [172.9865, -42.425], [172.9833, -42.4333], [172.9764, -42.4335], [172.9747, -42.4371], [172.9758, -42.4397], [172.9749, -42.4437], [172.9695, -42.4487], [172.9823, -42.452], [172.9865, -42.4507], [172.9991, -42.4524], [173.0077, -42.4459], [173.0145, -42.4463], [173.0333, -42.4583], [173.0331, -42.4652], [173.0393, -42.4708], [173.035, -42.4783], [173.0358, -42.4835], [173.0534, -42.4881], [173.0692, -42.4807], [173.0766, -42.4682], [173.0761, -42.4609], [173.0958, -42.4608], [173.1003, -42.4584], [173.1063, -42.4477], [173.1117, -42.4459], [173.1194, -42.4503], [173.1256, -42.4512], [173.1356, -42.4502], [173.1433, -42.4513], [173.1523, -42.4496], [173.1607, -42.4304], [173.1599, -42.4255], [173.1643, -42.4185], [173.1697, -42.4155], [173.1901, -42.4104], [173.2033, -42.3976], [173.2058, -42.3914], [173.2049, -42.3887], [173.2091, -42.3831], [173.2171, -42.3821], [173.2207, -42.3801], [173.2215, -42.3748], [173.2188, -42.3643], [173.2238, -42.3567], [173.2355, -42.3546], [173.2433, -42.3561], [173.2259, -42.3463], [173.1807, -42.3464], [173.1842, -42.3449], [173.1825, -42.3397], [173.1832, -42.3368], [173.1865, -42.3347], [173.191, -42.3358], [173.1921, -42.3316], [173.205, -42.334], [173.2072, -42.3307], [173.2057, -42.3226], [173.2072, -42.3171], [173.2165, -42.3151], [173.2359, -42.3047], [173.2445, -42.3031], [173.255, -42.2957], [173.2607, -42.2889], [173.2698, -42.2843], [173.2959, -42.2658], [173.302, -42.2563], [173.2958, -42.2498], [173.2965, -42.248], [173.3038, -42.2461], [173.3053, -42.2486], [173.3122, -42.2504], [173.3248, -42.2471], [173.3333, -42.2466], [173.3378, -42.241], [173.3375, -42.2364], [173.3399, -42.2333], [173.3392, -42.2302], [173.3415, -42.2279], [173.3458, -42.2289], [173.3481, -42.2341], [173.3443, -42.2396], [173.3511, -42.2427], [173.356, -42.2417], [173.3571, -42.2367], [173.3614, -42.2377], [173.3681, -42.2356], [173.3732, -42.2368], [173.3757, -42.233], [173.3691, -42.2333], [173.3672, -42.2291], [173.3687, -42.224], [173.3756, -42.2238], [173.3843, -42.217], [173.3877, -42.2179], [173.3917, -42.222], [173.4037, -42.2196], [173.417, -42.2105], [173.4216, -42.2091], [173.4323, -42.2138], [173.4375, -42.214], [173.44, -42.2113], [173.4407, -42.2046], [173.4434, -42.2021], [173.4496, -42.1989], [173.4569, -42.1987], [173.4645, -42.1957], [173.4659, -42.1914], [173.464, -42.1798], [173.4799, -42.1791], [173.4841, -42.1815], [173.4848, -42.1786], [173.4814, -42.176], [173.4805, -42.1723], [173.4828, -42.1661], [173.478, -42.163], [173.4761, -42.1557], [173.4779, -42.153], [173.4738, -42.1506], [173.4734, -42.1425], [173.4713, -42.1383], [173.4721, -42.1337], [173.467, -42.1251], [173.4668, -42.1208], [173.4631, -42.1178], [173.4697, -42.1157], [173.4766, -42.1165], [173.4865, -42.1104], [173.4882, -42.1068], [173.4853, -42.104], [173.484, -42.0994], [173.4865, -42.0976], [173.4909, -42.0881], [173.4945, -42.0856], [173.4991, -42.0787], [173.5177, -42.0694], [173.5335, -42.07], [173.5404, -42.0683], [173.5468, -42.0698], [173.5447, -42.0612], [173.5474, -42.0569], [173.5531, -42.0535], [173.5551, -42.0459], [173.5639, -42.0417], [173.5713, -42.033], [173.5822, -42.0291], [173.5945, -42.0293], [173.5966, -42.0249], [173.6008, -42.023], [173.6006, -42.0202], [173.6038, -42.0176], [173.607, -42.0077], [173.6097, -42.0045], [173.6186, -42.0062], [173.6242, -42.0107], [173.6319, -42.0085], [173.6381, -42.0094], [173.6453, -42.0043], [173.6571, -41.9993], [173.6582, -41.9971], [173.6628, -41.9959], [173.6634, -41.9931], [173.6608, -41.9908], [173.6601, -41.9866], [173.6632, -41.9821], [173.6761, -41.9796], [173.682, -41.9743], [173.7003, -41.972], [173.7115, -41.9642], [173.7202, -41.9608], [173.7205, -41.9593], [173.718, -41.9585], [173.7189, -41.9566], [173.7135, -41.9504], [173.7156, -41.9475], [173.7143, -41.9405], [173.7173, -41.9354], [173.7237, -41.9316], [173.7234, -41.9269], [173.7284, -41.9213], [173.7286, -41.9186], [173.7343, -41.9149], [173.7367, -41.9113], [173.7444, -41.9074], [173.7621, -41.9119], [173.754, -41.9145], [173.7669, -41.9218], [173.7895, -41.9582], [173.7931, -41.9531], [173.8075, -41.9446], [173.8129, -41.9361], [173.8173, -41.933], [173.8339, -41.9304], [173.8496, -41.9317], [173.8512, -41.9331], [173.8588, -41.9296], [173.8765, -41.9267], [173.9146, -41.9152], [173.9176, -41.9155], [173.9193, -41.918], [173.924, -41.9197], [173.9239, -41.9211], [173.9306, -41.9208], [173.944, -41.9122], [173.9544, -41.9132], [173.9588, -41.9085], [173.9653, -41.9229], [173.9699, -41.9262], [173.9794, -41.9256], [173.9772, -41.9334], [174.0036, -41.9321], [174.0196, -41.9395], [174.0223, -41.9386], [174.0292, -41.9312], [174.0355, -41.9348], [174.0389, -41.9349], [174.0426, -41.9335], [174.0461, -41.9295], [174.0494, -41.9291], [174.0549, -41.9323], [174.0546, -41.9337], [174.0634, -41.9347], [174.0575, -41.9392], [174.0612, -41.9448], [174.0603, -41.9544], [174.0499, -41.9638], [174.0477, -41.9682], [174.2641, -42.0992], [174.2458, -42.1102], [174.2301, -42.1276], [174.2079, -42.1467], [174.2081, -42.1797], [174.2009, -42.2121], [174.1864, -42.2438], [174.1642, -42.274], [174.1375, -42.3004], [174.1165, -42.3167], [174.096, -42.3294], [174.0503, -42.3717], [174.0324, -42.3851], [174.0117, -42.3978], [173.9949, -42.4117], [173.9936, -42.4441], [173.9853, -42.476], [173.9713, -42.5049], [173.9503, -42.5329], [173.9284, -42.5539], [173.9018, -42.5745], [173.8615, -42.5991], [173.8182, -42.6175], [173.7704, -42.6298], [173.7467, -42.6648], [173.7299, -42.6838], [173.716, -42.6965], [173.6761, -42.7686], [173.6577, -42.7978], [173.6393, -42.8343], [173.6312, -42.8588], [173.6223, -42.8769], [173.6067, -42.9], [173.583, -42.9254], [173.575, -42.9474], [173.5612, -42.9724], [173.5409, -42.9981], [173.5285, -43.0105], [173.491, -43.0425], [173.4791, -43.0581], [173.4628, -43.0756], [173.4434, -43.092], [173.4163, -43.1101], [173.3659, -43.1365], [173.3233, -43.1536], [173.3019, -43.1796], [173.2824, -43.1975], [173.2602, -43.2135], [173.2309, -43.2299], [173.1989, -43.2434], [173.1646, -43.2535], [173.1239, -43.2608], [173.0837, -43.2634], [173.0447, -43.2745], [173.0351, -43.2782], [173.0063, -43.2958], [172.9882, -43.3369], [172.9844, -43.354], [172.9889, -43.4247], [173.0047, -43.43], [173.0691, -43.4442], [173.1046, -43.4548], [173.1346, -43.4606], [173.1622, -43.4684], [173.1994, -43.4834], [173.2316, -43.5014], [173.246, -43.5114], [173.2655, -43.5278], [173.2996, -43.5517], [173.3373, -43.5863], [173.3565, -43.6104], [173.368, -43.6288], [173.3925, -43.6806], [173.4027, -43.7104], [173.4071, -43.7449], [173.4067, -43.7883], [173.4042, -43.8062], [173.3981, -43.8279], [173.3887, -43.849], [173.3749, -43.8708], [173.3651, -43.898], [173.3482, -43.9265], [173.3248, -43.9534], [173.286, -43.9868], [173.2627, -44.0035], [173.2403, -44.0164], [173.2102, -44.03], [173.1635, -44.0543], [173.1311, -44.0671], [173.0277, -44.0934], [172.9987, -44.0983], [172.9645, -44.1016], [172.926, -44.1031], [172.8511, -44.0993], [172.8232, -44.0959], [172.744, -44.081], [172.7133, -44.0728], [172.6726, -44.0583], [172.6487, -44.0472], [172.6228, -44.0321], [172.5251, -44.0434], [172.457, -44.0486], [172.4321, -44.0536], [172.4012, -44.0573], [172.3843, -44.0618], [172.3383, -44.0785], [172.2567, -44.0994], [172.232, -44.109], [172.1977, -44.1187], [172.1715, -44.1301], [172.1383, -44.1408], [172.1017, -44.1588], [172.0586, -44.1732], [172.0265, -44.1908], [171.9868, -44.2061], [171.9524, -44.2236], [171.9097, -44.2387], [171.8912, -44.2479], [171.8356, -44.271], [171.7994, -44.283], [171.7346, -44.3149], [171.7136, -44.3276], [171.6865, -44.3406], [171.6561, -44.3588], [171.6161, -44.3758], [171.5961, -44.3904], [171.5714, -44.4049], [171.5445, -44.4261], [171.5351, -44.4821], [171.5236, -44.5115], [171.5052, -44.5413], [171.4952, -44.5545], [171.4803, -44.5709], [171.4638, -44.5854], [171.4415, -44.6269], [171.4405, -44.6347], [171.4446, -44.6515], [171.4468, -44.6693], [171.4463, -44.693], [171.4509, -44.7255], [171.4511, -44.7673], [171.4549, -44.7932], [171.456, -44.8252], [171.454, -44.8605], [171.4473, -44.9053], [171.4345, -44.9526], [171.427, -44.9729], [171.4161, -44.9929], [171.4068, -45.0154], [171.144, -44.9403], [171.1261, -44.9374], [171.1193, -44.9319], [171.1148, -44.9312], [171.1179, -44.9312], [171.1158, -44.9295], [171.1107, -44.9306], [171.102, -44.9292], [171.0984, -44.931], [171.0874, -44.9305], [171.0828, -44.9319], [171.0632, -44.9257], [171.0309, -44.9231], [171.0236, -44.9197], [171.0014, -44.9214], [170.9876, -44.9143], [170.9826, -44.9149], [170.9719, -44.9095], [170.9692, -44.9117], [170.9645, -44.912], [170.9409, -44.9069], [170.9318, -44.9067], [170.9251, -44.9028], [170.9131, -44.9029], [170.9073, -44.8967], [170.9019, -44.8974], [170.8982, -44.8956], [170.8995, -44.8948], [170.8861, -44.8916], [170.8822, -44.891], [170.8722, -44.8933], [170.8638, -44.8908], [170.8556, -44.8947], [170.8411, -44.8914], [170.8411, -44.9035], [170.8278, -44.9014], [170.8197, -44.9024], [170.8108, -44.9004], [170.7094, -44.9008], [170.7041, -44.9018], [170.7004, -44.9049], [170.6806, -44.9049], [170.6833, -44.9112], [170.6725, -44.918], [170.6589, -44.9092], [170.6482, -44.9124], [170.6444, -44.9154], [170.6375, -44.9178], [170.6329, -44.9326], [170.6276, -44.9336], [170.6369, -44.9513], [170.6247, -44.9587], [170.6189, -44.9599], [170.6146, -44.9667], [170.6125, -44.9677], [170.6052, -44.965], [170.6041, -44.9621], [170.6009, -44.9616], [170.5978, -44.9619], [170.5964, -44.9655], [170.5794, -44.9655], [170.58, -44.9682], [170.575, -44.9747], [170.5762, -44.9763], [170.5752, -44.9779], [170.5732, -44.9786], [170.5664, -44.9757], [170.5637, -44.9782], [170.5506, -44.9825], [170.5478, -44.985], [170.5424, -44.985], [170.5318, -44.9929], [170.5239, -45.0055], [170.5129, -45.0089], [170.5139, -45.0139], [170.5095, -45.0154], [170.5117, -45.0207], [170.5064, -45.026], [170.4892, -45.0346], [170.481, -45.0473], [170.476, -45.0481], [170.4648, -45.0452], [170.4537, -45.0533], [170.4472, -45.066], [170.4358, -45.0719], [170.4252, -45.0727], [170.4142, -45.0776], [170.4074, -45.0777], [170.3991, -45.0808], [170.3894, -45.0795], [170.3855, -45.0779], [170.3862, -45.0733], [170.3792, -45.067], [170.3799, -45.06], [170.368, -45.0545], [170.3633, -45.0435], [170.3629, -45.0368], [170.3558, -45.0292], [170.3533, -45.024], [170.3494, -45.0217], [170.3519, -45.0078], [170.3473, -44.9896], [170.3541, -44.9827], [170.3698, -44.9723], [170.3689, -44.9602], [170.3734, -44.9524], [170.3725, -44.9482], [170.3668, -44.9444], [170.3656, -44.9401], [170.357, -44.939], [170.3491, -44.9431], [170.3506, -44.9317], [170.3541, -44.9281], [170.3525, -44.9232], [170.3528, -44.9151], [170.3502, -44.9078], [170.3401, -44.9039], [170.3194, -44.903], [170.3047, -44.9105], [170.3017, -44.9195], [170.2907, -44.9141], [170.2818, -44.9166], [170.2723, -44.9217], [170.2652, -44.9199], [170.2596, -44.9216], [170.252, -44.9188], [170.2469, -44.9223], [170.2421, -44.9307], [170.2252, -44.9347], [170.2204, -44.9334], [170.2105, -44.9346], [170.2002, -44.939], [170.1895, -44.94], [170.1793, -44.943], [170.1757, -44.9418], [170.1645, -44.946], [170.1584, -44.9436], [170.1503, -44.9433], [170.1475, -44.9409], [170.1405, -44.9428], [170.1309, -44.9407], [170.1271, -44.9411], [170.1205, -44.9474], [170.1113, -44.9469], [170.1037, -44.9426], [170.0941, -44.94], [170.0913, -44.9375], [170.0914, -44.9342], [170.0848, -44.9274], [170.0687, -44.9232], [170.0744, -44.916], [170.0819, -44.9121], [170.0695, -44.8998], [170.0638, -44.8836], [170.0503, -44.8774], [170.0431, -44.8768], [170.0382, -44.8725], [170.0309, -44.8701], [170.0267, -44.859], [170.0185, -44.8556], [170.0126, -44.8435], [170.0055, -44.8368], [169.998, -44.8251], [169.9966, -44.8204], [169.999, -44.8088], [169.995, -44.7988], [169.9937, -44.7865], [169.9842, -44.7725], [169.9822, -44.7671], [169.9811, -44.7545], [169.9702, -44.7441], [169.9634, -44.7088], [169.9442, -44.654], [169.8913, -44.6443], [169.8415, -44.6654], [169.8362, -44.6689], [169.8171, -44.6655], [169.822, -44.6636], [169.8056, -44.6613], [169.7549, -44.6389], [169.7533, -44.631], [169.7537, -44.6183], [169.7572, -44.6121], [169.7553, -44.6075], [169.7477, -44.6003], [169.7486, -44.5943], [169.7462, -44.5861], [169.7366, -44.5705], [169.7306, -44.5651], [169.7186, -44.5735], [169.7186, -44.5799], [169.7133, -44.598], [169.7085, -44.601], [169.6969, -44.6014], [169.6853, -44.6061], [169.6886, -44.6029], [169.6885, -44.6011], [169.6818, -44.5979], [169.6578, -44.5936], [169.641, -44.596], [169.6445, -44.5848], [169.6428, -44.5761], [169.6408, -44.5747], [169.6434, -44.5693], [169.6407, -44.5648], [169.6453, -44.561], [169.6455, -44.5551], [169.6521, -44.5486], [169.653, -44.5459], [169.6634, -44.5372], [169.6523, -44.5352], [169.6477, -44.5311], [169.647, -44.5261], [169.6502, -44.521], [169.6456, -44.5192], [169.6432, -44.5154], [169.6377, -44.5116], [169.6373, -44.5063], [169.6343, -44.5018], [169.6349, -44.4989], [169.6412, -44.4951], [169.6436, -44.4867], [169.6475, -44.4812], [169.6441, -44.479], [169.641, -44.4719], [169.6419, -44.4664], [169.6337, -44.4624], [169.615, -44.4606], [169.6033, -44.4636], [169.6024, -44.4618], [169.6004, -44.4629], [169.5921, -44.4591], [169.5739, -44.4623], [169.5698, -44.4597], [169.5623, -44.4602], [169.5544, -44.4572], [169.5535, -44.4552], [169.5425, -44.4486], [169.5478, -44.4428], [169.5562, -44.4376], [169.5545, -44.4325], [169.5488, -44.4289], [169.5459, -44.4227], [169.5521, -44.4129], [169.5631, -44.4056], [169.5656, -44.4023], [169.5665, -44.3968], [169.5594, -44.39], [169.5567, -44.381], [169.5658, -44.3724], [169.5709, -44.3582], [169.5679, -44.3541], [169.5774, -44.3453], [169.5788, -44.3401], [169.5787, -44.3376], [169.5712, -44.3332], [169.5684, -44.3194], [169.573, -44.3121], [169.5723, -44.3056], [169.5748, -44.3001], [169.5711, -44.2962], [169.5748, -44.2842], [169.5731, -44.2792], [169.5794, -44.2643], [169.5806, -44.2523], [169.5768, -44.2495], [169.5733, -44.2433], [169.5735, -44.2398], [169.5705, -44.2367], [169.5485, -44.2276], [169.5471, -44.2207], [169.5435, -44.2164], [169.5445, -44.2117], [169.5433, -44.2075], [169.5489, -44.2047], [169.5607, -44.2055], [169.5619, -44.1938], [169.5659, -44.1883], [169.5664, -44.1851], [169.5711, -44.182], [169.5711, -44.1772], [169.5813, -44.1726], [169.586, -44.1666], [169.5963, -44.1624], [169.5985, -44.1601], [169.6039, -44.1603], [169.6058, -44.1585], [169.5989, -44.1503], [169.6204, -44.14], [169.6183, -44.1358], [169.6209, -44.1279], [169.625, -44.1225], [169.6351, -44.1218], [169.6387, -44.1199], [169.6363, -44.1141], [169.6405, -44.1057], [169.6392, -44.1018], [169.6484, -44.098], [169.6544, -44.0927], [169.6612, -44.0915], [169.6624, -44.0847], [169.6576, -44.0776], [169.665, -44.0677], [169.6786, -44.0705], [169.682, -44.0684], [169.6797, -44.0616], [169.6829, -44.0546], [169.681, -44.0482], [169.6847, -44.0452], [169.686, -44.0419], [169.6942, -44.0411], [169.699, -44.0428], [169.7194, -44.0367], [169.7196, -44.0346], [169.7076, -44.0171], [169.7094, -44.0144], [169.7065, -44.0106], [169.7061, -44.0033], [169.7115, -43.9972], [169.7103, -43.9935], [169.7059, -43.9901], [169.7037, -43.9835], [169.6991, -43.9797], [169.6994, -43.977], [169.7022, -43.9739], [169.702, -43.9692], [169.6993, -43.9635], [169.72, -43.9599], [169.7251, -43.955], [169.7276, -43.9484], [169.7342, -43.947], [169.7365, -43.9438], [169.7429, -43.9406], [169.7429, -43.9364], [169.7459, -43.9313], [169.7583, -43.9337], [169.76, -43.9261], [169.7581, -43.9221], [169.7611, -43.9202], [169.7652, -43.9081], [169.7693, -43.905], [169.7709, -43.8993], [169.7821, -43.8941], [169.7862, -43.8947], [169.7931, -43.8926], [169.7959, -43.8898], [169.7985, -43.8833], [169.809, -43.8747], [169.8137, -43.8728], [169.8268, -43.8717], [169.8379, -43.8666], [169.8404, -43.8616], [169.8379, -43.8542], [169.8454, -43.8473], [169.8533, -43.8431], [169.8584, -43.837], [169.8675, -43.8321], [169.8792, -43.8333], [169.8878, -43.8363], [169.8943, -43.8337], [169.8961, -43.8296], [169.893, -43.8231], [169.8982, -43.8197], [169.9, -43.813], [169.913, -43.8088], [169.9281, -43.8008], [169.9333, -43.8005], [169.9436, -43.7891], [169.9495, -43.79], [169.9583, -43.7889], [169.9655, -43.7918], [169.9727, -43.7873], [169.9752, -43.781], [169.9704, -43.7732], [169.9739, -43.7684], [169.9798, -43.7649], [169.9847, -43.7594], [169.9766, -43.7521], [169.9788, -43.7471], [169.9988, -43.741], [170.0062, -43.7408], [170.0133, -43.7321], [170.0189, -43.7307], [170.0305, -43.7232], [170.0282, -43.7127], [170.0229, -43.7061], [170.0302, -43.6974], [170.0281, -43.6942], [170.0285, -43.6908], [170.0416, -43.6825], [170.0591, -43.679], [170.0737, -43.6721], [170.0914, -43.6604], [170.0951, -43.6556], [170.094, -43.6493], [170.0995, -43.6452], [170.1012, -43.6387], [170.0986, -43.6302], [170.0929, -43.6254], [170.0941, -43.6193], [170.0977, -43.6154], [170.0977, -43.6118], [170.0956, -43.6084], [170.0923, -43.607], [170.0922, -43.6017], [170.0981, -43.5955], [170.115, -43.589], [170.1237, -43.5874], [170.1398, -43.5894], [170.1466, -43.5738], [170.1577, -43.5718], [170.1574, -43.5655], [170.1607, -43.5631], [170.1657, -43.5629], [170.1695, -43.5599], [170.1827, -43.5613], [170.1895, -43.5562], [170.1985, -43.5532], [170.2031, -43.5494], [170.2029, -43.5412], [170.2133, -43.5344], [170.2143, -43.5313], [170.218, -43.5313], [170.2209, -43.5248], [170.2261, -43.5226], [170.2288, -43.519], [170.2384, -43.5138], [170.2512, -43.5131], [170.2574, -43.5108], [170.2673, -43.5127], [170.2721, -43.51], [170.2761, -43.5102], [170.2869, -43.5047], [170.2992, -43.5017], [170.3169, -43.4922], [170.322, -43.4913], [170.3285, -43.4817], [170.3324, -43.4836], [170.3297, -43.4851], [170.334, -43.4919], [170.3348, -43.498], [170.3463, -43.5002], [170.3566, -43.5063], [170.3632, -43.5073], [170.3677, -43.5043], [170.395, -43.4982], [170.4108, -43.4878], [170.4183, -43.4777], [170.4267, -43.4741], [170.4338, -43.4658], [170.4517, -43.4614], [170.4592, -43.4613], [170.4606, -43.4516], [170.4709, -43.4421], [170.4755, -43.433], [170.4967, -43.4266], [170.5113, -43.4284], [170.5177, -43.4244], [170.5183, -43.419], [170.5217, -43.4183], [170.5297, -43.41], [170.5335, -43.4103], [170.5352, -43.4145], [170.5439, -43.4183], [170.546, -43.4218], [170.5528, -43.4219], [170.5567, -43.4242], [170.5653, -43.4229], [170.5725, -43.419], [170.5802, -43.4185], [170.5838, -43.4227], [170.5804, -43.4261], [170.5807, -43.43], [170.5913, -43.434], [170.6006, -43.4323], [170.6031, -43.4305], [170.6116, -43.4326], [170.6151, -43.4319], [170.6172, -43.4298], [170.6136, -43.4241], [170.6156, -43.418], [170.635, -43.4014], [170.6329, -43.3968], [170.64, -43.3931], [170.648, -43.3924], [170.6517, -43.3887], [170.6566, -43.3869], [170.6576, -43.3774], [170.646, -43.374], [170.6467, -43.3693], [170.6683, -43.3563], [170.6708, -43.3507], [170.6774, -43.3476], [170.7124, -43.345], [170.7161, -43.3432], [170.7147, -43.3386], [170.7168, -43.3328], [170.7103, -43.3266], [170.7053, -43.3188], [170.7168, -43.3165], [170.7246, -43.3184], [170.7313, -43.3152], [170.7519, -43.3187], [170.7598, -43.3183], [170.7618, -43.3178], [170.7645, -43.3132], [170.7688, -43.3129], [170.7771, -43.3073], [170.7816, -43.3065], [170.7825, -43.3042], [170.7883, -43.3031], [170.7928, -43.2991], [170.7991, -43.3003], [170.8057, -43.3045], [170.8119, -43.3011], [170.8199, -43.2997], [170.824, -43.2942], [170.8227, -43.2895], [170.8312, -43.2831], [170.8603, -43.2814], [170.8643, -43.2764], [170.8707, -43.2725], [170.8689, -43.2673], [170.8652, -43.2648], [170.8679, -43.2589], [170.8758, -43.2525], [170.8731, -43.2458], [170.8872, -43.2416], [170.8921, -43.239], [170.8936, -43.2353], [170.8968, -43.233], [170.9068, -43.2287], [170.9122, -43.2217], [170.913, -43.216], [170.9214, -43.2132], [170.9287, -43.2065], [170.9372, -43.2041], [170.9482, -43.206], [170.9479, -43.2118], [170.9443, -43.2214], [170.9485, -43.2273], [170.9646, -43.2251], [170.9713, -43.2222], [170.9797, -43.2226], [170.9877, -43.2179], [170.9917, -43.2176], [170.9933, -43.2112], [171.0042, -43.1953], [171.0137, -43.1916], [171.0134, -43.186], [171.0169, -43.1836], [171.02, -43.1745], [171.0473, -43.1636], [171.0471, -43.1592], [171.0444, -43.1583], [171.0379, -43.1514], [171.0374, -43.1459], [171.0415, -43.1397], [171.0567, -43.1317], [171.0676, -43.1283], [171.069, -43.1256], [171.0629, -43.1185], [171.0633, -43.1153], [171.0676, -43.1125], [171.0766, -43.1119], [171.0797, -43.102], [171.0952, -43.1008], [171.0967, -43.1058], [171.1, -43.1068], [171.1002, -43.109], [171.1054, -43.1121], [171.1082, -43.1104], [171.1154, -43.0996], [171.1135, -43.0957], [171.1172, -43.0857], [171.1299, -43.0812], [171.1407, -43.0825], [171.1459, -43.0888], [171.1585, -43.0771], [171.1757, -43.0743], [171.1783, -43.068], [171.1842, -43.0644], [171.1909, -43.0667], [171.195, -43.0726], [171.1981, -43.0743], [171.204, -43.0727], [171.2114, -43.0657], [171.2196, -43.0647], [171.222, -43.0583], [171.2227, -43.0433], [171.227, -43.0402], [171.2336, -43.0395], [171.2407, -43.031], [171.2408, -43.0287], [171.2368, -43.0264], [171.2367, -43.0242], [171.2435, -43.0162], [171.2393, -43.013], [171.2404, -43.008], [171.2377, -43.0025], [171.2418, -42.9988], [171.2539, -42.9975], [171.2569, -42.9919], [171.2562, -42.9898], [171.2609, -42.9851], [171.2736, -42.98], [171.2822, -42.9731], [171.2903, -42.971], [171.2984, -42.9661], [171.3084, -42.9662], [171.3095, -42.9614], [171.305, -42.9602], [171.3031, -42.9581], [171.3077, -42.9526], [171.3142, -42.9481], [171.3361, -42.9433], [171.3402, -42.9451], [171.34, -42.9487], [171.3452, -42.9497], [171.3528, -42.9457], [171.3622, -42.9372], [171.3722, -42.9389], [171.3818, -42.946], [171.3902, -42.9413], [171.3932, -42.9426], [171.3948, -42.9444], [171.3947, -42.9503], [171.3924, -42.9562], [171.396, -42.9593], [171.3978, -42.955], [171.4015, -42.9525], [171.4048, -42.9532], [171.4114, -42.9509], [171.4181, -42.9462], [171.4211, -42.9392], [171.4258, -42.9354], [171.4375, -42.9357], [171.4409, -42.9303], [171.4354, -42.9271], [171.4358, -42.9239], [171.4344, -42.9214], [171.4423, -42.9137], [171.4492, -42.9092], [171.4545, -42.9092], [171.4629, -42.9124], [171.4655, -42.9153], [171.4688, -42.9142], [171.4837, -42.9056], [171.491, -42.8959], [171.4953, -42.898], [171.5009, -42.8978], [171.5074, -42.9018], [171.5117, -42.9111], [171.5172, -42.9142], [171.5266, -42.9067], [171.5398, -42.9046], [171.5595, -42.9075], [171.5663, -42.9054], [171.5739, -42.8996], [171.5869, -42.8957], [171.591, -42.8961], [171.5916, -42.9014], [171.6056, -42.8987], [171.6105, -42.9002], [171.6142, -42.9036], [171.6192, -42.9015], [171.6341, -42.9026], [171.6444, -42.8981], [171.653, -42.897], [171.6544, -42.8935], [171.6603, -42.8909], [171.6652, -42.8863], [171.6721, -42.8914], [171.6794, -42.8941], [171.6804, -42.8991], [171.6903, -42.8999], [171.6869, -42.9061], [171.6943, -42.9083], [171.6994, -42.9068], [171.7036, -42.9035], [171.7101, -42.9038], [171.7108, -42.8958], [171.7265, -42.8884], [171.7303, -42.8847], [171.7354, -42.8825], [171.7373, -42.8785], [171.7401, -42.8785], [171.7464, -42.8741], [171.7409, -42.8682], [171.7336, -42.8645], [171.733, -42.8632], [171.7368, -42.8609], [171.7374, -42.8587], [171.733, -42.8534], [171.737, -42.8471], [171.7516, -42.8463], [171.7601, -42.8407], [171.7627, -42.8371], [171.7611, -42.8342], [171.7628, -42.8285], [171.7614, -42.8248], [171.7564, -42.8227], [171.7545, -42.8188], [171.7595, -42.8142], [171.7571, -42.8091], [171.7616, -42.8022], [171.764, -42.7915], [171.7691, -42.7891], [171.7764, -42.7903], [171.7832, -42.7843], [171.7891, -42.7828], [171.7946, -42.788], [171.8017, -42.7866], [171.8063, -42.7893], [171.8126, -42.79], [171.8145, -42.7876], [171.8125, -42.7838], [171.8271, -42.7813], [171.8296, -42.7771], [171.8327, -42.7751], [171.8433, -42.7748], [171.8419, -42.7708], [171.8463, -42.767], [171.848, -42.7615], [171.856, -42.7575], [171.8577, -42.7546], [171.8637, -42.7505], [171.873, -42.748], [171.8798, -42.7515], [171.8844, -42.7497], [171.883, -42.7468], [171.8841, -42.7393], [171.8824, -42.7331], [171.8851, -42.7187], [171.9006, -42.7112], [171.908, -42.7047], [171.9134, -42.6905], [171.9157, -42.6881], [171.9156, -42.6817], [171.9228, -42.6774], [171.9278, -42.6715], [171.928, -42.669], [171.9257, -42.6664], [171.9425, -42.6635], [171.9584, -42.6537], [171.9723, -42.6535], [171.9754, -42.6454], [171.9742, -42.6392], [171.9897, -42.6372], [171.9968, -42.6336], [172.0075, -42.6349], [172.0155, -42.6318], [172.0285, -42.6368], [172.0408, -42.6309], [172.0473, -42.6324], [172.0508, -42.6298], [172.0756, -42.6227], [172.0793, -42.6221], [172.0856, -42.624], [172.0939, -42.6209], [172.0978, -42.6103], [172.1027, -42.6061], [172.0985, -42.5934], [172.1031, -42.5878], [172.1071, -42.5859], [172.1085, -42.5805], [172.1243, -42.5636], [172.1283, -42.5616], [172.1329, -42.5553], [172.1404, -42.5544], [172.1442, -42.5523], [172.1497, -42.5549], [172.1558, -42.5531], [172.1783, -42.5355], [172.1828, -42.5265], [172.1805, -42.5202], [172.1809, -42.5135], [172.1869, -42.5039], [172.1933, -42.4999], [172.1954, -42.4965], [172.2052, -42.493], [172.2111, -42.4886], [172.2199, -42.4863], [172.2271, -42.4795], [172.2317, -42.4727], [172.2315, -42.4654], [172.2359, -42.4564], [172.2411, -42.457], [172.2548, -42.4513], [172.2572, -42.4535], [172.2617, -42.452], [172.2655, -42.4551], [172.2728, -42.451], [172.2788, -42.4499], [172.2933, -42.4404], [172.296, -42.4339], [172.3007, -42.4285], [172.2998, -42.4217], [172.3175, -42.4198], [172.3248, -42.4164], [172.3287, -42.4106], [172.3337, -42.4083], [172.3373, -42.3997], [172.3446, -42.3972], [172.3451, -42.3935], [172.3472, -42.3918], [172.3562, -42.3906], [172.3686, -42.385], [172.3934, -42.3779], [172.4168, -42.3838], [172.4292, -42.3721], [172.438, -42.3701], [172.4433, -42.3669], [172.4495, -42.3555], [172.4431, -42.3447], [172.4487, -42.3286], [172.4542, -42.3229], [172.461, -42.3236], [172.4661, -42.3195], [172.4631, -42.3174], [172.4645, -42.3138], [172.462, -42.3114], [172.4617, -42.3075], [172.4642, -42.3052], [172.4649, -42.3019], [172.4746, -42.2967], [172.478, -42.2914], [172.4776, -42.2881], [172.4798, -42.2857], [172.48, -42.2814], [172.4785, -42.2729], [172.4868, -42.2658], [172.5023, -42.2684], [172.5152, -42.264], [172.5171, -42.2571], [172.5249, -42.2503], [172.5304, -42.2481], [172.534, -42.2414], [172.5453, -42.2385], [172.5594, -42.22], [172.5692, -42.215], [172.575, -42.2157], [172.578, -42.2144], [172.5835, -42.2168], [172.5888, -42.2154], [172.5968, -42.208], [172.6059, -42.2038], [172.6095, -42.1969], [172.6162, -42.1942], [172.6171, -42.1892], [172.6114, -42.1802], [172.6121, -42.174], [172.6097, -42.1658], [172.6121, -42.1611], [172.6118, -42.1581], [172.6197, -42.148], [172.6269, -42.1429], [172.6295, -42.1391], [172.6344, -42.1376], [172.6409, -42.1329], [172.6317, -42.1219], [172.6328, -42.1078], [172.6356, -42.1024], [172.6598, -42.0977], [172.669, -42.0943], [172.6713, -42.0913], [172.6784, -42.0879], [172.6814, -42.0885], [172.6846, -42.0925], [172.6869, -42.1044], [172.6917, -42.1066]]]}, "properties": {"REGC2025_V1_00": "13", "REGC2025_V1_00_NAME": "Canterbury Region"}}, {"type": "Feature", "geometry": {"type": "Polygon", "coordinates": [[[170.6369, -44.9513], [170.6277, -44.9335], [170.6329, -44.9326], [170.6375, -44.9178], [170.6444, -44.9154], [170.6482, -44.9124], [170.6589, -44.9092], [170.6725, -44.918], [170.6833, -44.9112], [170.6806, -44.9049], [170.7004, -44.9049], [170.7041, -44.9018], [170.7091, -44.9008], [170.8108, -44.9004], [170.8197, -44.9024], [170.8278, -44.9014], [170.8411, -44.9035], [170.8411, -44.8914], [170.8556, -44.8947], [170.8638, -44.8908], [170.8722, -44.8933], [170.8824, -44.891], [170.8995, -44.8948], [170.8982, -44.8956], [170.9019, -44.8974], [170.9073, -44.8967], [170.9131, -44.9029], [170.9251, -44.9028], [170.9318, -44.9067], [170.9409, -44.9069], [170.9645, -44.912], [170.9731, -44.9098], [170.9826, -44.9149], [170.9876, -44.9143], [171.0001, -44.9212], [171.0236, -44.9197], [171.0309, -44.9231], [171.0632, -44.9257], [171.0828, -44.9319], [171.0874, -44.9305], [171.0984, -44.931], [171.102, -44.9292], [171.1107, -44.9306], [171.1158, -44.9295], [171.1179, -44.9312], [171.1148, -44.9312], [171.1193, -44.9319], [171.1261, -44.9374], [171.144, -44.9403], [171.4068, -45.0154], [171.3967, -45.0327], [171.3823, -45.0517], [171.368, -45.075], [171.3273, -45.1232], [171.3092, -45.1403], [171.2757, -45.1644], [171.2516, -45.1853], [171.2377, -45.2092], [171.2246, -45.226], [171.1995, -45.2505], [171.1739, -45.2693], [171.1595, -45.289], [171.1398, -45.3099], [171.15, -45.3435], [171.1523, -45.3709], [171.1489, -45.4238], [171.1393, -45.4554], [171.1284, -45.4772], [171.1125, -45.4993], [171.1081, -45.52], [171.1029, -45.535], [171.092, -45.557], [171.0847, -45.5682], [171.0685, -45.5885], [171.0485, -45.6077], [171.0256, -45.6249], [171.0076, -45.636], [170.9986, -45.6577], [170.9878, -45.676], [171.0085, -45.704], [171.0223, -45.7316], [171.0343, -45.7714], [171.0379, -45.7947], [171.0377, -45.8205], [171.034, -45.8405], [171.036, -45.8727], [171.0334, -45.9003], [171.0228, -45.9328], [171.0077, -45.9595], [170.9907, -45.9806], [170.9737, -45.9973], [170.9525, -46.0139], [170.9253, -46.0315], [170.8909, -46.049], [170.8586, -46.061], [170.8295, -46.0689], [170.8026, -46.0823], [170.7756, -46.0928], [170.7484, -46.101], [170.7083, -46.109], [170.6652, -46.113], [170.626, -46.1126], [170.5765, -46.1264], [170.5375, -46.1325], [170.506, -46.1345], [170.4821, -46.1411], [170.4716, -46.1722], [170.4463, -46.2253], [170.4281, -46.25], [170.3952, -46.2828], [170.3751, -46.2983], [170.3472, -46.3152], [170.3109, -46.3402], [170.289, -46.3523], [170.2527, -46.3675], [170.2286, -46.3807], [170.207, -46.3975], [170.1701, -46.4218], [170.1372, -46.4394], [170.1158, -46.4536], [170.1125, -46.4835], [170.108, -46.4993], [170.0991, -46.5202], [170.0776, -46.5525], [170.0593, -46.5716], [170.0357, -46.5909], [170.0144, -46.6048], [169.981, -46.6217], [169.9444, -46.6353], [169.9232, -46.6469], [169.9021, -46.6628], [169.877, -46.6779], [169.7989, -46.7143], [169.7766, -46.7292], [169.7524, -46.7422], [169.7274, -46.753], [169.7003, -46.7623], [169.6478, -46.774], [169.6029, -46.7781], [169.556, -46.797], [169.5147, -46.8075], [169.4849, -46.8189], [169.4447, -46.8296], [169.3886, -46.8378], [169.3421, -46.8392], [169.2792, -46.6224], [169.275, -46.6215], [169.2653, -46.6155], [169.2741, -46.6113], [169.2616, -46.5986], [169.2672, -46.5959], [169.2665, -46.5936], [169.2643, -46.5939], [169.2649, -46.5859], [169.2542, -46.5806], [169.2511, -46.581], [169.2451, -46.5752], [169.2379, -46.5752], [169.2345, -46.5731], [169.2303, -46.573], [169.2009, -46.5607], [169.1961, -46.5606], [169.1905, -46.5569], [169.1937, -46.5551], [169.2162, -46.5542], [169.2254, -46.5499], [169.2362, -46.5362], [169.2448, -46.5296], [169.2456, -46.522], [169.2501, -46.5165], [169.2503, -46.5133], [169.2456, -46.5098], [169.2367, -46.5124], [169.2331, -46.5118], [169.2148, -46.5023], [169.2054, -46.4993], [169.2025, -46.4949], [169.1815, -46.4913], [169.1734, -46.487], [169.1737, -46.4841], [169.1786, -46.4808], [169.1785, -46.4783], [169.1748, -46.4755], [169.1659, -46.4724], [169.1623, -46.4685], [169.1613, -46.4659], [169.1641, -46.4618], [169.1633, -46.4577], [169.168, -46.4544], [169.1799, -46.4515], [169.1832, -46.4488], [169.1858, -46.4431], [169.1968, -46.4388], [169.1908, -46.4341], [169.1881, -46.4274], [169.1993, -46.4199], [169.1995, -46.4164], [169.194, -46.4084], [169.196, -46.4044], [169.1867, -46.3956], [169.1778, -46.3918], [169.1787, -46.3884], [169.175, -46.3864], [169.1611, -46.3818], [169.1442, -46.3824], [169.1341, -46.3754], [169.1362, -46.3741], [169.1374, -46.3662], [169.1463, -46.3591], [169.1466, -46.356], [169.1424, -46.3535], [169.1556, -46.3482], [169.1603, -46.3479], [169.1613, -46.3449], [169.1736, -46.3359], [169.1907, -46.3264], [169.1774, -46.3219], [169.1884, -46.3135], [169.1969, -46.3043], [169.1886, -46.3024], [169.1894, -46.3013], [169.185, -46.2991], [169.1839, -46.2914], [169.1769, -46.2857], [169.189, -46.2799], [169.1892, -46.266], [169.1859, -46.2666], [169.1886, -46.2618], [169.1883, -46.2588], [169.1857, -46.2548], [169.1918, -46.2472], [169.1962, -46.2376], [169.1863, -46.2305], [169.1863, -46.2233], [169.1981, -46.2127], [169.1983, -46.2004], [169.1896, -46.1956], [169.1819, -46.1957], [169.1838, -46.1924], [169.1873, -46.1903], [169.1858, -46.1893], [169.1751, -46.1885], [169.174, -46.1906], [169.1715, -46.1905], [169.1698, -46.1925], [169.167, -46.1919], [169.1704, -46.1828], [169.1621, -46.1812], [169.1596, -46.1757], [169.1692, -46.161], [169.1622, -46.1575], [169.161, -46.1522], [169.151, -46.1546], [169.1435, -46.1499], [169.1334, -46.1511], [169.1316, -46.1476], [169.1298, -46.1478], [169.1301, -46.1401], [169.1289, -46.1386], [169.1348, -46.1368], [169.1327, -46.1337], [169.1334, -46.1315], [169.1376, -46.1304], [169.1376, -46.1273], [169.1503, -46.1239], [169.1538, -46.1248], [169.1632, -46.1171], [169.1601, -46.1161], [169.1622, -46.112], [169.1579, -46.1067], [169.1633, -46.0958], [169.1581, -46.0924], [169.1483, -46.0923], [169.1484, -46.0855], [169.1356, -46.0854], [169.138, -46.0781], [169.1531, -46.0735], [169.1579, -46.0684], [169.158, -46.0622], [169.1533, -46.0487], [169.1362, -46.0481], [169.1285, -46.0417], [169.1193, -46.0372], [169.1036, -46.0368], [169.0983, -46.0291], [169.0896, -46.0242], [169.0882, -46.0216], [169.0888, -46.0178], [169.0818, -46.0144], [169.083, -46.0114], [169.0799, -46.0091], [169.0798, -46.0052], [169.0813, -46.0043], [169.0797, -46.0027], [169.1278, -46.0031], [169.1172, -46.0003], [169.1082, -45.9951], [169.0887, -46.0012], [169.0727, -46.0016], [169.0725, -45.9977], [169.0708, -45.997], [169.0714, -45.9885], [169.0666, -45.9853], [169.0681, -45.9836], [169.0664, -45.983], [169.0673, -45.9804], [169.0713, -45.9765], [169.0706, -45.9754], [169.0751, -45.9729], [169.0748, -45.9703], [169.0811, -45.9653], [169.0881, -45.9639], [169.0944, -45.9595], [169.0997, -45.948], [169.0991, -45.9412], [169.0972, -45.9386], [169.0904, -45.9376], [169.0846, -45.9338], [169.0821, -45.9295], [169.0734, -45.9247], [169.0769, -45.9226], [169.0752, -45.9216], [169.0765, -45.9196], [169.0848, -45.9167], [169.0851, -45.906], [169.0889, -45.9], [169.0902, -45.8939], [169.0914, -45.8913], [169.0935, -45.892], [169.0991, -45.8844], [169.0965, -45.8826], [169.0915, -45.8826], [169.0822, -45.873], [169.0745, -45.8711], [169.0732, -45.865], [169.0805, -45.8582], [169.0566, -45.8501], [169.0497, -45.8585], [169.0504, -45.864], [169.0052, -45.8635], [169.0043, -45.8597], [169.0059, -45.8564], [169.0055, -45.8479], [169.0088, -45.8443], [169.012, -45.8341], [169.0178, -45.8299], [169.0198, -45.8248], [169.0254, -45.8219], [169.0289, -45.8089], [169.024, -45.8052], [169.0135, -45.8036], [169.0035, -45.7958], [169.0046, -45.7496], [169.002, -45.7388], [168.9981, -45.737], [168.9945, -45.7372], [168.9934, -45.7285], [169.0001, -45.726], [169.0031, -45.7271], [169.0037, -45.7182], [169.0076, -45.711], [169.0054, -45.6984], [169.0189, -45.6898], [169.018, -45.6883], [169.0201, -45.6809], [169.0187, -45.6776], [169.0219, -45.6674], [169.0249, -45.6637], [169.0247, -45.6596], [169.0353, -45.6526], [169.044, -45.6525], [169.0587, -45.6411], [169.0635, -45.6296], [169.0658, -45.6275], [169.0655, -45.6221], [169.0736, -45.6044], [169.0777, -45.6014], [169.0808, -45.5956], [169.0935, -45.5869], [169.099, -45.5807], [169.1117, -45.5418], [169.1228, -45.5296], [169.1302, -45.5245], [169.129, -45.5208], [169.1365, -45.4833], [169.1419, -45.4709], [169.1402, -45.4643], [169.146, -45.4556], [169.1472, -45.4506], [169.1601, -45.4397], [169.1835, -45.439], [169.1996, -45.4343], [169.2109, -45.4172], [169.2093, -45.4024], [169.1991, -45.393], [169.1964, -45.3883], [169.1828, -45.3892], [169.1772, -45.3821], [169.1644, -45.3708], [169.1615, -45.3635], [169.153, -45.3535], [169.1547, -45.3494], [169.1484, -45.339], [169.1295, -45.3376], [169.1216, -45.3318], [169.114, -45.3287], [169.1057, -45.3219], [169.0993, -45.3199], [169.0928, -45.2982], [169.0882, -45.2908], [169.0881, -45.287], [169.0902, -45.2861], [169.0883, -45.2858], [169.0849, -45.2808], [169.0729, -45.2711], [169.0677, -45.269], [169.0128, -45.3035], [168.9596, -45.3591], [168.9068, -45.4495], [168.8996, -45.4556], [168.8929, -45.457], [168.8869, -45.4628], [168.8588, -45.452], [168.8601, -45.4383], [168.854, -45.4321], [168.8305, -45.4376], [168.8256, -45.4411], [168.8252, -45.4461], [168.7962, -45.4334], [168.7896, -45.4339], [168.7825, -45.437], [168.7787, -45.4366], [168.7797, -45.4336], [168.7778, -45.4244], [168.7739, -45.4205], [168.7739, -45.4148], [168.7687, -45.4031], [168.7739, -45.3918], [168.7725, -45.3832], [168.7751, -45.3773], [168.7728, -45.371], [168.7747, -45.3652], [168.7698, -45.3628], [168.7593, -45.3623], [168.756, -45.3632], [168.7516, -45.3676], [168.7197, -45.3491], [168.6922, -45.3397], [168.6909, -45.3365], [168.6978, -45.3119], [168.6917, -45.2971], [168.694, -45.292], [168.6874, -45.2821], [168.6873, -45.2758], [168.6901, -45.2726], [168.6805, -45.2597], [168.6802, -45.2566], [168.6838, -45.2515], [168.6834, -45.2477], [168.6741, -45.2431], [168.6683, -45.2429], [168.6587, -45.2465], [168.6493, -45.2457], [168.6331, -45.2618], [168.6201, -45.2663], [168.6174, -45.2718], [168.6076, -45.2778], [168.5937, -45.2808], [168.584, -45.2785], [168.5759, -45.2847], [168.5668, -45.2861], [168.5641, -45.2915], [168.5528, -45.2995], [168.5494, -45.3002], [168.5412, -45.3063], [168.5394, -45.3093], [168.4608, -45.3251], [168.3233, -45.3275], [168.3027, -45.2956], [168.3003, -45.2939], [168.3038, -45.2886], [168.3027, -45.28], [168.3046, -45.2723], [168.3078, -45.2667], [168.307, -45.2604], [168.2983, -45.2509], [168.2882, -45.2449], [168.292, -45.2374], [168.2949, -45.2356], [168.2997, -45.2278], [168.3008, -45.2248], [168.2996, -45.2212], [168.297, -45.2215], [168.2907, -45.2183], [168.286, -45.2133], [168.2694, -45.21], [168.2633, -45.2056], [168.2567, -45.2039], [168.2515, -45.1995], [168.2507, -45.1941], [168.2549, -45.1852], [168.2486, -45.1783], [168.2455, -45.1708], [168.236, -45.1668], [168.2361, -45.1626], [168.2383, -45.1608], [168.2394, -45.1544], [168.2342, -45.1532], [168.2281, -45.1493], [168.2248, -45.1494], [168.2229, -45.1469], [168.217, -45.1444], [168.2256, -45.1397], [168.227, -45.1375], [168.2362, -45.1338], [168.2455, -45.1262], [168.2661, -45.119], [168.2703, -45.1122], [168.2842, -45.1062], [168.2838, -45.1002], [168.2864, -45.0932], [168.2841, -45.0882], [168.2854, -45.0866], [168.2846, -45.0846], [168.2935, -45.0748], [168.2942, -45.0701], [168.2927, -45.0664], [168.294, -45.0554], [168.2986, -45.0522], [168.2982, -45.0484], [168.2945, -45.0464], [168.2914, -45.0405], [168.2962, -45.038], [168.3026, -45.03], [168.309, -45.0279], [168.3097, -45.026], [168.3003, -45.0152], [168.2959, -45.0138], [168.2891, -45.0152], [168.2857, -45.0173], [168.286, -45.0203], [168.2814, -45.0239], [168.2753, -45.0258], [168.2484, -45.0273], [168.2357, -45.0243], [168.2212, -45.0164], [168.2218, -45.0097], [168.2204, -45.0059], [168.2144, -45.0021], [168.2089, -45.0017], [168.2053, -44.9984], [168.2, -44.997], [168.1829, -44.9831], [168.1746, -44.981], [168.1735, -44.9768], [168.1764, -44.9712], [168.1761, -44.9663], [168.1611, -44.9527], [168.1524, -44.9483], [168.1493, -44.9483], [168.148, -44.9436], [168.134, -44.9415], [168.131, -44.938], [168.1317, -44.934], [168.1283, -44.9309], [168.1361, -44.9268], [168.1307, -44.9223], [168.1364, -44.9191], [168.1372, -44.9135], [168.1344, -44.9049], [168.1298, -44.9013], [168.1274, -44.8852], [168.1254, -44.8836], [168.1174, -44.8834], [168.1164, -44.8783], [168.1175, -44.8705], [168.1231, -44.8637], [168.1221, -44.8554], [168.125, -44.8448], [168.1274, -44.8436], [168.1287, -44.8405], [168.1274, -44.8286], [168.1676, -44.8283], [168.172, -44.81], [168.1798, -44.8044], [168.1833, -44.7978], [168.1821, -44.7918], [168.1847, -44.7889], [168.1848, -44.7841], [168.1901, -44.7821], [168.1926, -44.778], [168.1914, -44.7744], [168.1928, -44.7716], [168.191, -44.7668], [168.1943, -44.7642], [168.1979, -44.7569], [168.2021, -44.7542], [168.2053, -44.7463], [168.2034, -44.7419], [168.1994, -44.7402], [168.1945, -44.7405], [168.1916, -44.743], [168.1819, -44.7452], [168.1812, -44.7379], [168.1753, -44.7335], [168.1747, -44.7288], [168.1693, -44.722], [168.172, -44.7186], [168.1708, -44.7125], [168.175, -44.6977], [168.1849, -44.6905], [168.1856, -44.687], [168.1925, -44.6807], [168.192, -44.6775], [168.1847, -44.6695], [168.1911, -44.6559], [168.1887, -44.649], [168.185, -44.6461], [168.1973, -44.6433], [168.1959, -44.6392], [168.1969, -44.6362], [168.202, -44.6303], [168.2038, -44.6229], [168.2144, -44.6035], [168.2257, -44.5981], [168.2232, -44.5893], [168.2252, -44.5866], [168.2248, -44.583], [168.235, -44.5787], [168.2365, -44.5767], [168.238, -44.5611], [168.2371, -44.5496], [168.2349, -44.5426], [168.2496, -44.5304], [168.2578, -44.526], [168.2748, -44.5204], [168.2772, -44.5139], [168.2897, -44.4964], [168.2908, -44.4976], [168.297, -44.4974], [168.3068, -44.4998], [168.319, -44.4949], [168.3449, -44.4971], [168.3585, -44.4919], [168.3659, -44.4948], [168.378, -44.4959], [168.3902, -44.4991], [168.3991, -44.4961], [168.4155, -44.4974], [168.4416, -44.4922], [168.4525, -44.4926], [168.4609, -44.4954], [168.4878, -44.4789], [168.5009, -44.4754], [168.5035, -44.4698], [168.5068, -44.4668], [168.5235, -44.4604], [168.5478, -44.4565], [168.5574, -44.4517], [168.5736, -44.4513], [168.5861, -44.4538], [168.5902, -44.4502], [168.5935, -44.4418], [168.6069, -44.4362], [168.6255, -44.4339], [168.6305, -44.4263], [168.6416, -44.4166], [168.6548, -44.4114], [168.6653, -44.4012], [168.6802, -44.396], [168.6867, -44.3919], [168.6937, -44.3956], [168.6998, -44.405], [168.7154, -44.4114], [168.7284, -44.4195], [168.7425, -44.421], [168.7446, -44.4181], [168.7412, -44.4093], [168.7413, -44.4054], [168.7534, -44.3922], [168.757, -44.39], [168.7696, -44.3911], [168.7779, -44.3879], [168.784, -44.383], [168.7875, -44.3771], [168.8062, -44.3639], [168.8106, -44.3621], [168.8178, -44.3561], [168.8323, -44.3508], [168.832, -44.3481], [168.8361, -44.3399], [168.8319, -44.3228], [168.8332, -44.3192], [168.8376, -44.3168], [168.8414, -44.3119], [168.84, -44.3024], [168.8443, -44.2897], [168.8427, -44.2833], [168.8463, -44.2785], [168.8547, -44.2742], [168.8573, -44.2697], [168.8516, -44.2586], [168.8518, -44.2537], [168.8494, -44.2461], [168.8561, -44.2425], [168.871, -44.2389], [168.8733, -44.2339], [168.8722, -44.2303], [168.8737, -44.2259], [168.8772, -44.2228], [168.8933, -44.2175], [168.9048, -44.2182], [168.9109, -44.2098], [168.919, -44.2095], [168.9446, -44.2035], [168.9592, -44.2058], [168.9633, -44.2004], [168.9613, -44.1824], [168.9652, -44.1738], [168.9743, -44.173], [168.9874, -44.1689], [168.9858, -44.1634], [168.9767, -44.1508], [168.9751, -44.144], [168.9811, -44.1415], [169.0008, -44.1396], [169.0088, -44.1361], [169.0159, -44.1308], [169.0098, -44.1239], [169.0134, -44.1148], [169.0203, -44.1146], [169.038, -44.1182], [169.046, -44.1161], [169.0581, -44.1093], [169.0736, -44.1096], [169.0752, -44.1028], [169.0814, -44.097], [169.0887, -44.0953], [169.0958, -44.0973], [169.1045, -44.0954], [169.1108, -44.0932], [169.1192, -44.0875], [169.1301, -44.0869], [169.1389, -44.0807], [169.1459, -44.0799], [169.148, -44.0827], [169.1477, -44.0861], [169.1514, -44.0946], [169.1597, -44.1049], [169.169, -44.1046], [169.1881, -44.1105], [169.1988, -44.1095], [169.2062, -44.1069], [169.2192, -44.1094], [169.2328, -44.1086], [169.2421, -44.1061], [169.2573, -44.1081], [169.2714, -44.101], [169.2795, -44.0938], [169.2846, -44.0801], [169.2902, -44.0739], [169.2908, -44.0627], [169.309, -44.0606], [169.321, -44.0641], [169.3229, -44.0714], [169.3286, -44.0753], [169.3287, -44.0778], [169.3306, -44.0794], [169.3297, -44.0888], [169.3387, -44.1025], [169.3544, -44.1069], [169.3727, -44.1169], [169.3871, -44.1187], [169.3906, -44.1127], [169.4084, -44.107], [169.4074, -44.1046], [169.4096, -44.102], [169.4236, -44.0965], [169.4285, -44.0965], [169.4333, -44.0897], [169.4438, -44.0841], [169.4455, -44.0765], [169.4501, -44.0728], [169.4505, -44.0661], [169.4573, -44.0636], [169.4626, -44.0593], [169.4863, -44.0553], [169.5067, -44.0592], [169.5117, -44.058], [169.5168, -44.0536], [169.5285, -44.0387], [169.5411, -44.0333], [169.5506, -44.0319], [169.557, -44.0332], [169.5623, -44.0323], [169.5716, -44.0355], [169.579, -44.0341], [169.5813, -44.03], [169.582, -44.0226], [169.5914, -44.0125], [169.592, -44.0102], [169.592, -43.9913], [169.5829, -43.9851], [169.5842, -43.9832], [169.5826, -43.9805], [169.5868, -43.9732], [169.5868, -43.9651], [169.5928, -43.9581], [169.6233, -43.957], [169.6329, -43.9638], [169.6557, -43.9568], [169.671, -43.9554], [169.6919, -43.9579], [169.6993, -43.9635], [169.702, -43.9692], [169.7022, -43.9739], [169.6994, -43.977], [169.6991, -43.9797], [169.7037, -43.9835], [169.7059, -43.9901], [169.7103, -43.9935], [169.7115, -43.9972], [169.7061, -44.0033], [169.7065, -44.0106], [169.7094, -44.0144], [169.7076, -44.0171], [169.7196, -44.0346], [169.7194, -44.0367], [169.699, -44.0428], [169.6942, -44.0411], [169.686, -44.0419], [169.6847, -44.0452], [169.681, -44.0482], [169.6829, -44.0546], [169.6797, -44.0616], [169.682, -44.0684], [169.6786, -44.0705], [169.665, -44.0677], [169.6576, -44.0776], [169.6624, -44.0847], [169.6612, -44.0915], [169.6544, -44.0927], [169.6484, -44.098], [169.6392, -44.1018], [169.6405, -44.1057], [169.6363, -44.1141], [169.6387, -44.1199], [169.6351, -44.1218], [169.625, -44.1225], [169.6209, -44.1279], [169.6183, -44.1358], [169.6204, -44.14], [169.5989, -44.1503], [169.6058, -44.1585], [169.6039, -44.1603], [169.5985, -44.1601], [169.5963, -44.1624], [169.586, -44.1666], [169.5813, -44.1726], [169.5711, -44.1772], [169.5711, -44.182], [169.5664, -44.1851], [169.5659, -44.1883], [169.5619, -44.1938], [169.5607, -44.2055], [169.5489, -44.2047], [169.5431, -44.2083], [169.5445, -44.2117], [169.5435, -44.2164], [169.5471, -44.2207], [169.5485, -44.2276], [169.5705, -44.2367], [169.5735, -44.2398], [169.5733, -44.2433], [169.5768, -44.2495], [169.5806, -44.2523], [169.5794, -44.2643], [169.5731, -44.2792], [169.5748, -44.2842], [169.5711, -44.2962], [169.5748, -44.3001], [169.5723, -44.3056], [169.573, -44.3121], [169.5684, -44.3194], [169.5712, -44.3332], [169.5787, -44.3376], [169.5788, -44.3401], [169.5774, -44.3453], [169.5679, -44.3541], [169.5709, -44.3582], [169.5658, -44.3724], [169.5567, -44.381], [169.5594, -44.39], [169.5665, -44.3968], [169.5656, -44.4023], [169.5631, -44.4056], [169.5521, -44.4129], [169.5459, -44.4227], [169.5488, -44.4289], [169.5545, -44.4325], [169.5562, -44.4376], [169.5478, -44.4428], [169.5425, -44.4486], [169.5535, -44.4552], [169.5544, -44.4572], [169.5623, -44.4602], [169.5698, -44.4597], [169.5739, -44.4623], [169.5921, -44.4591], [169.6004, -44.4629], [169.6024, -44.4618], [169.6033, -44.4636], [169.615, -44.4606], [169.6337, -44.4624], [169.6419, -44.4664], [169.641, -44.4719], [169.6441, -44.479], [169.6475, -44.4812], [169.6436, -44.4867], [169.6412, -44.4951], [169.6349, -44.4989], [169.6343, -44.5018], [169.6373, -44.5063], [169.6377, -44.5116], [169.6432, -44.5154], [169.6456, -44.5192], [169.6502, -44.521], [169.647, -44.5261], [169.6477, -44.5311], [169.6523, -44.5352], [169.6634, -44.5372], [169.653, -44.5459], [169.6521, -44.5486], [169.6455, -44.5551], [169.6453, -44.561], [169.6407, -44.5648], [169.6434, -44.5693], [169.6408, -44.5747], [169.6428, -44.5761], [169.6445, -44.5848], [169.641, -44.596], [169.6578, -44.5936], [169.6818, -44.5979], [169.6885, -44.6011], [169.6886, -44.6029], [169.6853, -44.6061], [169.6969, -44.6014], [169.7085, -44.601], [169.7133, -44.598], [169.7186, -44.5799], [169.7186, -44.5735], [169.7306, -44.5651], [169.7366, -44.5705], [169.7462, -44.5861], [169.7486, -44.5943], [169.7477, -44.6003], [169.7553, -44.6075], [169.7572, -44.6121], [169.7537, -44.6183], [169.7533, -44.631], [169.7549, -44.6389], [169.8056, -44.6613], [169.822, -44.6636], [169.8171, -44.6655], [169.8362, -44.6689], [169.8415, -44.6654], [169.8913, -44.6443], [169.9442, -44.654], [169.9634, -44.7088], [169.9702, -44.7441], [169.9811, -44.7545], [169.9822, -44.7671], [169.9842, -44.7725], [169.9937, -44.7865], [169.995, -44.7988], [169.999, -44.8088], [169.9966, -44.8204], [169.998, -44.8251], [170.0055, -44.8368], [170.0126, -44.8435], [170.0185, -44.8556], [170.0267, -44.859], [170.0309, -44.8701], [170.0382, -44.8725], [170.0431, -44.8768], [170.0503, -44.8774], [170.0638, -44.8836], [170.0695, -44.8998], [170.0819, -44.9121], [170.0744, -44.916], [170.0687, -44.9232], [170.0848, -44.9274], [170.0914, -44.9342], [170.0913, -44.9375], [170.0941, -44.94], [170.1037, -44.9426], [170.1113, -44.9469], [170.1205, -44.9474], [170.1271, -44.9411], [170.1309, -44.9407], [170.1405, -44.9428], [170.1475, -44.9409], [170.1503, -44.9433], [170.1584, -44.9436], [170.1645, -44.946], [170.1757, -44.9418], [170.1793, -44.943], [170.1895, -44.94], [170.2002, -44.939], [170.2105, -44.9346], [170.2204, -44.9334], [170.2252, -44.9347], [170.2421, -44.9307], [170.2469, -44.9223], [170.252, -44.9188], [170.2596, -44.9216], [170.2652, -44.9199], [170.2723, -44.9217], [170.2818, -44.9166], [170.2907, -44.9141], [170.3017, -44.9195], [170.3047, -44.9105], [170.3194, -44.903], [170.3401, -44.9039], [170.3502, -44.9078], [170.3528, -44.9151], [170.3525, -44.9232], [170.3541, -44.9281], [170.3506, -44.9317], [170.3491, -44.9431], [170.357, -44.939], [170.3656, -44.9401], [170.3668, -44.9444], [170.3725, -44.9482], [170.3734, -44.9524], [170.3689, -44.9602], [170.3698, -44.9723], [170.3541, -44.9827], [170.3473, -44.9896], [170.3519, -45.0078], [170.3494, -45.0217], [170.3533, -45.024], [170.3558, -45.0292], [170.3629, -45.0368], [170.3633, -45.0435], [170.3683, -45.0548], [170.3805, -45.0608], [170.3792, -45.067], [170.3862, -45.0733], [170.3855, -45.0779], [170.3872, -45.0788], [170.3991, -45.0808], [170.4074, -45.0777], [170.4142, -45.0776], [170.4252, -45.0727], [170.4361, -45.0718], [170.4472, -45.066], [170.4537, -45.0533], [170.4648, -45.0452], [170.476, -45.0481], [170.481, -45.0473], [170.4892, -45.0346], [170.5064, -45.026], [170.5117, -45.0207], [170.5095, -45.0154], [170.5139, -45.0139], [170.5129, -45.0089], [170.5239, -45.0055], [170.5285, -44.9994], [170.5293, -44.9953], [170.5424, -44.985], [170.5478, -44.985], [170.5506, -44.9825], [170.5637, -44.9782], [170.5664, -44.9757], [170.5732, -44.9786], [170.5752, -44.9779], [170.5762, -44.9763], [170.575, -44.9747], [170.58, -44.9682], [170.5794, -44.9655], [170.5964, -44.9655], [170.5978, -44.9619], [170.6009, -44.9616], [170.6041, -44.9621], [170.6052, -44.965], [170.6125, -44.9677], [170.6151, -44.966], [170.6189, -44.9599], [170.6247, -44.9587], [170.6369, -44.9513]]]}, "properties": {"REGC2025_V1_00": "14", "REGC2025_V1_00_NAME": "Otago Region"}}, {"type": "Feature", "geometry": {"type": "Polygon", "coordinates": [[[169.1632, -46.4633], [169.1614, -46.4669], [169.1648, -46.4716], [169.1784, -46.4781], [169.1786, -46.4808], [169.173, -46.4854], [169.177, -46.4894], [169.2025, -46.4949], [169.2054, -46.4993], [169.2148, -46.5023], [169.2331, -46.5118], [169.2367, -46.5124], [169.2456, -46.5098], [169.2503, -46.5133], [169.2501, -46.5165], [169.2456, -46.522], [169.2448, -46.5296], [169.2362, -46.5362], [169.2254, -46.5499], [169.2162, -46.5542], [169.1937, -46.5551], [169.1905, -46.5569], [169.1961, -46.5606], [169.2009, -46.5607], [169.2303, -46.573], [169.2345, -46.5731], [169.2379, -46.5752], [169.2451, -46.5752], [169.2511, -46.581], [169.2542, -46.5806], [169.2649, -46.5859], [169.2643, -46.5939], [169.2665, -46.5936], [169.2672, -46.5959], [169.2616, -46.5986], [169.2741, -46.6113], [169.2653, -46.6155], [169.275, -46.6215], [169.2792, -46.6224], [169.3421, -46.8392], [169.3017, -46.852], [169.2531, -46.8612], [169.2165, -46.8643], [169.1609, -46.8627], [169.1215, -46.869], [169.0785, -46.8716], [169.0343, -46.8767], [168.9845, -46.8767], [168.9067, -46.8679], [168.8748, -46.8698], [168.8381, -46.869], [168.8201, -46.8886], [168.7997, -46.9061], [168.7517, -46.9395], [168.7237, -46.9555], [168.688, -46.9709], [168.6443, -46.9837], [168.6014, -47.0008], [168.5441, -47.015], [168.5561, -47.0385], [168.5634, -47.061], [168.5668, -47.0824], [168.5668, -47.1028], [168.5632, -47.1264], [168.5555, -47.1489], [168.5465, -47.1665], [168.5334, -47.1862], [168.5086, -47.2127], [168.4768, -47.237], [168.4472, -47.254], [168.4089, -47.2701], [168.3889, -47.2816], [168.3609, -47.2947], [168.3298, -47.3057], [168.2936, -47.3149], [168.1955, -47.3279], [168.2029, -47.3567], [168.2043, -47.379], [168.2012, -47.4056], [168.1933, -47.4308], [168.1831, -47.4513], [168.1674, -47.4735], [168.1513, -47.4911], [168.1303, -47.5092], [168.1304, -47.5276], [168.1282, -47.5451], [168.1246, -47.5597], [168.1164, -47.5806], [168.1093, -47.594], [168.0962, -47.613], [168.0839, -47.6272], [168.0652, -47.6446], [168.0345, -47.6667], [168.0013, -47.6844], [167.9531, -47.7032], [167.9039, -47.7162], [167.8566, -47.7227], [167.8068, -47.7238], [167.753, -47.7186], [167.713, -47.7101], [167.6707, -47.696], [167.6275, -47.6748], [167.6113, -47.6646], [167.59, -47.6482], [167.5652, -47.6233], [167.5533, -47.6077], [167.5403, -47.5848], [167.5298, -47.554], [167.5269, -47.5354], [167.5267, -47.5177], [167.5312, -47.4893], [167.4767, -47.4889], [167.4427, -47.4858], [167.381, -47.4751], [167.3532, -47.4684], [167.3109, -47.4625], [167.2601, -47.4491], [167.2175, -47.4314], [167.1869, -47.4137], [167.1608, -47.3947], [167.1218, -47.3743], [167.0966, -47.3565], [167.0774, -47.3394], [167.0597, -47.3191], [167.0449, -47.2966], [167.0348, -47.2741], [167.0274, -47.2443], [167.0262, -47.2175], [167.0289, -47.1972], [167.0376, -47.1698], [167.0483, -47.1488], [167.0622, -47.1292], [167.0832, -47.1057], [167.1077, -47.0844], [167.1228, -47.074], [167.1415, -47.0458], [167.1663, -47.0196], [167.2031, -46.9912], [167.2474, -46.9674], [167.2973, -46.9496], [167.3306, -46.9421], [167.3617, -46.9377], [167.3654, -46.9346], [167.3694, -46.9097], [167.347, -46.8856], [167.3316, -46.8627], [167.3222, -46.8432], [167.3064, -46.7971], [167.3012, -46.7702], [167.3001, -46.748], [167.3028, -46.7245], [167.3107, -46.6978], [167.3202, -46.6785], [167.3351, -46.6564], [167.3491, -46.6404], [167.3676, -46.6234], [167.3872, -46.6088], [167.4153, -46.5921], [167.4417, -46.5798], [167.4835, -46.5656], [167.5056, -46.5499], [167.5408, -46.5306], [167.5334, -46.5128], [167.2924, -46.4591], [167.2459, -46.4641], [167.1546, -46.465], [167.1656, -46.4793], [167.1778, -46.4991], [167.1856, -46.5167], [167.1907, -46.533], [167.1965, -46.575], [167.1962, -46.5904], [167.1929, -46.6115], [167.187, -46.6305], [167.1785, -46.649], [167.1669, -46.6682], [167.1568, -46.6811], [167.1407, -46.6984], [167.1243, -46.7125], [167.0879, -46.7366], [167.0451, -46.7563], [166.9933, -46.7715], [166.9349, -46.7803], [166.8779, -46.7817], [166.8249, -46.7768], [166.7817, -46.7674], [166.7572, -46.7598], [166.7167, -46.7441], [166.6746, -46.724], [166.6509, -46.7087], [166.6285, -46.6906], [166.6127, -46.6747], [166.598, -46.656], [166.5849, -46.6336], [166.5775, -46.6157], [166.5725, -46.5968], [166.57, -46.5767], [166.5708, -46.5545], [166.5743, -46.5354], [166.5813, -46.5146], [166.5918, -46.4936], [166.6043, -46.4755], [166.6241, -46.4536], [166.642, -46.4379], [166.6703, -46.4185], [166.6592, -46.4153], [166.6093, -46.4081], [166.565, -46.396], [166.4998, -46.3706], [166.4578, -46.3501], [166.4344, -46.3358], [166.4168, -46.3225], [166.3998, -46.3072], [166.3764, -46.2789], [166.363, -46.2654], [166.3415, -46.2552], [166.3175, -46.2413], [166.2935, -46.2238], [166.2784, -46.2101], [166.2607, -46.1904], [166.2418, -46.1601], [166.2131, -46.1328], [166.201, -46.1175], [166.1888, -46.0973], [166.181, -46.0802], [166.1663, -46.0387], [166.1595, -46.0054], [166.1589, -45.9794], [166.1452, -45.9485], [166.1395, -45.9213], [166.1387, -45.8988], [166.144, -45.8669], [166.1412, -45.8428], [166.1418, -45.824], [166.1468, -45.7991], [166.1574, -45.772], [166.1541, -45.7594], [166.1513, -45.7363], [166.1517, -45.7185], [166.1552, -45.6968], [166.1663, -45.666], [166.1848, -45.6357], [166.2215, -45.594], [166.2575, -45.5638], [166.2706, -45.5449], [166.2847, -45.5289], [166.3141, -45.5013], [166.3375, -45.4828], [166.3689, -45.4638], [166.4, -45.45], [166.4137, -45.4389], [166.4414, -45.4019], [166.4472, -45.3844], [166.4563, -45.365], [166.4768, -45.3328], [166.4906, -45.315], [166.4999, -45.2932], [166.5136, -45.2708], [166.5456, -45.2272], [166.5708, -45.1995], [166.5865, -45.1848], [166.6003, -45.1668], [166.6121, -45.1446], [166.6254, -45.1262], [166.6771, -45.0708], [166.707, -45.0471], [166.7239, -45.0295], [166.7416, -45.0148], [166.762, -45.0008], [166.7825, -44.9892], [166.8107, -44.9591], [166.8404, -44.9346], [166.856, -44.9157], [166.8837, -44.8889], [166.9071, -44.8706], [166.9193, -44.8576], [166.9377, -44.8414], [166.9806, -44.8116], [166.9973, -44.7935], [167.0179, -44.7759], [167.0351, -44.7583], [167.0684, -44.73], [167.0878, -44.717], [167.1105, -44.7047], [167.147, -44.6896], [167.1669, -44.675], [167.2143, -44.6455], [167.2488, -44.63], [167.2824, -44.6105], [167.3119, -44.5978], [167.3248, -44.5808], [167.3422, -44.5628], [167.3588, -44.5487], [167.3933, -44.5238], [167.4322, -44.5017], [167.4611, -44.4831], [167.502, -44.4643], [167.528, -44.4504], [167.5497, -44.4198], [167.5813, -44.3829], [167.6029, -44.363], [167.613, -44.348], [167.6314, -44.327], [167.6505, -44.3099], [167.6814, -44.2887], [167.7199, -44.255], [167.7385, -44.2416], [167.7611, -44.2137], [167.784, -44.1933], [167.7962, -44.1722], [167.8128, -44.151], [167.8381, -44.1271], [168.0521, -44.2586], [168.0783, -44.261], [168.1314, -44.2811], [168.1505, -44.2807], [168.1577, -44.2822], [168.1657, -44.2795], [168.1693, -44.2754], [168.1798, -44.2774], [168.1955, -44.2741], [168.2023, -44.2667], [168.2116, -44.2648], [168.2219, -44.2602], [168.2258, -44.2564], [168.2436, -44.2581], [168.2503, -44.2551], [168.2551, -44.2567], [168.2612, -44.2627], [168.2709, -44.2603], [168.2804, -44.2601], [168.3067, -44.2796], [168.3221, -44.2776], [168.3288, -44.2821], [168.3449, -44.2818], [168.3473, -44.2842], [168.3477, -44.2904], [168.3505, -44.2956], [168.3488, -44.3023], [168.3536, -44.3053], [168.3499, -44.3135], [168.3506, -44.3172], [168.345, -44.3211], [168.3488, -44.3302], [168.3564, -44.3362], [168.367, -44.3405], [168.3814, -44.3381], [168.3706, -44.3465], [168.3684, -44.3545], [168.4114, -44.3616], [168.4116, -44.3639], [168.4079, -44.3689], [168.4074, -44.3751], [168.4049, -44.3771], [168.3977, -44.3795], [168.3855, -44.3788], [168.3856, -44.3855], [168.3838, -44.3884], [168.3662, -44.3944], [168.3518, -44.4042], [168.3516, -44.4072], [168.3551, -44.4131], [168.3659, -44.4179], [168.3661, -44.4244], [168.3597, -44.433], [168.3612, -44.4388], [168.3577, -44.4424], [168.3539, -44.4437], [168.3487, -44.4519], [168.3527, -44.4576], [168.3529, -44.4605], [168.3445, -44.47], [168.3436, -44.4728], [168.3369, -44.4759], [168.3375, -44.4781], [168.3337, -44.4892], [168.3368, -44.4954], [168.3345, -44.4968], [168.3288, -44.4948], [168.3185, -44.495], [168.3068, -44.4998], [168.297, -44.4974], [168.2908, -44.4976], [168.2897, -44.4964], [168.2772, -44.5139], [168.2748, -44.5204], [168.2578, -44.526], [168.2496, -44.5304], [168.2346, -44.543], [168.2371, -44.5496], [168.238, -44.5608], [168.2369, -44.5758], [168.235, -44.5787], [168.2248, -44.583], [168.2252, -44.5866], [168.2232, -44.5893], [168.2257, -44.5981], [168.2144, -44.6035], [168.2038, -44.6229], [168.202, -44.6303], [168.1969, -44.6362], [168.1959, -44.6392], [168.1973, -44.6433], [168.185, -44.6461], [168.1887, -44.649], [168.1911, -44.6559], [168.1847, -44.6695], [168.192, -44.6775], [168.1925, -44.6807], [168.1856, -44.687], [168.1849, -44.6905], [168.175, -44.6977], [168.1708, -44.7125], [168.172, -44.7186], [168.1692, -44.7213], [168.1747, -44.7288], [168.1753, -44.7335], [168.1812, -44.7379], [168.1819, -44.7452], [168.1916, -44.743], [168.1945, -44.7405], [168.1994, -44.7402], [168.2034, -44.7419], [168.2053, -44.7463], [168.2021, -44.7542], [168.1979, -44.7569], [168.1943, -44.7642], [168.191, -44.7668], [168.1928, -44.7716], [168.1914, -44.7744], [168.1926, -44.778], [168.1901, -44.7821], [168.1848, -44.7841], [168.1847, -44.7889], [168.1821, -44.7918], [168.1833, -44.7978], [168.1798, -44.8044], [168.172, -44.81], [168.1676, -44.8283], [168.1274, -44.8286], [168.1287, -44.8405], [168.1274, -44.8436], [168.125, -44.8448], [168.1223, -44.8542], [168.1229, -44.8646], [168.1175, -44.8705], [168.1165, -44.8764], [168.1171, -44.8831], [168.1254, -44.8836], [168.1274, -44.8852], [168.1298, -44.9013], [168.1344, -44.9049], [168.1372, -44.9135], [168.1364, -44.9191], [168.1307, -44.9223], [168.1361, -44.9268], [168.1283, -44.9309], [168.1317, -44.934], [168.131, -44.938], [168.134, -44.9415], [168.148, -44.9436], [168.1493, -44.9483], [168.1524, -44.9483], [168.1611, -44.9527], [168.1761, -44.9663], [168.1764, -44.9712], [168.1735, -44.9768], [168.1746, -44.981], [168.1829, -44.9831], [168.2, -44.997], [168.2053, -44.9984], [168.2089, -45.0017], [168.2144, -45.0021], [168.2204, -45.0059], [168.2218, -45.0097], [168.2212, -45.0164], [168.2357, -45.0243], [168.2484, -45.0273], [168.2753, -45.0258], [168.2814, -45.0239], [168.286, -45.0203], [168.2857, -45.0173], [168.2891, -45.0152], [168.2959, -45.0138], [168.3003, -45.0152], [168.3097, -45.026], [168.309, -45.0279], [168.3026, -45.03], [168.2962, -45.038], [168.2914, -45.0405], [168.2945, -45.0464], [168.2982, -45.0484], [168.2986, -45.0522], [168.294, -45.0554], [168.2927, -45.0664], [168.2942, -45.0701], [168.2935, -45.0748], [168.2846, -45.0846], [168.2854, -45.0866], [168.2841, -45.0882], [168.2864, -45.0932], [168.2838, -45.1002], [168.2842, -45.1062], [168.2703, -45.1122], [168.2661, -45.119], [168.2455, -45.1262], [168.2362, -45.1338], [168.227, -45.1375], [168.2256, -45.1397], [168.217, -45.1444], [168.2229, -45.1469], [168.2248, -45.1494], [168.2281, -45.1493], [168.2342, -45.1532], [168.2394, -45.1544], [168.2383, -45.1608], [168.2361, -45.1626], [168.236, -45.1668], [168.2455, -45.1708], [168.2486, -45.1783], [168.2549, -45.1852], [168.2507, -45.1941], [168.2515, -45.1995], [168.2567, -45.2039], [168.2633, -45.2056], [168.2694, -45.21], [168.286, -45.2133], [168.2907, -45.2183], [168.297, -45.2215], [168.2996, -45.2212], [168.3008, -45.2248], [168.2997, -45.2278], [168.2949, -45.2356], [168.292, -45.2374], [168.2882, -45.2449], [168.2983, -45.2509], [168.307, -45.2604], [168.3078, -45.2667], [168.3046, -45.2723], [168.3027, -45.28], [168.3038, -45.2886], [168.3003, -45.2939], [168.3027, -45.2956], [168.3233, -45.3275], [168.4608, -45.3251], [168.5394, -45.3093], [168.5412, -45.3063], [168.5494, -45.3002], [168.5528, -45.2995], [168.5641, -45.2915], [168.5668, -45.2861], [168.5759, -45.2847], [168.584, -45.2785], [168.5937, -45.2808], [168.6076, -45.2778], [168.6174, -45.2718], [168.6201, -45.2663], [168.6331, -45.2618], [168.6493, -45.2457], [168.6587, -45.2465], [168.6683, -45.2429], [168.6741, -45.2431], [168.6834, -45.2477], [168.6838, -45.2515], [168.6802, -45.2566], [168.6805, -45.2597], [168.6901, -45.2726], [168.6873, -45.2758], [168.6874, -45.2821], [168.694, -45.292], [168.6917, -45.2971], [168.6978, -45.3119], [168.6909, -45.3365], [168.6922, -45.3397], [168.7197, -45.3491], [168.7516, -45.3676], [168.756, -45.3632], [168.7593, -45.3623], [168.7698, -45.3628], [168.7747, -45.3652], [168.7728, -45.371], [168.7751, -45.3773], [168.7725, -45.3832], [168.7739, -45.3918], [168.7687, -45.4031], [168.7739, -45.4148], [168.7739, -45.4205], [168.7778, -45.4244], [168.7797, -45.4336], [168.7787, -45.4366], [168.7825, -45.437], [168.7896, -45.4339], [168.7962, -45.4334], [168.8252, -45.4461], [168.8256, -45.4411], [168.8305, -45.4376], [168.854, -45.4321], [168.8601, -45.4383], [168.8588, -45.452], [168.8869, -45.4628], [168.8929, -45.457], [168.8996, -45.4556], [168.9068, -45.4495], [168.9596, -45.3591], [169.0128, -45.3035], [169.0677, -45.269], [169.0729, -45.2711], [169.0849, -45.2808], [169.0883, -45.2858], [169.0902, -45.2861], [169.0881, -45.287], [169.0882, -45.2908], [169.0928, -45.2982], [169.0993, -45.3199], [169.1057, -45.3219], [169.114, -45.3287], [169.1216, -45.3318], [169.1295, -45.3376], [169.1484, -45.339], [169.1547, -45.3494], [169.153, -45.3535], [169.1615, -45.3635], [169.1644, -45.3708], [169.1772, -45.3821], [169.1828, -45.3892], [169.1964, -45.3883], [169.1991, -45.393], [169.2093, -45.4024], [169.2109, -45.4172], [169.1996, -45.4343], [169.1835, -45.439], [169.1601, -45.4397], [169.1472, -45.4506], [169.146, -45.4556], [169.1402, -45.4643], [169.1419, -45.4709], [169.1365, -45.4833], [169.129, -45.5208], [169.1302, -45.5245], [169.1228, -45.5296], [169.1117, -45.5418], [169.099, -45.5807], [169.0935, -45.5869], [169.0808, -45.5956], [169.0777, -45.6014], [169.0736, -45.6044], [169.0655, -45.6221], [169.0658, -45.6275], [169.0635, -45.6296], [169.0587, -45.6411], [169.044, -45.6525], [169.0353, -45.6526], [169.0247, -45.6596], [169.0249, -45.6637], [169.0219, -45.6674], [169.0187, -45.6776], [169.0201, -45.6809], [169.018, -45.6883], [169.0189, -45.6898], [169.0054, -45.6984], [169.0076, -45.711], [169.0037, -45.7182], [169.0031, -45.7271], [169.0001, -45.726], [168.9934, -45.7285], [168.9945, -45.7372], [168.9981, -45.737], [169.002, -45.7388], [169.0046, -45.7496], [169.0035, -45.7958], [169.0135, -45.8036], [169.024, -45.8052], [169.0289, -45.8089], [169.0254, -45.8219], [169.0198, -45.8248], [169.0178, -45.8299], [169.012, -45.8341], [169.0088, -45.8443], [169.0055, -45.8479], [169.0052, -45.8635], [169.0504, -45.864], [169.0497, -45.8585], [169.0566, -45.8501], [169.0805, -45.8582], [169.0732, -45.865], [169.0745, -45.8711], [169.0822, -45.873], [169.0915, -45.8826], [169.0965, -45.8826], [169.0991, -45.8844], [169.0935, -45.892], [169.0914, -45.8913], [169.0902, -45.8939], [169.0889, -45.9], [169.0851, -45.906], [169.0848, -45.9167], [169.0765, -45.9196], [169.0752, -45.9216], [169.0769, -45.9226], [169.0734, -45.9247], [169.0821, -45.9295], [169.0846, -45.9338], [169.0904, -45.9376], [169.0972, -45.9386], [169.0991, -45.9412], [169.0997, -45.948], [169.0944, -45.9595], [169.0881, -45.9639], [169.0811, -45.9653], [169.0748, -45.9703], [169.0751, -45.9729], [169.0706, -45.9754], [169.0713, -45.9765], [169.0673, -45.9804], [169.0664, -45.983], [169.0681, -45.9836], [169.0666, -45.9853], [169.0714, -45.9885], [169.0708, -45.997], [169.0725, -45.9977], [169.0727, -46.0016], [169.0887, -46.0012], [169.1082, -45.9951], [169.1172, -46.0003], [169.1278, -46.0031], [169.0797, -46.0027], [169.0813, -46.0043], [169.0798, -46.0052], [169.0799, -46.0091], [169.083, -46.0114], [169.0818, -46.0144], [169.0888, -46.0178], [169.0882, -46.0216], [169.0896, -46.0242], [169.0983, -46.0291], [169.1036, -46.0368], [169.1193, -46.0372], [169.1285, -46.0417], [169.1362, -46.0481], [169.1533, -46.0487], [169.158, -46.0622], [169.1579, -46.0684], [169.1531, -46.0735], [169.138, -46.0781], [169.1356, -46.0854], [169.1484, -46.0855], [169.1483, -46.0923], [169.1581, -46.0924], [169.1633, -46.0958], [169.1579, -46.1067], [169.1622, -46.112], [169.1601, -46.1161], [169.1632, -46.1171], [169.1538, -46.1248], [169.1503, -46.1239], [169.1376, -46.1273], [169.1376, -46.1304], [169.1334, -46.1315], [169.1327, -46.1337], [169.1348, -46.1368], [169.1289, -46.1386], [169.1301, -46.1401], [169.1298, -46.1478], [169.1316, -46.1476], [169.1334, -46.1511], [169.1435, -46.1499], [169.151, -46.1546], [169.161, -46.1522], [169.1622, -46.1575], [169.1692, -46.161], [169.1596, -46.1757], [169.1621, -46.1812], [169.1704, -46.1828], [169.167, -46.1919], [169.1698, -46.1925], [169.1715, -46.1905], [169.174, -46.1906], [169.1751, -46.1885], [169.1858, -46.1893], [169.1873, -46.1903], [169.1838, -46.1924], [169.1819, -46.1957], [169.1896, -46.1956], [169.1983, -46.2004], [169.1981, -46.2127], [169.1863, -46.2233], [169.1863, -46.2305], [169.1962, -46.2376], [169.1918, -46.2472], [169.1857, -46.2548], [169.1883, -46.2588], [169.1886, -46.2618], [169.1859, -46.2666], [169.1892, -46.266], [169.189, -46.2799], [169.1769, -46.2857], [169.1839, -46.2914], [169.185, -46.2991], [169.1894, -46.3013], [169.1886, -46.3024], [169.1969, -46.3043], [169.1884, -46.3135], [169.1774, -46.3219], [169.1907, -46.3264], [169.1736, -46.3359], [169.1613, -46.3449], [169.1603, -46.3479], [169.1556, -46.3482], [169.1424, -46.3535], [169.1466, -46.356], [169.1463, -46.3591], [169.1374, -46.3662], [169.1362, -46.3741], [169.1341, -46.3754], [169.1442, -46.3824], [169.1611, -46.3818], [169.175, -46.3864], [169.1787, -46.3884], [169.1778, -46.3918], [169.1867, -46.3956], [169.196, -46.4044], [169.194, -46.4084], [169.1995, -46.4164], [169.1993, -46.4199], [169.1881, -46.4274], [169.1908, -46.4341], [169.1968, -46.4388], [169.1858, -46.4431], [169.1832, -46.4488], [169.1799, -46.4515], [169.1651, -46.4557], [169.1633, -46.4577], [169.1632, -46.4633]]]}, "properties": {"REGC2025_V1_00": "15", "REGC2025_V1_00_NAME": "Southland Region"}}, {"type": "Feature", "geometry": {"type": "Polygon", "coordinates": [[[173.2057, -41.2994], [173.1764, -41.3043], [173.1989, -41.3306], [173.2191, -41.3489], [173.2178, -41.3548], [173.2242, -41.3605], [173.232, -41.3627], [173.23, -41.3688], [173.2378, -41.3719], [173.2395, -41.3683], [173.2453, -41.3677], [173.2476, -41.3646], [173.2496, -41.3646], [173.248, -41.3705], [173.2564, -41.3822], [173.2639, -41.3819], [173.2722, -41.3787], [173.2974, -41.3931], [173.285, -41.4027], [173.2896, -41.4142], [173.2889, -41.4172], [173.2949, -41.4256], [173.2835, -41.4335], [173.2819, -41.4371], [173.2764, -41.4395], [173.2735, -41.4489], [173.2627, -41.4521], [173.2602, -41.4545], [173.2606, -41.4579], [173.2537, -41.4627], [173.2508, -41.4666], [173.2563, -41.469], [173.2626, -41.4764], [173.2685, -41.4798], [173.2734, -41.4848], [173.2747, -41.4888], [173.2889, -41.4933], [173.3041, -41.5059], [173.3039, -41.5087], [173.2986, -41.5157], [173.2871, -41.5183], [173.2795, -41.5165], [173.2642, -41.5219], [173.2553, -41.5212], [173.2493, -41.5245], [173.2377, -41.5227], [173.2339, -41.5196], [173.2301, -41.5206], [173.2156, -41.5182], [173.2037, -41.5203], [173.1964, -41.5261], [173.1863, -41.5288], [173.1784, -41.5273], [173.1724, -41.5241], [173.1687, -41.5312], [173.1746, -41.5425], [173.1697, -41.548], [173.1655, -41.5498], [173.1594, -41.565], [173.1552, -41.5683], [173.1535, -41.5733], [173.1546, -41.5789], [173.1516, -41.5855], [173.1396, -41.5901], [173.1321, -41.5897], [173.1291, -41.592], [173.1258, -41.6032], [173.1215, -41.608], [173.1035, -41.6103], [173.0988, -41.6177], [173.0893, -41.6242], [173.0756, -41.6253], [173.0672, -41.6236], [173.0588, -41.6256], [173.0576, -41.6279], [173.0582, -41.6317], [173.0536, -41.6377], [173.0537, -41.6431], [173.0553, -41.646], [173.054, -41.6519], [173.0582, -41.6605], [173.0574, -41.6685], [173.0038, -41.7248], [172.964, -41.7443], [172.9579, -41.7495], [172.9498, -41.7502], [172.9424, -41.7488], [172.9306, -41.7438], [172.926, -41.7484], [172.9262, -41.7577], [172.933, -41.7619], [172.9331, -41.7692], [172.9357, -41.7697], [172.9358, -41.7713], [172.9358, -41.7701], [172.9444, -41.7661], [172.9445, -41.7694], [172.9391, -41.7726], [172.9415, -41.7723], [172.9457, -41.7809], [172.93, -41.7874], [172.9263, -41.7939], [172.9173, -41.7983], [172.9078, -41.8087], [172.8969, -41.8162], [172.891, -41.8183], [172.8725, -41.844], [172.8726, -41.8503], [172.8681, -41.8552], [172.869, -41.8592], [172.8677, -41.8666], [172.8644, -41.8688], [172.8592, -41.8668], [172.8476, -41.8743], [172.8448, -41.8844], [172.8447, -41.8909], [172.8519, -41.8919], [172.8532, -41.8947], [172.86, -41.8976], [172.8647, -41.9089], [172.8618, -41.9161], [172.8611, -41.9225], [172.8529, -41.9274], [172.8472, -41.9425], [172.8372, -41.9471], [172.8222, -41.9508], [172.8081, -41.9581], [172.8116, -41.965], [172.8087, -41.9712], [172.8094, -41.975], [172.8038, -41.9816], [172.803, -41.9852], [172.7919, -41.9925], [172.7872, -41.9917], [172.779, -41.9981], [172.7782, -42.0022], [172.7814, -42.0044], [172.7833, -42.0089], [172.7733, -42.0222], [172.764, -42.0263], [172.7571, -42.036], [172.7502, -42.0327], [172.7462, -42.0337], [172.7391, -42.032], [172.7331, -42.0343], [172.734, -42.0406], [172.7315, -42.0535], [172.7353, -42.0579], [172.7319, -42.0643], [172.7316, -42.0696], [172.7255, -42.0741], [172.726, -42.0782], [172.7235, -42.0822], [172.7274, -42.0945], [172.7215, -42.1035], [172.7177, -42.1016], [172.7017, -42.1013], [172.691, -42.1066], [172.6867, -42.1042], [172.6846, -42.0924], [172.6814, -42.0885], [172.6784, -42.0879], [172.6713, -42.0913], [172.669, -42.0943], [172.6598, -42.0977], [172.6356, -42.1024], [172.6328, -42.1078], [172.6317, -42.1219], [172.641, -42.1326], [172.6346, -42.1375], [172.6281, -42.1402], [172.6118, -42.1581], [172.6121, -42.1611], [172.6096, -42.1664], [172.6121, -42.174], [172.6114, -42.1802], [172.6171, -42.1892], [172.6171, -42.1926], [172.6147, -42.1955], [172.6091, -42.1972], [172.6057, -42.2039], [172.5968, -42.208], [172.5927, -42.2131], [172.5882, -42.2156], [172.5835, -42.2168], [172.578, -42.2144], [172.575, -42.2157], [172.5692, -42.215], [172.5594, -42.22], [172.5453, -42.2385], [172.534, -42.2414], [172.5304, -42.2481], [172.5249, -42.2503], [172.5171, -42.2571], [172.5152, -42.264], [172.5023, -42.2684], [172.4864, -42.2659], [172.4784, -42.273], [172.479, -42.277], [172.4746, -42.2743], [172.4675, -42.2783], [172.4536, -42.2748], [172.4518, -42.2788], [172.4461, -42.2834], [172.4447, -42.2908], [172.4406, -42.2952], [172.4411, -42.2979], [172.4387, -42.3018], [172.4309, -42.3056], [172.4178, -42.3006], [172.4021, -42.2983], [172.3722, -42.2812], [172.3557, -42.281], [172.348, -42.2768], [172.3565, -42.2674], [172.3544, -42.2561], [172.3463, -42.254], [172.3454, -42.2492], [172.3406, -42.2439], [172.3344, -42.245], [172.3334, -42.2387], [172.3357, -42.2343], [172.3468, -42.227], [172.3494, -42.2223], [172.3441, -42.2143], [172.3428, -42.2084], [172.3438, -42.2009], [172.3397, -42.1977], [172.3416, -42.1932], [172.3395, -42.1903], [172.3412, -42.1806], [172.3451, -42.1758], [172.3409, -42.1695], [172.3404, -42.1626], [172.3373, -42.1611], [172.333, -42.1523], [172.3335, -42.1491], [172.332, -42.1506], [172.3254, -42.1506], [172.3162, -42.1479], [172.261, -42.1483], [172.2515, -42.1503], [172.252, -42.1444], [172.25, -42.1432], [172.2506, -42.1379], [172.2477, -42.1324], [172.235, -42.1336], [172.2327, -42.1316], [172.221, -42.1316], [172.2166, -42.1238], [172.218, -42.1149], [172.2056, -42.1145], [172.2059, -42.1106], [172.213, -42.1109], [172.215, -42.1091], [172.2138, -42.1074], [172.206, -42.105], [172.2067, -42.0983], [172.1942, -42.1017], [172.1873, -42.1056], [172.1743, -42.1002], [172.1704, -42.1013], [172.1682, -42.1039], [172.1352, -42.104], [172.1356, -42.1023], [172.1299, -42.0924], [172.133, -42.0844], [172.1325, -42.0806], [172.1214, -42.0751], [172.1165, -42.0756], [172.1196, -42.0727], [172.113, -42.0615], [172.109, -42.0589], [172.1091, -42.0554], [172.1049, -42.0489], [172.1057, -42.0446], [172.1119, -42.0383], [172.1124, -42.0335], [172.1181, -42.0289], [172.1168, -42.0268], [172.1174, -42.0209], [172.1204, -42.0167], [172.12, -42.0146], [172.116, -42.0121], [172.1044, -42.0129], [172.0817, -42.008], [172.0765, -42.002], [172.071, -41.9985], [172.0766, -41.9875], [172.0697, -41.9801], [172.0712, -41.9769], [172.0692, -41.9731], [172.0701, -41.9647], [172.0608, -41.9602], [172.0536, -41.9592], [172.0506, -41.9523], [172.0521, -41.9452], [172.056, -41.9393], [172.0602, -41.9368], [172.0656, -41.9365], [172.0683, -41.9295], [172.0726, -41.9269], [172.0774, -41.9205], [172.0725, -41.913], [172.0687, -41.9103], [172.0688, -41.9042], [172.0635, -41.8987], [172.0671, -41.8932], [172.0712, -41.893], [172.0784, -41.8965], [172.0854, -41.8931], [172.0929, -41.8919], [172.0949, -41.887], [172.093, -41.8838], [172.0938, -41.8744], [172.1032, -41.8689], [172.1157, -41.8684], [172.1163, -41.7892], [172.1051, -41.7893], [172.1041, -41.7864], [172.1, -41.7837], [172.1006, -41.7782], [172.0977, -41.7766], [172.0973, -41.7742], [172.1001, -41.7676], [172.1074, -41.7644], [172.1179, -41.7562], [172.1187, -41.7479], [172.124, -41.7423], [172.1246, -41.738], [172.1242, -41.7354], [172.12, -41.7351], [172.1158, -41.732], [172.119, -41.7255], [172.1249, -41.7225], [172.1291, -41.7141], [172.1392, -41.7158], [172.1441, -41.7117], [172.1504, -41.7108], [172.1515, -41.7042], [172.1553, -41.6997], [172.1611, -41.7027], [172.1745, -41.703], [172.1873, -41.6928], [172.1903, -41.6923], [172.1966, -41.6953], [172.2034, -41.6957], [172.2094, -41.6999], [172.2125, -41.696], [172.2123, -41.6896], [172.2136, -41.689], [172.2257, -41.6936], [172.2343, -41.6919], [172.2417, -41.7002], [172.2488, -41.7031], [172.2524, -41.7018], [172.2597, -41.6944], [172.2471, -41.6842], [172.2506, -41.6726], [172.2538, -41.668], [172.2518, -41.6632], [172.2432, -41.6603], [172.2402, -41.6554], [172.2392, -41.6526], [172.2412, -41.65], [172.2413, -41.6439], [172.2376, -41.6425], [172.2374, -41.6402], [172.2469, -41.6349], [172.2577, -41.6319], [172.2644, -41.6273], [172.2764, -41.6315], [172.2804, -41.6365], [172.291, -41.6348], [172.2944, -41.6304], [172.2925, -41.6258], [172.2931, -41.6239], [172.3038, -41.6161], [172.3205, -41.6104], [172.3276, -41.6035], [172.3304, -41.5996], [172.33, -41.596], [172.3345, -41.5836], [172.3318, -41.5721], [172.3274, -41.5659], [172.3268, -41.5603], [172.3447, -41.5552], [172.3457, -41.5449], [172.3438, -41.539], [172.3467, -41.5312], [172.3427, -41.5169], [172.343, -41.5115], [172.3526, -41.508], [172.3731, -41.4934], [172.3771, -41.4916], [172.3889, -41.4906], [172.3961, -41.4786], [172.4033, -41.4787], [172.4077, -41.4751], [172.4143, -41.4744], [172.4189, -41.4706], [172.4197, -41.4586], [172.4254, -41.4518], [172.4222, -41.4391], [172.4302, -41.4345], [172.4311, -41.429], [172.4291, -41.4252], [172.4222, -41.4249], [172.4188, -41.4225], [172.4154, -41.4163], [172.4161, -41.4124], [172.4194, -41.4105], [172.4386, -41.4081], [172.4612, -41.3944], [172.4627, -41.3963], [172.463, -41.4042], [172.4653, -41.4056], [172.4847, -41.4081], [172.4979, -41.4072], [172.5043, -41.4086], [172.5085, -41.4123], [172.5124, -41.4128], [172.5225, -41.4067], [172.5321, -41.4055], [172.5339, -41.4018], [172.5365, -41.4005], [172.5436, -41.4006], [172.5524, -41.3983], [172.5599, -41.3828], [172.5736, -41.377], [172.5783, -41.3786], [172.5843, -41.3763], [172.5865, -41.3646], [172.5818, -41.3586], [172.586, -41.3515], [172.5816, -41.3437], [172.5893, -41.3354], [172.5872, -41.3277], [172.5878, -41.3228], [172.5909, -41.3166], [172.5982, -41.3102], [172.6003, -41.3009], [172.5965, -41.2926], [172.5885, -41.2908], [172.5862, -41.2888], [172.5853, -41.2808], [172.5818, -41.2722], [172.5727, -41.2638], [172.5746, -41.258], [172.5803, -41.254], [172.6053, -41.2534], [172.6103, -41.2493], [172.6254, -41.243], [172.6368, -41.2452], [172.6579, -41.2392], [172.6621, -41.2321], [172.6781, -41.2223], [172.6822, -41.2171], [172.6908, -41.2113], [172.6921, -41.2], [172.683, -41.1928], [172.6731, -41.1882], [172.6683, -41.1895], [172.6642, -41.1946], [172.6566, -41.1925], [172.637, -41.1957], [172.6289, -41.1948], [172.6295, -41.1875], [172.6252, -41.1847], [172.6223, -41.1798], [172.6205, -41.1719], [172.621, -41.1645], [172.6185, -41.1604], [172.5968, -41.1481], [172.5917, -41.1377], [172.5852, -41.139], [172.5814, -41.137], [172.5736, -41.1252], [172.5672, -41.1228], [172.5608, -41.1169], [172.5529, -41.1024], [172.5435, -41.1014], [172.5335, -41.0964], [172.5229, -41.0968], [172.5197, -41.0956], [172.5181, -41.0909], [172.5226, -41.0817], [172.5133, -41.0669], [172.492, -41.0647], [172.489, -41.0576], [172.486, -41.0546], [172.4921, -41.0484], [172.4961, -41.041], [172.494, -41.0247], [172.4914, -41.0226], [172.4776, -41.0252], [172.4684, -41.0227], [172.4397, -41.0204], [172.4353, -41.0276], [172.4194, -41.0336], [172.4146, -41.0323], [172.4072, -41.0275], [172.3825, -41.0226], [172.3667, -41.0366], [172.3611, -41.0441], [172.3623, -41.0515], [172.3552, -41.0513], [172.3508, -41.0539], [172.3503, -41.0634], [172.3429, -41.0603], [172.3322, -41.0617], [172.3248, -41.0595], [172.3234, -41.0543], [172.331, -41.0457], [172.3337, -41.035], [172.3232, -41.0276], [172.3112, -41.0151], [172.3106, -41.0118], [172.3162, -41.0059], [172.3248, -40.9921], [172.3308, -40.9862], [172.3353, -40.9843], [172.3498, -40.9835], [172.3704, -40.9704], [172.3753, -40.9613], [172.383, -40.9553], [172.3863, -40.9501], [172.3811, -40.9455], [172.3766, -40.935], [172.3685, -40.9366], [172.3507, -40.9319], [172.3281, -40.9363], [172.3166, -40.9245], [172.3082, -40.9255], [172.3019, -40.9245], [172.294, -40.9195], [172.3007, -40.9146], [172.3012, -40.9107], [172.2974, -40.9054], [172.2938, -40.9027], [172.2884, -40.9038], [172.2815, -40.8989], [172.2899, -40.8859], [172.2905, -40.8792], [172.2883, -40.8756], [172.2678, -40.8712], [172.2636, -40.8663], [172.2631, -40.8596], [172.2614, -40.8587], [172.2529, -40.8612], [172.251, -40.869], [172.2471, -40.866], [172.2387, -40.8713], [172.234, -40.8694], [172.2304, -40.8639], [172.2312, -40.8592], [172.229, -40.856], [172.2321, -40.8534], [172.2305, -40.8501], [172.2381, -40.8453], [172.2402, -40.8416], [172.2382, -40.8297], [172.2428, -40.8263], [172.2402, -40.8248], [172.2463, -40.8185], [172.2456, -40.8147], [172.2487, -40.8078], [172.2481, -40.8049], [172.2348, -40.7922], [172.2239, -40.7848], [172.2182, -40.7777], [172.2178, -40.7745], [172.0307, -40.6284], [172.0509, -40.6151], [172.0754, -40.6022], [172.1035, -40.591], [172.1342, -40.5821], [172.1555, -40.5664], [172.1767, -40.5541], [172.2037, -40.5275], [172.2743, -40.4755], [172.2949, -40.4632], [172.3516, -40.4336], [172.3774, -40.4133], [172.3954, -40.4021], [172.4186, -40.3904], [172.4739, -40.3529], [172.498, -40.3404], [172.5316, -40.3261], [172.5968, -40.3079], [172.6371, -40.3015], [172.6949, -40.2983], [172.7478, -40.3025], [172.7848, -40.2999], [172.84, -40.3018], [172.8891, -40.3088], [172.9257, -40.3112], [173.0035, -40.3217], [173.0731, -40.339], [173.0968, -40.3465], [173.1352, -40.3619], [173.1677, -40.3779], [173.2152, -40.4068], [173.2409, -40.4247], [173.2732, -40.4506], [173.2899, -40.4676], [173.3038, -40.4852], [173.328, -40.5252], [173.337, -40.5498], [173.3417, -40.5732], [173.3428, -40.5959], [173.3402, -40.6205], [173.3319, -40.6491], [173.289, -40.7492], [173.361, -40.8054], [173.2238, -41.2428], [173.2181, -41.2435], [173.2147, -41.247], [173.2156, -41.2512], [173.2203, -41.2538], [173.2057, -41.2994]]]}, "properties": {"REGC2025_V1_00": "16", "REGC2025_V1_00_NAME": "Tasman Region"}}, {"type": "Feature", "geometry": {"type": "Polygon", "coordinates": [[[173.232, -41.3627], [173.2242, -41.3605], [173.2178, -41.3548], [173.2191, -41.3489], [173.1989, -41.3306], [173.1764, -41.3043], [173.2058, -41.2993], [173.2203, -41.2538], [173.2156, -41.2512], [173.2147, -41.247], [173.2181, -41.2435], [173.2238, -41.2428], [173.361, -40.8054], [173.4562, -40.8793], [173.5007, -40.8629], [173.597, -41.0581], [173.5961, -41.0633], [173.5987, -41.068], [173.5986, -41.0711], [173.5919, -41.0784], [173.5939, -41.0804], [173.5965, -41.0894], [173.5882, -41.1001], [173.5873, -41.1039], [173.59, -41.1085], [173.5834, -41.1189], [173.5799, -41.1208], [173.5791, -41.1241], [173.5808, -41.1313], [173.5786, -41.1359], [173.5819, -41.1466], [173.5782, -41.1517], [173.5813, -41.1553], [173.5793, -41.1593], [173.5809, -41.164], [173.5763, -41.1714], [173.5744, -41.1837], [173.5691, -41.187], [173.5684, -41.1897], [173.5625, -41.191], [173.5582, -41.1898], [173.557, -41.1917], [173.5439, -41.1898], [173.5343, -41.1959], [173.523, -41.198], [173.5201, -41.2], [173.522, -41.2066], [173.5204, -41.2066], [173.5192, -41.2105], [173.5158, -41.2139], [173.4877, -41.2216], [173.4834, -41.2259], [173.4761, -41.229], [173.4727, -41.2341], [173.4711, -41.2428], [173.4605, -41.2502], [173.4557, -41.2561], [173.4417, -41.2643], [173.4401, -41.2695], [173.437, -41.2729], [173.4155, -41.2888], [173.421, -41.2998], [173.4191, -41.3052], [173.4209, -41.3077], [173.4204, -41.3101], [173.4166, -41.3134], [173.4175, -41.3175], [173.4147, -41.3231], [173.4068, -41.331], [173.376, -41.3423], [173.3607, -41.3532], [173.3572, -41.361], [173.3406, -41.3784], [173.3375, -41.3855], [173.3217, -41.3869], [173.3046, -41.3933], [173.2974, -41.3931], [173.2722, -41.3787], [173.2639, -41.3819], [173.2564, -41.3822], [173.248, -41.3705], [173.2496, -41.3646], [173.2476, -41.3646], [173.2453, -41.3677], [173.2396, -41.3683], [173.238, -41.3718], [173.2356, -41.372], [173.23, -41.3688], [173.232, -41.3627]]]}, "properties": {"REGC2025_V1_00": "17", "REGC2025_V1_00_NAME": "Nelson Region"}}, {"type": "Feature", "geometry": {"type": "Polygon", "coordinates": [[[173.5939, -41.0511], [173.5007, -40.8629], [173.5031, -40.8585], [173.5092, -40.8328], [173.5186, -40.8065], [173.5255, -40.7776], [173.5358, -40.7533], [173.5471, -40.7346], [173.5728, -40.7005], [173.5826, -40.6788], [173.595, -40.659], [173.611, -40.6396], [173.624, -40.6267], [173.6563, -40.602], [173.7233, -40.5607], [173.7493, -40.5491], [173.7714, -40.5412], [173.7926, -40.5279], [173.8224, -40.5133], [173.8433, -40.5001], [173.8701, -40.4869], [173.9024, -40.475], [173.9403, -40.466], [173.9656, -40.4624], [174.0048, -40.4608], [174.037, -40.4628], [174.0753, -40.4693], [174.1041, -40.4774], [174.1353, -40.4896], [174.1631, -40.5043], [174.189, -40.5221], [174.2075, -40.5377], [174.2266, -40.5573], [174.2482, -40.5865], [174.2572, -40.6035], [174.2655, -40.6253], [174.2715, -40.6567], [174.2858, -40.6737], [174.2979, -40.692], [174.3075, -40.7108], [174.3146, -40.7305], [174.3468, -40.7559], [174.373, -40.7855], [174.4203, -40.7949], [174.4449, -40.8028], [174.4695, -40.813], [174.4907, -40.8242], [174.512, -40.8381], [174.5426, -40.8643], [174.5733, -40.8778], [174.6035, -40.8959], [174.5592, -41.0242], [174.5148, -41.2157], [174.388, -41.4272], [174.413, -41.4694], [174.395, -41.4804], [174.4063, -41.5052], [174.4126, -41.5282], [174.4202, -41.5434], [174.44, -41.5528], [174.4645, -41.5674], [174.4954, -41.5922], [174.5076, -41.6044], [174.5308, -41.6328], [174.5432, -41.651], [174.5517, -41.667], [174.5573, -41.6803], [174.5631, -41.7001], [174.5677, -41.7361], [174.5659, -41.7665], [174.5607, -41.7886], [174.5561, -41.8009], [174.5414, -41.8291], [174.5255, -41.851], [174.5111, -41.8677], [174.4812, -41.8935], [174.4477, -41.9142], [174.4272, -41.9443], [174.385, -41.9886], [174.3675, -42.0045], [174.3403, -42.0237], [174.2974, -42.0732], [174.2641, -42.0992], [174.0477, -41.9682], [174.0499, -41.9638], [174.0603, -41.9544], [174.0612, -41.9448], [174.0575, -41.9392], [174.0634, -41.9347], [174.0546, -41.9337], [174.0549, -41.9323], [174.0494, -41.9291], [174.0461, -41.9295], [174.0426, -41.9335], [174.0389, -41.9349], [174.0355, -41.9348], [174.0292, -41.9312], [174.0223, -41.9386], [174.0196, -41.9395], [174.0036, -41.9321], [173.9772, -41.9334], [173.9794, -41.9256], [173.9699, -41.9262], [173.9653, -41.9229], [173.9588, -41.9085], [173.9544, -41.9132], [173.944, -41.9122], [173.9306, -41.9208], [173.9239, -41.9211], [173.924, -41.9197], [173.9193, -41.918], [173.9176, -41.9155], [173.9146, -41.9152], [173.8765, -41.9267], [173.8588, -41.9296], [173.8512, -41.9331], [173.8496, -41.9317], [173.8339, -41.9304], [173.8173, -41.933], [173.8129, -41.9361], [173.8075, -41.9446], [173.7931, -41.9531], [173.7895, -41.9582], [173.7669, -41.9218], [173.754, -41.9145], [173.7621, -41.9119], [173.7444, -41.9074], [173.7367, -41.9113], [173.7343, -41.9149], [173.7286, -41.9186], [173.7284, -41.9213], [173.7234, -41.9269], [173.7237, -41.9316], [173.7173, -41.9354], [173.7143, -41.9405], [173.7156, -41.9475], [173.7135, -41.9504], [173.7189, -41.9566], [173.718, -41.9585], [173.7205, -41.9593], [173.7202, -41.9608], [173.7115, -41.9642], [173.7003, -41.972], [173.682, -41.9743], [173.6761, -41.9796], [173.6632, -41.9821], [173.6601, -41.9866], [173.6608, -41.9908], [173.6634, -41.9931], [173.6628, -41.9959], [173.6582, -41.9971], [173.6571, -41.9993], [173.6453, -42.0043], [173.6381, -42.0094], [173.6319, -42.0085], [173.6242, -42.0107], [173.6186, -42.0062], [173.6097, -42.0045], [173.607, -42.0077], [173.6038, -42.0176], [173.6006, -42.0202], [173.6008, -42.023], [173.5966, -42.0249], [173.5945, -42.0293], [173.5822, -42.0291], [173.5713, -42.033], [173.5639, -42.0417], [173.5551, -42.0459], [173.5531, -42.0535], [173.5474, -42.0569], [173.5447, -42.0612], [173.5468, -42.0698], [173.5404, -42.0683], [173.5335, -42.07], [173.5177, -42.0694], [173.4991, -42.0787], [173.4945, -42.0856], [173.4909, -42.0881], [173.4865, -42.0976], [173.484, -42.0994], [173.4853, -42.104], [173.4882, -42.1068], [173.4865, -42.1104], [173.4766, -42.1165], [173.4697, -42.1157], [173.4631, -42.1178], [173.4668, -42.1208], [173.467, -42.1251], [173.4721, -42.1337], [173.4713, -42.1383], [173.4734, -42.1425], [173.4738, -42.1506], [173.4779, -42.153], [173.4761, -42.1557], [173.478, -42.163], [173.4828, -42.1661], [173.4805, -42.1723], [173.4814, -42.176], [173.4848, -42.1786], [173.4841, -42.1815], [173.4799, -42.1791], [173.464, -42.1798], [173.4659, -42.1914], [173.4645, -42.1957], [173.4569, -42.1987], [173.4496, -42.1989], [173.4434, -42.2021], [173.4407, -42.2046], [173.44, -42.2113], [173.4375, -42.214], [173.4323, -42.2138], [173.4216, -42.2091], [173.417, -42.2105], [173.4037, -42.2196], [173.3917, -42.222], [173.3877, -42.2179], [173.3843, -42.217], [173.3756, -42.2238], [173.3687, -42.224], [173.3672, -42.2291], [173.3691, -42.2333], [173.3757, -42.233], [173.3732, -42.2368], [173.3681, -42.2356], [173.3614, -42.2377], [173.3571, -42.2367], [173.356, -42.2417], [173.3511, -42.2427], [173.3443, -42.2396], [173.3481, -42.2341], [173.3458, -42.2289], [173.3415, -42.2279], [173.3392, -42.2302], [173.3399, -42.2333], [173.3375, -42.2364], [173.3378, -42.241], [173.3333, -42.2466], [173.3248, -42.2471], [173.3122, -42.2504], [173.3053, -42.2486], [173.3038, -42.2461], [173.2965, -42.248], [173.2958, -42.2498], [173.302, -42.2563], [173.2959, -42.2658], [173.2698, -42.2843], [173.2607, -42.2889], [173.255, -42.2957], [173.2445, -42.3031], [173.2359, -42.3047], [173.2166, -42.3151], [173.2072, -42.3171], [173.2057, -42.3226], [173.2072, -42.3307], [173.205, -42.334], [173.1921, -42.3316], [173.191, -42.3358], [173.1865, -42.3347], [173.1832, -42.3368], [173.1825, -42.3397], [173.1842, -42.3449], [173.1807, -42.3464], [173.2259, -42.3463], [173.2433, -42.3561], [173.2355, -42.3546], [173.2238, -42.3567], [173.2188, -42.3643], [173.2215, -42.3748], [173.2207, -42.3801], [173.2171, -42.3821], [173.2091, -42.3831], [173.2049, -42.3887], [173.2058, -42.3914], [173.2033, -42.3976], [173.1901, -42.4104], [173.1697, -42.4155], [173.1643, -42.4185], [173.1599, -42.4255], [173.1607, -42.4304], [173.1523, -42.4496], [173.1433, -42.4513], [173.1356, -42.4502], [173.1253, -42.4512], [173.1194, -42.4503], [173.1116, -42.4459], [173.1062, -42.4477], [173.1003, -42.4584], [173.0958, -42.4608], [173.0761, -42.4609], [173.0766, -42.4682], [173.0692, -42.4807], [173.0569, -42.4872], [173.0503, -42.4878], [173.0371, -42.4843], [173.0349, -42.4789], [173.0393, -42.4708], [173.0331, -42.4652], [173.0333, -42.4583], [173.0158, -42.447], [173.0085, -42.4456], [172.9989, -42.4524], [172.9865, -42.4507], [172.9823, -42.452], [172.9695, -42.4487], [172.9749, -42.4437], [172.9758, -42.4397], [172.9747, -42.4371], [172.9764, -42.4335], [172.9833, -42.4333], [172.9865, -42.425], [172.9847, -42.4194], [172.9897, -42.4138], [172.9931, -42.4035], [173.001, -42.3995], [173.0029, -42.3933], [172.9881, -42.3916], [172.9785, -42.3957], [172.9745, -42.3953], [172.9414, -42.3778], [172.9382, -42.373], [172.9411, -42.3678], [172.9409, -42.3596], [172.9438, -42.3513], [172.9249, -42.3505], [172.9196, -42.3459], [172.9182, -42.3296], [172.922, -42.3258], [172.9173, -42.318], [172.915, -42.3093], [172.9073, -42.3083], [172.8993, -42.311], [172.8959, -42.3146], [172.8894, -42.3099], [172.8736, -42.3139], [172.8695, -42.3177], [172.8553, -42.3103], [172.8469, -42.3079], [172.8433, -42.2984], [172.8423, -42.2896], [172.8447, -42.2844], [172.8509, -42.2822], [172.8528, -42.2756], [172.857, -42.2733], [172.8592, -42.2699], [172.8615, -42.2659], [172.8609, -42.2572], [172.8635, -42.2562], [172.8535, -42.2528], [172.8266, -42.2482], [172.8252, -42.2415], [172.8261, -42.2381], [172.8242, -42.2347], [172.8254, -42.2295], [172.8223, -42.2236], [172.8227, -42.2087], [172.8251, -42.2025], [172.8298, -42.2013], [172.8314, -42.199], [172.8324, -42.1927], [172.8344, -42.1901], [172.8321, -42.1845], [172.821, -42.1827], [172.8149, -42.1852], [172.8104, -42.1893], [172.8069, -42.1895], [172.7958, -42.1796], [172.7949, -42.1714], [172.7991, -42.1647], [172.7938, -42.1617], [172.7857, -42.1625], [172.7814, -42.1675], [172.777, -42.1669], [172.7496, -42.1724], [172.7435, -42.1678], [172.7301, -42.1658], [172.7216, -42.1587], [172.7188, -42.1491], [172.7188, -42.1396], [172.726, -42.1347], [172.7226, -42.1276], [172.7249, -42.1223], [172.7187, -42.1151], [172.7186, -42.1128], [172.7216, -42.1028], [172.7274, -42.0945], [172.7235, -42.0822], [172.726, -42.0782], [172.7255, -42.0741], [172.7316, -42.0696], [172.7319, -42.0643], [172.7353, -42.0579], [172.7315, -42.0535], [172.734, -42.0406], [172.733, -42.0345], [172.7391, -42.032], [172.7462, -42.0337], [172.7502, -42.0327], [172.7571, -42.036], [172.764, -42.0263], [172.7733, -42.0222], [172.7833, -42.0089], [172.7814, -42.0044], [172.7782, -42.0022], [172.779, -41.9981], [172.7872, -41.9917], [172.7919, -41.9925], [172.803, -41.9852], [172.8038, -41.9816], [172.8094, -41.975], [172.8087, -41.9712], [172.8116, -41.965], [172.8081, -41.9581], [172.8222, -41.9508], [172.8371, -41.9472], [172.8472, -41.9426], [172.8529, -41.9274], [172.8611, -41.9225], [172.8618, -41.9161], [172.8647, -41.9089], [172.86, -41.8976], [172.8532, -41.8947], [172.8519, -41.8919], [172.8447, -41.8909], [172.8448, -41.8844], [172.8476, -41.8743], [172.8592, -41.8668], [172.8644, -41.8688], [172.8677, -41.8666], [172.869, -41.8592], [172.8681, -41.8552], [172.8726, -41.8503], [172.8725, -41.844], [172.891, -41.8183], [172.8969, -41.8162], [172.9078, -41.8087], [172.9173, -41.7983], [172.9263, -41.7939], [172.93, -41.7874], [172.9457, -41.7809], [172.9415, -41.7723], [172.9391, -41.7726], [172.9445, -41.7694], [172.9444, -41.7661], [172.9358, -41.7701], [172.9363, -41.7712], [172.9331, -41.7692], [172.933, -41.7619], [172.9262, -41.7577], [172.926, -41.7484], [172.9306, -41.7438], [172.9424, -41.7488], [172.9498, -41.7502], [172.9579, -41.7495], [172.964, -41.7443], [173.0038, -41.7248], [173.0574, -41.6685], [173.0582, -41.6605], [173.054, -41.6519], [173.0553, -41.646], [173.0537, -41.6431], [173.0536, -41.6377], [173.0582, -41.6317], [173.0576, -41.6279], [173.0588, -41.6256], [173.0672, -41.6236], [173.0756, -41.6253], [173.0893, -41.6242], [173.0988, -41.6177], [173.1035, -41.6103], [173.1215, -41.608], [173.1258, -41.6032], [173.1291, -41.592], [173.1321, -41.5897], [173.1396, -41.5901], [173.1514, -41.5857], [173.1539, -41.582], [173.1547, -41.575], [173.1535, -41.5732], [173.1552, -41.5683], [173.1594, -41.565], [173.1655, -41.5498], [173.1697, -41.548], [173.1746, -41.5425], [173.1687, -41.5312], [173.1724, -41.5241], [173.1784, -41.5273], [173.1863, -41.5288], [173.1964, -41.5261], [173.2037, -41.5203], [173.2156, -41.5182], [173.2301, -41.5206], [173.2339, -41.5196], [173.2377, -41.5227], [173.2493, -41.5245], [173.2553, -41.5212], [173.2642, -41.5219], [173.2795, -41.5165], [173.2871, -41.5183], [173.2986, -41.5157], [173.3039, -41.5087], [173.3041, -41.5059], [173.2889, -41.4933], [173.2747, -41.4888], [173.2734, -41.4848], [173.2685, -41.4798], [173.2626, -41.4764], [173.2563, -41.469], [173.2508, -41.4666], [173.2537, -41.4627], [173.2606, -41.4579], [173.2602, -41.4545], [173.2627, -41.4521], [173.2735, -41.4489], [173.2764, -41.4395], [173.2819, -41.4371], [173.2835, -41.4335], [173.2949, -41.4256], [173.2889, -41.4172], [173.2896, -41.4142], [173.285, -41.4027], [173.2975, -41.3931], [173.3045, -41.3934], [173.3216, -41.387], [173.3375, -41.3855], [173.3406, -41.3784], [173.3572, -41.361], [173.3607, -41.3532], [173.376, -41.3423], [173.4068, -41.331], [173.4148, -41.3231], [173.4175, -41.3175], [173.4166, -41.3134], [173.4208, -41.3084], [173.4191, -41.3052], [173.421, -41.2998], [173.4155, -41.2888], [173.437, -41.2729], [173.4401, -41.2695], [173.4417, -41.2643], [173.4557, -41.2561], [173.4605, -41.2502], [173.4711, -41.2428], [173.4727, -41.2341], [173.4762, -41.2289], [173.4834, -41.2259], [173.4877, -41.2216], [173.5158, -41.2139], [173.5192, -41.2105], [173.5204, -41.2066], [173.522, -41.2066], [173.5201, -41.2], [173.5223, -41.1983], [173.5343, -41.1959], [173.5439, -41.1898], [173.557, -41.1917], [173.5582, -41.1898], [173.5625, -41.191], [173.5674, -41.19], [173.5691, -41.187], [173.5744, -41.1837], [173.5763, -41.1714], [173.5809, -41.164], [173.5793, -41.1593], [173.5813, -41.1553], [173.5782, -41.1517], [173.5819, -41.1466], [173.5786, -41.1359], [173.5808, -41.1313], [173.5791, -41.1241], [173.5799, -41.1208], [173.5834, -41.1189], [173.59, -41.1085], [173.5873, -41.1039], [173.5882, -41.1001], [173.5966, -41.0891], [173.5939, -41.0804], [173.5919, -41.0784], [173.5979, -41.0726], [173.5988, -41.0696], [173.5961, -41.0633], [173.597, -41.0581], [173.5939, -41.0511]]]}, "properties": {"REGC2025_V1_00": "18", "REGC2025_V1_00_NAME": "Marlborough Region"}}]}