{
  "type": "FeatureCollection",
  "features": [
    {
      "type": "Feature",
      "id": "area-northland-puketi-omahuta-core",
      "properties": {
        "areaId": "area-northland-puketi-omahuta-core",
        "name": "Puketī–Ōmahuta Forest core conservation land",
        "areaType": "FOREST",
        "region": "Northland Region",
        "boundaryStatus": "DERIVED_AUTHORITATIVE_COMPONENTS",
        "geometryStatus": "STAGED",
        "authority": "Department of Conservation Te Papa Atawhai",
        "componentCount": 4,
        "recordedComponentAreaHa": 15914.1,
        "scopeNote": "Union of four verified current DOC units only; not asserted to equal the full historic Puketī/Ōmahuta hunting complex."
      },
      "geometry": {
        "type": "MultiPolygon",
        "coordinates": [
          [
            [
              [
                173.632872216051,
                -35.271400398604
              ],
              [
                173.627746550223,
                -35.2624752993795
              ],
              [
                173.6347128005,
                -35.2597789662329
              ],
              [
                173.636379016661,
                -35.2623923821485
              ],
              [
                173.644277483312,
                -35.2603700662688
              ],
              [
                173.643167282714,
                -35.2659937827199
              ],
              [
                173.639641617173,
                -35.2675369662987
              ],
              [
                173.640254233852,
                -35.2684918152954
              ],
              [
                173.632872216051,
                -35.271400398604
              ]
            ]
          ],
          [
            [
              [
                173.602725882562,
                -35.2801994317355
              ],
              [
                173.602111399913,
                -35.280306715811
              ],
              [
                173.602053117444,
                -35.2804080821439
              ],
              [
                173.600423083056,
                -35.2795719658338
              ],
              [
                173.599589417009,
                -35.2786908326389
              ],
              [
                173.599825349958,
                -35.2780821322129
              ],
              [
                173.599659283689,
                -35.2775510156713
              ],
              [
                173.603413533756,
                -35.2765995159445
              ],
              [
                173.607061149536,
                -35.2777160487189
              ],
              [
                173.609416600765,
                -35.2771223824415
              ],
              [
                173.609409133207,
                -35.2774948658425
              ],
              [
                173.60962881606,
                -35.2773133497279
              ],
              [
                173.609632766155,
                -35.2766601658141
              ],
              [
                173.611750716026,
                -35.2727504824287
              ],
              [
                173.613530733139,
                -35.2701037322266
              ],
              [
                173.613180882956,
                -35.2682815325559
              ],
              [
                173.602389316105,
                -35.2697587822512
              ],
              [
                173.602236183166,
                -35.2693340825742
              ],
              [
                173.601742367471,
                -35.2688874659716
              ],
              [
                173.601234416713,
                -35.2686086485333
              ],
              [
                173.600974550321,
                -35.2687473658058
              ],
              [
                173.600474732715,
                -35.2687029651392
              ],
              [
                173.600262400767,
                -35.2687863662839
              ],
              [
                173.600525467114,
                -35.268266132477
              ],
              [
                173.600779666791,
                -35.2681986821235
              ],
              [
                173.601290699892,
                -35.2682062820452
              ],
              [
                173.602089750262,
                -35.2678728163563
              ],
              [
                173.602025899245,
                -35.2675213830787
              ],
              [
                173.602165683374,
                -35.2673646486207
              ],
              [
                173.601948100094,
                -35.2671584820466
              ],
              [
                173.601917700272,
                -35.2668643990879
              ],
              [
                173.601571516345,
                -35.266775849263
              ],
              [
                173.60157438318,
                -35.2666976992622
              ],
              [
                173.601890300384,
                -35.2663634486112
              ],
              [
                173.602735983224,
                -35.2659073822322
              ],
              [
                173.603427550381,
                -35.2666379323365
              ],
              [
                173.604350116877,
                -35.2660218653303
              ],
              [
                173.603519784067,
                -35.2653743990022
              ],
              [
                173.604083817289,
                -35.2647962822002
              ],
              [
                173.604258883637,
                -35.2642820825318
              ],
              [
                173.603999899917,
                -35.2641146824557
              ],
              [
                173.603843583251,
                -35.2634285324133
              ],
              [
                173.603022100099,
                -35.262930898489
              ],
              [
                173.602384566975,
                -35.2628417322502
              ],
              [
                173.602150766709,
                -35.2628739654737
              ],
              [
                173.601603999924,
                -35.2625675486554
              ],
              [
                173.60098406741,
                -35.262574081965
              ],
              [
                173.600088299862,
                -35.26204366612
              ],
              [
                173.599633083213,
                -35.2620772827286
              ],
              [
                173.599434949856,
                -35.2619790661019
              ],
              [
                173.599457549817,
                -35.2617399652001
              ],
              [
                173.599161899471,
                -35.2614329159153
              ],
              [
                173.598648099511,
                -35.2614276161676
              ],
              [
                173.598438533889,
                -35.2615477821213
              ],
              [
                173.59826551735,
                -35.2614540992586
              ],
              [
                173.598050933208,
                -35.2610801323988
              ],
              [
                173.597799800369,
                -35.2609246319283
              ],
              [
                173.597408850555,
                -35.2609281488565
              ],
              [
                173.597272116414,
                -35.260848131743
              ],
              [
                173.597152416152,
                -35.2605267330669
              ],
              [
                173.596069999472,
                -35.259654431866
              ],
              [
                173.595459316648,
                -35.2594450484684
              ],
              [
                173.595010266692,
                -35.2596335996128
              ],
              [
                173.594091299362,
                -35.25966393219
              ],
              [
                173.592948849976,
                -35.2605536656192
              ],
              [
                173.591927717122,
                -35.2605897987804
              ],
              [
                173.591477333727,
                -35.260786565875
              ],
              [
                173.590878150348,
                -35.2606785657392
              ],
              [
                173.590721516638,
                -35.260837382209
              ],
              [
                173.587149066336,
                -35.259822749641
              ],
              [
                173.58747986614,
                -35.2566903492743
              ],
              [
                173.585632333888,
                -35.2541936997646
              ],
              [
                173.585225966626,
                -35.2525569486175
              ],
              [
                173.587662899191,
                -35.2505543654034
              ],
              [
                173.590261466023,
                -35.2523447327444
              ],
              [
                173.592075799668,
                -35.2526835494547
              ],
              [
                173.595257632661,
                -35.2550436989975
              ],
              [
                173.597820666646,
                -35.2548251658081
              ],
              [
                173.600489817298,
                -35.2534695324848
              ],
              [
                173.600015832996,
                -35.2512824317518
              ],
              [
                173.601739265898,
                -35.2517096655471
              ],
              [
                173.603139149738,
                -35.2495443662959
              ],
              [
                173.603077499643,
                -35.248612765884
              ],
              [
                173.601333082916,
                -35.2466965823892
              ],
              [
                173.600621883139,
                -35.2449563486677
              ],
              [
                173.594807049252,
                -35.2420219989055
              ],
              [
                173.595304849252,
                -35.2397179820107
              ],
              [
                173.59525468315,
                -35.2385661989488
              ],
              [
                173.592501833451,
                -35.2362720823696
              ],
              [
                173.592823999258,
                -35.2373711162502
              ],
              [
                173.592738616487,
                -35.2398478493687
              ],
              [
                173.594040482992,
                -35.2411059327095
              ],
              [
                173.592787433704,
                -35.2417252161729
              ],
              [
                173.590929300453,
                -35.242910248883
              ],
              [
                173.591406500411,
                -35.2415588318173
              ],
              [
                173.591197032895,
                -35.2406691818299
              ],
              [
                173.591251250527,
                -35.2400343989145
              ],
              [
                173.591934366902,
                -35.239196632985
              ],
              [
                173.591799699301,
                -35.2382166992772
              ],
              [
                173.590937033162,
                -35.2367576989052
              ],
              [
                173.591430182825,
                -35.2367319985541
              ],
              [
                173.591641616705,
                -35.2369001489083
              ],
              [
                173.591894717147,
                -35.2369066326403
              ],
              [
                173.592047532776,
                -35.2365392993843
              ],
              [
                173.592314433105,
                -35.2363125992319
              ],
              [
                173.592176033268,
                -35.2359776330432
              ],
              [
                173.591609099435,
                -35.2356753492536
              ],
              [
                173.591584333364,
                -35.2355860656553
              ],
              [
                173.591695849667,
                -35.2355425990743
              ],
              [
                173.591965967305,
                -35.2355976322917
              ],
              [
                173.592593450095,
                -35.236188399499
              ],
              [
                173.593083650426,
                -35.2364293319752
              ],
              [
                173.594006282678,
                -35.2371454320669
              ],
              [
                173.594581533642,
                -35.2374670319544
              ],
              [
                173.595420500191,
                -35.2388090656367
              ],
              [
                173.596255799656,
                -35.2394426490556
              ],
              [
                173.596427883263,
                -35.2398080657494
              ],
              [
                173.596242332862,
                -35.2405431988457
              ],
              [
                173.596505833249,
                -35.2410317652612
              ],
              [
                173.596557633951,
                -35.2413640159873
              ],
              [
                173.596488533295,
                -35.2416591159776
              ],
              [
                173.596849100074,
                -35.2424821661824
              ],
              [
                173.597136866645,
                -35.2426546658693
              ],
              [
                173.597631916227,
                -35.2431730663403
              ],
              [
                173.598141966626,
                -35.2433363324878
              ],
              [
                173.598309450271,
                -35.2435270491051
              ],
              [
                173.598296617438,
                -35.243702482484
              ],
              [
                173.598378100606,
                -35.2438043656923
              ],
              [
                173.598930833481,
                -35.2438319491461
              ],
              [
                173.599240117153,
                -35.2437823318725
              ],
              [
                173.599710132569,
                -35.2436030161851
              ],
              [
                173.599797632674,
                -35.2436488997412
              ],
              [
                173.599825550264,
                -35.2437684491625
              ],
              [
                173.599960149946,
                -35.2438096826709
              ],
              [
                173.600090999848,
                -35.2437635318941
              ],
              [
                173.600064499353,
                -35.243708382409
              ],
              [
                173.599945215933,
                -35.2437292158437
              ],
              [
                173.599785949941,
                -35.2435454326691
              ],
              [
                173.599651183301,
                -35.2435133988437
              ],
              [
                173.599196533116,
                -35.2437099326682
              ],
              [
                173.598485116792,
                -35.2437720988019
              ],
              [
                173.598420966556,
                -35.2437231656395
              ],
              [
                173.598347799702,
                -35.2433699661264
              ],
              [
                173.598004600327,
                -35.2431830159527
              ],
              [
                173.597614516534,
                -35.2430677995383
              ],
              [
                173.596973949945,
                -35.2424724992372
              ],
              [
                173.596806283326,
                -35.2422505325914
              ],
              [
                173.596600732968,
                -35.2415839326343
              ],
              [
                173.596599550403,
                -35.2410198320071
              ],
              [
                173.596340366605,
                -35.2404680494551
              ],
              [
                173.596518417143,
                -35.2399735326939
              ],
              [
                173.59643265013,
                -35.2395781162168
              ],
              [
                173.596233417147,
                -35.2393230993778
              ],
              [
                173.595609167146,
                -35.2389052991777
              ],
              [
                173.595421099635,
                -35.2387038658699
              ],
              [
                173.595251167061,
                -35.238314516072
              ],
              [
                173.594622449794,
                -35.2373965827972
              ],
              [
                173.594164483428,
                -35.2371307658876
              ],
              [
                173.59399158382,
                -35.2369408154992
              ],
              [
                173.593634200198,
                -35.2367766321876
              ],
              [
                173.593225499551,
                -35.2364286656779
              ],
              [
                173.592710499776,
                -35.236167531971
              ],
              [
                173.59186361703,
                -35.2354327993231
              ],
              [
                173.591607033845,
                -35.2354624660628
              ],
              [
                173.591503650036,
                -35.2355768993282
              ],
              [
                173.591525666987,
                -35.235659315561
              ],
              [
                173.592092400426,
                -35.2360119656751
              ],
              [
                173.592228183303,
                -35.236227348752
              ],
              [
                173.592114233001,
                -35.2364191489648
              ],
              [
                173.591944633424,
                -35.2365279490208
              ],
              [
                173.591919700358,
                -35.2367680826094
              ],
              [
                173.591830733661,
                -35.2368351825072
              ],
              [
                173.591633250062,
                -35.236819365683
              ],
              [
                173.591516383828,
                -35.2366764487211
              ],
              [
                173.591355033729,
                -35.2366028493064
              ],
              [
                173.591040816811,
                -35.2367280656764
              ],
              [
                173.590976833307,
                -35.2367073993207
              ],
              [
                173.591007267057,
                -35.2362779656261
              ],
              [
                173.590687416629,
                -35.2362461995302
              ],
              [
                173.590359300289,
                -35.2364176161781
              ],
              [
                173.590028282978,
                -35.2363027658296
              ],
              [
                173.58980773307,
                -35.2358927490705
              ],
              [
                173.590184416408,
                -35.2355330995402
              ],
              [
                173.589808967001,
                -35.2345440988812
              ],
              [
                173.589749316288,
                -35.234026715787
              ],
              [
                173.589834566662,
                -35.2330425656844
              ],
              [
                173.58934475026,
                -35.2322959491325
              ],
              [
                173.589869266344,
                -35.2313491488628
              ],
              [
                173.590867099955,
                -35.2299874487408
              ],
              [
                173.592767283257,
                -35.2295961820002
              ],
              [
                173.593162366325,
                -35.2292079159696
              ],
              [
                173.593492149606,
                -35.2290178662503
              ],
              [
                173.593796399913,
                -35.2285323160872
              ],
              [
                173.593994916343,
                -35.2284271820522
              ],
              [
                173.594198199868,
                -35.2284877655234
              ],
              [
                173.594328332802,
                -35.2289938658957
              ],
              [
                173.594915500213,
                -35.2293832660515
              ],
              [
                173.597717949278,
                -35.2288833825355
              ],
              [
                173.597797033102,
                -35.2286654160648
              ],
              [
                173.598401265906,
                -35.2289872322438
              ],
              [
                173.599014399737,
                -35.2290642159118
              ],
              [
                173.599050200651,
                -35.2290044494319
              ],
              [
                173.598926616844,
                -35.2286464322464
              ],
              [
                173.599193317184,
                -35.2281569327999
              ],
              [
                173.599969584104,
                -35.2280358153125
              ],
              [
                173.600064534066,
                -35.227721632865
              ],
              [
                173.600023316122,
                -35.2272005158295
              ],
              [
                173.599844116735,
                -35.2268749989727
              ],
              [
                173.599830783547,
                -35.226047149693
              ],
              [
                173.600199200661,
                -35.2258122330121
              ],
              [
                173.599373883044,
                -35.2250287485612
              ],
              [
                173.601767349418,
                -35.2226177484977
              ],
              [
                173.60172181748,
                -35.2222338990735
              ],
              [
                173.602796866503,
                -35.2214765827838
              ],
              [
                173.603420517308,
                -35.220890166115
              ],
              [
                173.603643016902,
                -35.2207624328222
              ],
              [
                173.60394660064,
                -35.2203366489223
              ],
              [
                173.604146582592,
                -35.2201930823761
              ],
              [
                173.60434826699,
                -35.2199328656119
              ],
              [
                173.605093666368,
                -35.2195100652798
              ],
              [
                173.605592766544,
                -35.2190642497336
              ],
              [
                173.605854733439,
                -35.2186731319528
              ],
              [
                173.60600670014,
                -35.2181823319004
              ],
              [
                173.606737433974,
                -35.2168444153165
              ],
              [
                173.60714183309,
                -35.2172614992381
              ],
              [
                173.607297983316,
                -35.2170918160007
              ],
              [
                173.607974150188,
                -35.2167952163864
              ],
              [
                173.608978166003,
                -35.2150759988182
              ],
              [
                173.614689066282,
                -35.2115813493798
              ],
              [
                173.617673800053,
                -35.2107327160439
              ],
              [
                173.617912533726,
                -35.2097499820177
              ],
              [
                173.617172400345,
                -35.2083773993925
              ],
              [
                173.616520883788,
                -35.2077249488558
              ],
              [
                173.617257850186,
                -35.2071747990003
              ],
              [
                173.615558849487,
                -35.2063210658008
              ],
              [
                173.612779749682,
                -35.2037364994007
              ],
              [
                173.611859767164,
                -35.2017645823715
              ],
              [
                173.611192616785,
                -35.2015731824674
              ],
              [
                173.611342450166,
                -35.2004263486599
              ],
              [
                173.610662749516,
                -35.2004705494762
              ],
              [
                173.610569950534,
                -35.1997015155054
              ],
              [
                173.609154666337,
                -35.1985570823076
              ],
              [
                173.608033150529,
                -35.1989531655787
              ],
              [
                173.607458383804,
                -35.1987069987463
              ],
              [
                173.606197200067,
                -35.1991961156667
              ],
              [
                173.604723066828,
                -35.199058682772
              ],
              [
                173.604182050182,
                -35.1997285322004
              ],
              [
                173.604042033361,
                -35.200579616124
              ],
              [
                173.603738616916,
                -35.2010351320944
              ],
              [
                173.603431299728,
                -35.2017177654789
              ],
              [
                173.602698716237,
                -35.2015878988269
              ],
              [
                173.601740182775,
                -35.2026811489005
              ],
              [
                173.60131869983,
                -35.2032672160517
              ],
              [
                173.601433849773,
                -35.2037478492026
              ],
              [
                173.602353799595,
                -35.204656682583
              ],
              [
                173.601973833817,
                -35.2052805662552
              ],
              [
                173.602159466691,
                -35.2065807662154
              ],
              [
                173.602493833479,
                -35.2076553325796
              ],
              [
                173.601980900256,
                -35.2086860827691
              ],
              [
                173.60012204967,
                -35.2075746659241
              ],
              [
                173.599105650133,
                -35.2053687660754
              ],
              [
                173.597737966829,
                -35.2049027658055
              ],
              [
                173.596944416655,
                -35.2039533820739
              ],
              [
                173.595779499823,
                -35.2040598823603
              ],
              [
                173.593024783245,
                -35.2023562494203
              ],
              [
                173.59269036706,
                -35.201758432705
              ],
              [
                173.591819850313,
                -35.2014488320318
              ],
              [
                173.590573266968,
                -35.2003192657136
              ],
              [
                173.589303982883,
                -35.199670532601
              ],
              [
                173.58785328305,
                -35.1990651990648
              ],
              [
                173.587448950502,
                -35.1986940158885
              ],
              [
                173.586823766286,
                -35.1987417326716
              ],
              [
                173.586260383813,
                -35.1985560155728
              ],
              [
                173.594813683061,
                -35.1881697160066
              ],
              [
                173.596506016326,
                -35.1873263824742
              ],
              [
                173.597081216711,
                -35.1869368162577
              ],
              [
                173.597859583468,
                -35.186726199473
              ],
              [
                173.598325450527,
                -35.1865115160859
              ],
              [
                173.598825599457,
                -35.1857130155021
              ],
              [
                173.599169099643,
                -35.185311782438
              ],
              [
                173.599230167121,
                -35.1848581660254
              ],
              [
                173.601355383531,
                -35.182894082406
              ],
              [
                173.602469333194,
                -35.18210836572
              ],
              [
                173.602663699865,
                -35.1820402662541
              ],
              [
                173.603144099951,
                -35.181658382666
              ],
              [
                173.604022549947,
                -35.1812134324619
              ],
              [
                173.605084083246,
                -35.180904099541
              ],
              [
                173.613008149768,
                -35.1766037657448
              ],
              [
                173.61372525009,
                -35.1723799996864
              ],
              [
                173.613530066559,
                -35.1704756489797
              ],
              [
                173.614470816013,
                -35.1684001658409
              ],
              [
                173.617384533302,
                -35.1665722989285
              ],
              [
                173.618366133053,
                -35.1633478319728
              ],
              [
                173.619471116224,
                -35.1625266829162
              ],
              [
                173.620579900691,
                -35.1608236152422
              ],
              [
                173.622275883363,
                -35.1600180156895
              ],
              [
                173.623698766008,
                -35.1598277488456
              ],
              [
                173.625335699699,
                -35.1603001486406
              ],
              [
                173.626413217082,
                -35.1603133157906
              ],
              [
                173.626959516074,
                -35.1601676160965
              ],
              [
                173.627692233024,
                -35.1605567151575
              ],
              [
                173.628209283534,
                -35.1604030992576
              ],
              [
                173.628457133406,
                -35.1600839819238
              ],
              [
                173.629120066744,
                -35.1598762822595
              ],
              [
                173.62957586664,
                -35.1601995821241
              ],
              [
                173.630112666832,
                -35.1602594488016
              ],
              [
                173.630627866178,
                -35.1600346996861
              ],
              [
                173.631088116763,
                -35.1602032323236
              ],
              [
                173.631960083076,
                -35.160086565766
              ],
              [
                173.633279800091,
                -35.1607437821535
              ],
              [
                173.6334386999,
                -35.1607390488676
              ],
              [
                173.633204932682,
                -35.1610022990628
              ],
              [
                173.633748865922,
                -35.1616247324835
              ],
              [
                173.63403956748,
                -35.1621272651364
              ],
              [
                173.633963183257,
                -35.1623950490565
              ],
              [
                173.634105517408,
                -35.1630368663017
              ],
              [
                173.634626750147,
                -35.1637600152595
              ],
              [
                173.634654350054,
                -35.1645022825222
              ],
              [
                173.634010766524,
                -35.1650386325343
              ],
              [
                173.634000683389,
                -35.1661266657099
              ],
              [
                173.634670017166,
                -35.1669422494023
              ],
              [
                173.634640032955,
                -35.1675967660104
              ],
              [
                173.634708533391,
                -35.1675197995529
              ],
              [
                173.634863966712,
                -35.1675348820329
              ],
              [
                173.634858300016,
                -35.167658999232
              ],
              [
                173.634592483564,
                -35.1679576321495
              ],
              [
                173.634578200013,
                -35.1686289326914
              ],
              [
                173.633810733575,
                -35.1687830990877
              ],
              [
                173.633124516749,
                -35.1688474657813
              ],
              [
                173.633416017291,
                -35.1698048153294
              ],
              [
                173.631821882784,
                -35.1703367660239
              ],
              [
                173.631257399946,
                -35.1702096324186
              ],
              [
                173.629975199595,
                -35.1714591830822
              ],
              [
                173.62981889974,
                -35.1718614651989
              ],
              [
                173.630421749977,
                -35.1723782160666
              ],
              [
                173.630416799797,
                -35.1726198153597
              ],
              [
                173.630340083294,
                -35.1728450156036
              ],
              [
                173.630229049391,
                -35.172964716024
              ],
              [
                173.629886083248,
                -35.1731209485273
              ],
              [
                173.629819949268,
                -35.1733128657631
              ],
              [
                173.629989199809,
                -35.1734554658998
              ],
              [
                173.630320266408,
                -35.1736011651891
              ],
              [
                173.630817882855,
                -35.1736858159746
              ],
              [
                173.630900349805,
                -35.1738040321246
              ],
              [
                173.630561232885,
                -35.1743082989567
              ],
              [
                173.630481733339,
                -35.1748307490827
              ],
              [
                173.630625616598,
                -35.1749529991048
              ],
              [
                173.631173716186,
                -35.1746413157965
              ],
              [
                173.631930366975,
                -35.1746984157256
              ],
              [
                173.632021600213,
                -35.1748462990478
              ],
              [
                173.631939649305,
                -35.1749751989669
              ],
              [
                173.631249133028,
                -35.1750662319243
              ],
              [
                173.631022616616,
                -35.1752307992454
              ],
              [
                173.630974250046,
                -35.1753685324272
              ],
              [
                173.631056866878,
                -35.175498215461
              ],
              [
                173.631883966775,
                -35.1758177993579
              ],
              [
                173.632910933244,
                -35.175856381889
              ],
              [
                173.633342699301,
                -35.1758134827487
              ],
              [
                173.633720733759,
                -35.1761326321511
              ],
              [
                173.633933499921,
                -35.1761901653004
              ],
              [
                173.634131384009,
                -35.1761791819275
              ],
              [
                173.634350082893,
                -35.1760558817775
              ],
              [
                173.63460881651,
                -35.1755889656533
              ],
              [
                173.634888716529,
                -35.175245432945
              ],
              [
                173.635274049629,
                -35.1752761821531
              ],
              [
                173.635326300368,
                -35.1754290157301
              ],
              [
                173.635271650064,
                -35.1755141829211
              ],
              [
                173.634289900034,
                -35.1763516323691
              ],
              [
                173.634175366608,
                -35.1765471821459
              ],
              [
                173.634136933331,
                -35.1768015489004
              ],
              [
                173.634334867407,
                -35.1776257825787
              ],
              [
                173.634654249766,
                -35.1783550654075
              ],
              [
                173.635034083115,
                -35.1790151495846
              ],
              [
                173.635219816303,
                -35.1791369987325
              ],
              [
                173.635430567112,
                -35.1790435151365
              ],
              [
                173.635637982502,
                -35.1787029318374
              ],
              [
                173.635929599397,
                -35.1784004663631
              ],
              [
                173.636223800592,
                -35.1784984319238
              ],
              [
                173.63642416644,
                -35.1788787157704
              ],
              [
                173.637037533019,
                -35.1796876656347
              ],
              [
                173.637295500225,
                -35.180410649224
              ],
              [
                173.637468582515,
                -35.1806287158309
              ],
              [
                173.637728682829,
                -35.1815095825921
              ],
              [
                173.637822016106,
                -35.1816048163005
              ],
              [
                173.638312232853,
                -35.1817581662099
              ],
              [
                173.638526716454,
                -35.1817355824439
              ],
              [
                173.638692782527,
                -35.1816379320836
              ],
              [
                173.639256482761,
                -35.1810331657601
              ],
              [
                173.639509765972,
                -35.1809919159084
              ],
              [
                173.639916133872,
                -35.1811322992008
              ],
              [
                173.639983200118,
                -35.1813490656279
              ],
              [
                173.639510399418,
                -35.181868316219
              ],
              [
                173.639517500158,
                -35.1819803823319
              ],
              [
                173.639928799813,
                -35.182280899082
              ],
              [
                173.640473332522,
                -35.1823238991555
              ],
              [
                173.640988332855,
                -35.1824518162817
              ],
              [
                173.641823267446,
                -35.1837575163127
              ],
              [
                173.641846682516,
                -35.1838396829526
              ],
              [
                173.641663450047,
                -35.1841113993818
              ],
              [
                173.641667883552,
                -35.1842326325736
              ],
              [
                173.641925732876,
                -35.1843217659653
              ],
              [
                173.6422952826,
                -35.1846272485761
              ],
              [
                173.642933683119,
                -35.1850102990131
              ],
              [
                173.643264483726,
                -35.1851307819772
              ],
              [
                173.643507049893,
                -35.1853275989859
              ],
              [
                173.643661850102,
                -35.1856350828989
              ],
              [
                173.64396796712,
                -35.1859937828188
              ],
              [
                173.644248683362,
                -35.1865357652523
              ],
              [
                173.644282699943,
                -35.1867825825566
              ],
              [
                173.644499200094,
                -35.1871146491278
              ],
              [
                173.644954849478,
                -35.1873895655934
              ],
              [
                173.645300066519,
                -35.1879561329045
              ],
              [
                173.645535150588,
                -35.1882170817652
              ],
              [
                173.646016300207,
                -35.1885214996826
              ],
              [
                173.646155299972,
                -35.1886918325341
              ],
              [
                173.646152416804,
                -35.1888909326094
              ],
              [
                173.646026833353,
                -35.1890934663016
              ],
              [
                173.646038233887,
                -35.1895235489996
              ],
              [
                173.645767166678,
                -35.1896954162523
              ],
              [
                173.645481099682,
                -35.1897896330038
              ],
              [
                173.645373983301,
                -35.1899141826402
              ],
              [
                173.64532576691,
                -35.1906812160787
              ],
              [
                173.645837532838,
                -35.1915963164728
              ],
              [
                173.646168883932,
                -35.1919616330405
              ],
              [
                173.646449850129,
                -35.1921077321828
              ],
              [
                173.646560633373,
                -35.192253149703
              ],
              [
                173.646948799405,
                -35.192281565705
              ],
              [
                173.64717241683,
                -35.1925197324036
              ],
              [
                173.6472608841,
                -35.193695082778
              ],
              [
                173.647355433996,
                -35.1942891492608
              ],
              [
                173.647435433855,
                -35.1944279821687
              ],
              [
                173.647413033563,
                -35.1946272657656
              ],
              [
                173.647493582542,
                -35.1948072824414
              ],
              [
                173.647645533416,
                -35.1949019828925
              ],
              [
                173.647516583077,
                -35.1950633654483
              ],
              [
                173.647648650622,
                -35.1955449491022
              ],
              [
                173.647586649783,
                -35.1957034155313
              ],
              [
                173.647621016671,
                -35.1959753986046
              ],
              [
                173.648365666444,
                -35.1963665990511
              ],
              [
                173.648949099477,
                -35.1963908817635
              ],
              [
                173.649709600529,
                -35.1965096156371
              ],
              [
                173.650738234104,
                -35.1964824823115
              ],
              [
                173.651691849938,
                -35.1961224152429
              ],
              [
                173.653745432493,
                -35.1958736990224
              ],
              [
                173.655309466574,
                -35.1955853817467
              ],
              [
                173.655697316956,
                -35.1955786160062
              ],
              [
                173.655850150734,
                -35.1956583989948
              ],
              [
                173.656223316169,
                -35.196260965634
              ],
              [
                173.656367967286,
                -35.1963477488685
              ],
              [
                173.656706966551,
                -35.1963944996516
              ],
              [
                173.657059216866,
                -35.1963082163692
              ],
              [
                173.65728098269,
                -35.1963547152289
              ],
              [
                173.657331616411,
                -35.1964751827324
              ],
              [
                173.657143717066,
                -35.1966547823037
              ],
              [
                173.657067333933,
                -35.1968278496975
              ],
              [
                173.657107783358,
                -35.1968798157926
              ],
              [
                173.657646100278,
                -35.1969688825504
              ],
              [
                173.658256166559,
                -35.1967086326215
              ],
              [
                173.658545500268,
                -35.196671515584
              ],
              [
                173.658778366695,
                -35.1967155320726
              ],
              [
                173.658933450442,
                -35.1968799995724
              ],
              [
                173.659168650036,
                -35.1978604827324
              ],
              [
                173.659357683961,
                -35.1981479994071
              ],
              [
                173.661247016967,
                -35.1991843161176
              ],
              [
                173.661388433266,
                -35.1994657830736
              ],
              [
                173.661505250262,
                -35.2001895993303
              ],
              [
                173.661624649989,
                -35.2003775660455
              ],
              [
                173.661933599758,
                -35.2003423823355
              ],
              [
                173.662316584039,
                -35.2000448823837
              ],
              [
                173.662703832714,
                -35.200015215995
              ],
              [
                173.664276349983,
                -35.2004685319593
              ],
              [
                173.665109433178,
                -35.2008294829918
              ],
              [
                173.665399067018,
                -35.2010144485602
              ],
              [
                173.665530266003,
                -35.2012251151669
              ],
              [
                173.665510649505,
                -35.2015391656346
              ],
              [
                173.665420549879,
                -35.2017216324767
              ],
              [
                173.66511486679,
                -35.2019857318115
              ],
              [
                173.665028282774,
                -35.2021956157745
              ],
              [
                173.665076667202,
                -35.2025473991051
              ],
              [
                173.665258999717,
                -35.2027915156213
              ],
              [
                173.665641999903,
                -35.2029175990901
              ],
              [
                173.665936833041,
                -35.202875799387
              ],
              [
                173.666498350696,
                -35.2022568821825
              ],
              [
                173.667071499769,
                -35.2018667156113
              ],
              [
                173.667436983234,
                -35.2018580155355
              ],
              [
                173.668110449622,
                -35.2019881659586
              ],
              [
                173.66819639986,
                -35.2020713985807
              ],
              [
                173.66814471698,
                -35.2022280157514
              ],
              [
                173.667860617099,
                -35.202358932771
              ],
              [
                173.667488216327,
                -35.2024227152352
              ],
              [
                173.667550450097,
                -35.2027696656278
              ],
              [
                173.667329799259,
                -35.2033986488186
              ],
              [
                173.667344649977,
                -35.2035380652136
              ],
              [
                173.667833882816,
                -35.2037744995704
              ],
              [
                173.669032316013,
                -35.2041198325093
              ],
              [
                173.669465683414,
                -35.2043549485272
              ],
              [
                173.670033734076,
                -35.2049311819481
              ],
              [
                173.671154917339,
                -35.2053099158566
              ],
              [
                173.67219056735,
                -35.2058320991646
              ],
              [
                173.67268929988,
                -35.206214899373
              ],
              [
                173.672998883484,
                -35.2068345829972
              ],
              [
                173.673262066815,
                -35.2070726652186
              ],
              [
                173.673484034007,
                -35.2071259993686
              ],
              [
                173.674027883058,
                -35.2067889988783
              ],
              [
                173.674638349273,
                -35.2067530659133
              ],
              [
                173.675180449935,
                -35.2065603497798
              ],
              [
                173.675619350257,
                -35.2065823824653
              ],
              [
                173.67620326673,
                -35.2068079659668
              ],
              [
                173.676689083495,
                -35.2069138984764
              ],
              [
                173.676794517422,
                -35.206994482201
              ],
              [
                173.676794033194,
                -35.2070814990911
              ],
              [
                173.676371483142,
                -35.2076751322018
              ],
              [
                173.676079966457,
                -35.2083671993821
              ],
              [
                173.676566350051,
                -35.2088097324986
              ],
              [
                173.677020699939,
                -35.2089917825874
              ],
              [
                173.67723399957,
                -35.2091391497097
              ],
              [
                173.67771401648,
                -35.2099710497054
              ],
              [
                173.678441266172,
                -35.2104413827632
              ],
              [
                173.678482733554,
                -35.2106352989805
              ],
              [
                173.678291233392,
                -35.211098916212
              ],
              [
                173.678519949255,
                -35.2117199991057
              ],
              [
                173.679053599832,
                -35.2119441495201
              ],
              [
                173.679641550022,
                -35.2118994493
              ],
              [
                173.681152299875,
                -35.2123284659725
              ],
              [
                173.681330916157,
                -35.2123253158092
              ],
              [
                173.68151261683,
                -35.2122282152653
              ],
              [
                173.681635650461,
                -35.2118161820275
              ],
              [
                173.681872499771,
                -35.211798265327
              ],
              [
                173.682010000473,
                -35.2119286490159
              ],
              [
                173.682081133265,
                -35.2121884158939
              ],
              [
                173.68221759984,
                -35.2123852318269
              ],
              [
                173.682496950656,
                -35.2126001164064
              ],
              [
                173.682782866724,
                -35.212956865988
              ],
              [
                173.682872700822,
                -35.2131842490448
              ],
              [
                173.682823750231,
                -35.2133385321085
              ],
              [
                173.682458416296,
                -35.2134594826529
              ],
              [
                173.681906367122,
                -35.2138035324532
              ],
              [
                173.681539566362,
                -35.2138695493824
              ],
              [
                173.681348116166,
                -35.2140194663615
              ],
              [
                173.681057683031,
                -35.2141230655072
              ],
              [
                173.680232949298,
                -35.214293315713
              ],
              [
                173.679928416047,
                -35.2144955984777
              ],
              [
                173.679883899745,
                -35.2147116320868
              ],
              [
                173.680479367409,
                -35.2151590994784
              ],
              [
                173.680540983113,
                -35.2153755330819
              ],
              [
                173.680119783423,
                -35.2163355160946
              ],
              [
                173.680092982708,
                -35.2165878820939
              ],
              [
                173.680157499989,
                -35.2167035158029
              ],
              [
                173.680367799567,
                -35.2168417823442
              ],
              [
                173.681093950282,
                -35.2170579497483
              ],
              [
                173.68177738311,
                -35.2171374821771
              ],
              [
                173.682915366313,
                -35.217719599534
              ],
              [
                173.683845083294,
                -35.2178199654678
              ],
              [
                173.684147616228,
                -35.217961165918
              ],
              [
                173.6842522498,
                -35.2181150322513
              ],
              [
                173.684225915948,
                -35.2181750325623
              ],
              [
                173.683726549372,
                -35.2184013819234
              ],
              [
                173.683430466571,
                -35.2188164821997
              ],
              [
                173.683279632609,
                -35.2192335987414
              ],
              [
                173.683296799307,
                -35.2196683651995
              ],
              [
                173.683376950111,
                -35.2197425158834
              ],
              [
                173.683643266112,
                -35.2197813159732
              ],
              [
                173.68406711617,
                -35.219654749086
              ],
              [
                173.68428506704,
                -35.2196600653938
              ],
              [
                173.68540210026,
                -35.2200822489889
              ],
              [
                173.685839200394,
                -35.2201386492797
              ],
              [
                173.686088533484,
                -35.2202739154653
              ],
              [
                173.686131949528,
                -35.2204357156259
              ],
              [
                173.6860781173,
                -35.2207206164581
              ],
              [
                173.686323734041,
                -35.2210299662171
              ],
              [
                173.686448133699,
                -35.221400998543
              ],
              [
                173.68691696669,
                -35.2217041326253
              ],
              [
                173.686971533347,
                -35.2218657492353
              ],
              [
                173.686610083668,
                -35.2225521990771
              ],
              [
                173.686580216507,
                -35.2227931654568
              ],
              [
                173.686639966249,
                -35.2230439830388
              ],
              [
                173.686758999226,
                -35.2232136152261
              ],
              [
                173.687160499918,
                -35.2235041819242
              ],
              [
                173.687398416997,
                -35.2238388653704
              ],
              [
                173.688630082542,
                -35.2243689163687
              ],
              [
                173.688702466673,
                -35.2245691330214
              ],
              [
                173.688652599937,
                -35.2248974492574
              ],
              [
                173.688699200801,
                -35.2251782819656
              ],
              [
                173.689121149765,
                -35.2260248988233
              ],
              [
                173.68902304978,
                -35.2264296490146
              ],
              [
                173.68862758407,
                -35.2268877326327
              ],
              [
                173.687846033398,
                -35.2275289828194
              ],
              [
                173.687273233568,
                -35.2282489496214
              ],
              [
                173.686901400376,
                -35.2283379658427
              ],
              [
                173.686465133395,
                -35.2282105822887
              ],
              [
                173.6859076504,
                -35.2281448652613
              ],
              [
                173.685653900469,
                -35.2282638496588
              ],
              [
                173.685462800703,
                -35.2285328325924
              ],
              [
                173.685381599837,
                -35.2288388159487
              ],
              [
                173.685379583887,
                -35.2298097327736
              ],
              [
                173.685221550826,
                -35.2300621155216
              ],
              [
                173.684818250131,
                -35.2304378996634
              ],
              [
                173.6841955835,
                -35.2315937989275
              ],
              [
                173.684222267481,
                -35.2318612321022
              ],
              [
                173.684349783526,
                -35.2320352826731
              ],
              [
                173.684871049521,
                -35.2323122985396
              ],
              [
                173.685035716229,
                -35.2325177657518
              ],
              [
                173.685006450002,
                -35.2327815993075
              ],
              [
                173.684772500171,
                -35.2331200496936
              ],
              [
                173.684761666421,
                -35.2333423490451
              ],
              [
                173.684832566906,
                -35.2334876489176
              ],
              [
                173.6851880169,
                -35.2336210491163
              ],
              [
                173.686951699963,
                -35.2338829488866
              ],
              [
                173.687367883553,
                -35.2338847492186
              ],
              [
                173.687800166684,
                -35.234071749784
              ],
              [
                173.687877382604,
                -35.2342443988822
              ],
              [
                173.687903884047,
                -35.23471333305
              ],
              [
                173.688004917256,
                -35.2349405322049
              ],
              [
                173.687965083378,
                -35.2351221330072
              ],
              [
                173.688235432646,
                -35.2357287326328
              ],
              [
                173.688147666448,
                -35.236956565634
              ],
              [
                173.688270600644,
                -35.2372648656985
              ],
              [
                173.688285083311,
                -35.2376242651431
              ],
              [
                173.688547083871,
                -35.2378698325926
              ],
              [
                173.688681016449,
                -35.2381597491372
              ],
              [
                173.688641217425,
                -35.2383866821664
              ],
              [
                173.688103500663,
                -35.23943659863
              ],
              [
                173.687474733484,
                -35.2403085157483
              ],
              [
                173.686838750151,
                -35.2406996317978
              ],
              [
                173.686450633506,
                -35.24131808232
              ],
              [
                173.686196316591,
                -35.2413014330671
              ],
              [
                173.685815099946,
                -35.2411527985383
              ],
              [
                173.685303033694,
                -35.2407439989865
              ],
              [
                173.684243682786,
                -35.2403501993257
              ],
              [
                173.683975716605,
                -35.2403679659919
              ],
              [
                173.683458032589,
                -35.2405636828332
              ],
              [
                173.682742983032,
                -35.2402546322838
              ],
              [
                173.681623049743,
                -35.2399527987367
              ],
              [
                173.680128033103,
                -35.2398640326387
              ],
              [
                173.679297783973,
                -35.2400892164774
              ],
              [
                173.679004683252,
                -35.2401071492746
              ],
              [
                173.677976283422,
                -35.2400405324541
              ],
              [
                173.677704399895,
                -35.2399346651357
              ],
              [
                173.677531367106,
                -35.239640415216
              ],
              [
                173.677359549669,
                -35.2379448486194
              ],
              [
                173.67779449955,
                -35.2372482657635
              ],
              [
                173.677585100153,
                -35.2366405664736
              ],
              [
                173.677630899961,
                -35.2360441484398
              ],
              [
                173.677453533293,
                -35.2354656662625
              ],
              [
                173.677204316858,
                -35.2350212492879
              ],
              [
                173.676858350282,
                -35.2340885325911
              ],
              [
                173.67672974957,
                -35.2338732658175
              ],
              [
                173.676437783791,
                -35.2336059152666
              ],
              [
                173.675820183918,
                -35.2332755990011
              ],
              [
                173.675491917011,
                -35.2326929155891
              ],
              [
                173.675151100253,
                -35.2323737664512
              ],
              [
                173.674610567404,
                -35.2320008654437
              ],
              [
                173.674557467386,
                -35.2318941823488
              ],
              [
                173.67471436696,
                -35.2313876661653
              ],
              [
                173.674655382905,
                -35.2312696329828
              ],
              [
                173.673946900647,
                -35.2307760496043
              ],
              [
                173.673639349969,
                -35.2303418158166
              ],
              [
                173.67293604943,
                -35.2301480992563
              ],
              [
                173.672612899182,
                -35.2295469819443
              ],
              [
                173.672183033539,
                -35.2292385494948
              ],
              [
                173.671858816544,
                -35.2291228819369
              ],
              [
                173.671618867032,
                -35.228921015178
              ],
              [
                173.671418567471,
                -35.2282124158091
              ],
              [
                173.671268200651,
                -35.2280181151861
              ],
              [
                173.671057833258,
                -35.2278775657901
              ],
              [
                173.670761083996,
                -35.2277453817957
              ],
              [
                173.669968367408,
                -35.227548649143
              ],
              [
                173.669745249256,
                -35.2272434320414
              ],
              [
                173.669526316976,
                -35.2270961493274
              ],
              [
                173.66926620003,
                -35.2270801157276
              ],
              [
                173.66820111686,
                -35.2275658997109
              ],
              [
                173.66806373354,
                -35.2277560822413
              ],
              [
                173.668023916539,
                -35.2279399490899
              ],
              [
                173.668050732821,
                -35.2283195818845
              ],
              [
                173.667868800208,
                -35.2283044491875
              ],
              [
                173.667626999564,
                -35.2281369660528
              ],
              [
                173.667553532897,
                -35.2279985822778
              ],
              [
                173.667525499182,
                -35.2278891491353
              ],
              [
                173.667610749851,
                -35.2276289157477
              ],
              [
                173.667532249964,
                -35.2275112327424
              ],
              [
                173.666838249818,
                -35.2273516491763
              ],
              [
                173.666775083041,
                -35.2272863487177
              ],
              [
                173.66682284948,
                -35.2271916317971
              ],
              [
                173.667414567187,
                -35.2269683160872
              ],
              [
                173.667381133146,
                -35.2267605320051
              ],
              [
                173.667279566912,
                -35.2266157656905
              ],
              [
                173.666489749803,
                -35.2266341823995
              ],
              [
                173.66580019978,
                -35.226536349387
              ],
              [
                173.665182599832,
                -35.2266250328889
              ],
              [
                173.664954132564,
                -35.226010781955
              ],
              [
                173.664831616795,
                -35.2259190497053
              ],
              [
                173.664556016501,
                -35.2259513485378
              ],
              [
                173.664089750248,
                -35.2261655989675
              ],
              [
                173.663083383002,
                -35.2261259492225
              ],
              [
                173.662954367055,
                -35.2262106492034
              ],
              [
                173.662770333202,
                -35.226749665655
              ],
              [
                173.662190516642,
                -35.2270002319653
              ],
              [
                173.662112350255,
                -35.2271069327276
              ],
              [
                173.662501067254,
                -35.227022282334
              ],
              [
                173.662881499493,
                -35.2268347490545
              ],
              [
                173.662990482703,
                -35.2267320817944
              ],
              [
                173.663083583412,
                -35.2264511155929
              ],
              [
                173.663292533646,
                -35.226220765732
              ],
              [
                173.664188099857,
                -35.2262943824596
              ],
              [
                173.664604316606,
                -35.2260878823623
              ],
              [
                173.664749084019,
                -35.2260716153592
              ],
              [
                173.664820200796,
                -35.2261207492204
              ],
              [
                173.664970516922,
                -35.2266310320847
              ],
              [
                173.665128399998,
                -35.2267931324911
              ],
              [
                173.665773367115,
                -35.2266833660147
              ],
              [
                173.666543200804,
                -35.2267545991051
              ],
              [
                173.667019133448,
                -35.2266936156369
              ],
              [
                173.667176766916,
                -35.2267412163565
              ],
              [
                173.667262616058,
                -35.2268198493006
              ],
              [
                173.667231666507,
                -35.2269165656217
              ],
              [
                173.666630683475,
                -35.2272110324042
              ],
              [
                173.666591649794,
                -35.2274246655887
              ],
              [
                173.666683033435,
                -35.2275009159483
              ],
              [
                173.667278483431,
                -35.2275248326589
              ],
              [
                173.66744801677,
                -35.2275997156556
              ],
              [
                173.667494183191,
                -35.2276561494121
              ],
              [
                173.667390483356,
                -35.2279579324022
              ],
              [
                173.667424816727,
                -35.228094715152
              ],
              [
                173.667502900142,
                -35.228196381996
              ],
              [
                173.667894216479,
                -35.2284207991146
              ],
              [
                173.668048416022,
                -35.2284432821165
              ],
              [
                173.668169350325,
                -35.2283701656864
              ],
              [
                173.668149282872,
                -35.2279285991974
              ],
              [
                173.668344633782,
                -35.227606898901
              ],
              [
                173.6685286168,
                -35.2274891664361
              ],
              [
                173.668820182724,
                -35.2274268162064
              ],
              [
                173.669344883656,
                -35.2272046656597
              ],
              [
                173.669579116013,
                -35.2272967329686
              ],
              [
                173.669781099856,
                -35.2276480994662
              ],
              [
                173.670691316086,
                -35.2278519495159
              ],
              [
                173.671194649595,
                -35.2280881154207
              ],
              [
                173.671293383015,
                -35.2282306317375
              ],
              [
                173.67150995025,
                -35.2290259656214
              ],
              [
                173.671823299659,
                -35.2292585993297
              ],
              [
                173.67243455006,
                -35.2295615658093
              ],
              [
                173.672572850202,
                -35.2297216993291
              ],
              [
                173.672775350076,
                -35.2303020497238
              ],
              [
                173.673468583353,
                -35.2304318330718
              ],
              [
                173.674062999619,
                -35.2311518157784
              ],
              [
                173.674564782834,
                -35.23132848259
              ],
              [
                173.674601083886,
                -35.231433165599
              ],
              [
                173.674350833164,
                -35.2317901986519
              ],
              [
                173.674382517175,
                -35.2320369324003
              ],
              [
                173.674532350257,
                -35.2322106157121
              ],
              [
                173.675303600142,
                -35.2327534651929
              ],
              [
                173.675778016408,
                -35.2334755655901
              ],
              [
                173.676512316581,
                -35.2338885323008
              ],
              [
                173.676806849475,
                -35.2343573495869
              ],
              [
                173.677433000099,
                -35.2360590818217
              ],
              [
                173.677398000396,
                -35.2366440492243
              ],
              [
                173.677556782791,
                -35.2372131658745
              ],
              [
                173.677205766832,
                -35.2379252489781
              ],
              [
                173.67723054949,
                -35.2391157163573
              ],
              [
                173.677384582857,
                -35.2397787324064
              ],
              [
                173.677672366604,
                -35.2400974322164
              ],
              [
                173.677980465902,
                -35.2401939157554
              ],
              [
                173.67899198303,
                -35.2402446159872
              ],
              [
                173.680199466946,
                -35.2400421652161
              ],
              [
                173.681755882536,
                -35.2401236659229
              ],
              [
                173.682999633542,
                -35.2405254322881
              ],
              [
                173.683409266551,
                -35.2407288487496
              ],
              [
                173.684002233577,
                -35.2405166323034
              ],
              [
                173.684228216402,
                -35.2404922663457
              ],
              [
                173.684782900185,
                -35.2406741156191
              ],
              [
                173.685665200519,
                -35.2412522328516
              ],
              [
                173.686293649482,
                -35.2415595326162
              ],
              [
                173.686708217182,
                -35.2416896324754
              ],
              [
                173.687140300165,
                -35.2422065657637
              ],
              [
                173.687486283282,
                -35.2424721988201
              ],
              [
                173.687802983265,
                -35.2425891992428
              ],
              [
                173.688130315958,
                -35.2429534158556
              ],
              [
                173.688562049711,
                -35.2440358994769
              ],
              [
                173.688566666362,
                -35.2442327824612
              ],
              [
                173.688428766853,
                -35.2444237325071
              ],
              [
                173.687998066721,
                -35.2446646830524
              ],
              [
                173.687834883106,
                -35.2448397658221
              ],
              [
                173.687673533465,
                -35.2452140491851
              ],
              [
                173.687657067395,
                -35.2458529825485
              ],
              [
                173.687515317383,
                -35.2462317159123
              ],
              [
                173.68739611748,
                -35.2463286488671
              ],
              [
                173.686725433952,
                -35.2465986322946
              ],
              [
                173.686496900182,
                -35.2469573155787
              ],
              [
                173.686476500455,
                -35.2471681155328
              ],
              [
                173.686649483037,
                -35.2474508991005
              ],
              [
                173.686885249644,
                -35.2475752822472
              ],
              [
                173.687530699841,
                -35.2475985485622
              ],
              [
                173.688356550156,
                -35.2477992325735
              ],
              [
                173.688545416523,
                -35.247985749257
              ],
              [
                173.68878341681,
                -35.2486550656381
              ],
              [
                173.688748982587,
                -35.2488590821371
              ],
              [
                173.688878283539,
                -35.2495520151953
              ],
              [
                173.688837732955,
                -35.2496988158225
              ],
              [
                173.688676966911,
                -35.2498326653412
              ],
              [
                173.688109900609,
                -35.2498295152882
              ],
              [
                173.6874138001,
                -35.2500698995611
              ],
              [
                173.687294599658,
                -35.2501691325897
              ],
              [
                173.686997982847,
                -35.2507183163755
              ],
              [
                173.68700433375,
                -35.2511052320997
              ],
              [
                173.687834716366,
                -35.2520981156704
              ],
              [
                173.687906150354,
                -35.2522716491005
              ],
              [
                173.687842783408,
                -35.2523682325831
              ],
              [
                173.68756723402,
                -35.2524753659679
              ],
              [
                173.687140267125,
                -35.2528238992374
              ],
              [
                173.686943300353,
                -35.2532762484643
              ],
              [
                173.687110033554,
                -35.2540925995151
              ],
              [
                173.687297066656,
                -35.2543821655794
              ],
              [
                173.68785145006,
                -35.2548250318973
              ],
              [
                173.688855716959,
                -35.2552809660844
              ],
              [
                173.6892222002,
                -35.2556426321486
              ],
              [
                173.68925603311,
                -35.2559789993313
              ],
              [
                173.689056900117,
                -35.2561955322351
              ],
              [
                173.688762633928,
                -35.2563943824113
              ],
              [
                173.688322382606,
                -35.2565163155792
              ],
              [
                173.68803118393,
                -35.2567471824649
              ],
              [
                173.687871150131,
                -35.2575679484533
              ],
              [
                173.687928500703,
                -35.2580323818396
              ],
              [
                173.688110883765,
                -35.2584227323819
              ],
              [
                173.689038732668,
                -35.2593737491656
              ],
              [
                173.689247467204,
                -35.2598944322189
              ],
              [
                173.689153599978,
                -35.2603163496989
              ],
              [
                173.688550616864,
                -35.2609705661863
              ],
              [
                173.688713599907,
                -35.2613770660183
              ],
              [
                173.688851633744,
                -35.2624087985941
              ],
              [
                173.688814017134,
                -35.2625716159677
              ],
              [
                173.688675216704,
                -35.2626686986036
              ],
              [
                173.687458849913,
                -35.2628506657872
              ],
              [
                173.687099499472,
                -35.2629629151965
              ],
              [
                173.6869581331,
                -35.2630851989618
              ],
              [
                173.686841066524,
                -35.2634179660792
              ],
              [
                173.686811449611,
                -35.2638440324791
              ],
              [
                173.687164165962,
                -35.2648308829527
              ],
              [
                173.687193100249,
                -35.2652405497038
              ],
              [
                173.687169600242,
                -35.266026065989
              ],
              [
                173.686884283875,
                -35.2672048156578
              ],
              [
                173.687199516612,
                -35.2683682157112
              ],
              [
                173.687619133039,
                -35.269031766334
              ],
              [
                173.688462949737,
                -35.2699466995879
              ],
              [
                173.689097633107,
                -35.2702974490877
              ],
              [
                173.689353816471,
                -35.2705087162605
              ],
              [
                173.68970424919,
                -35.2709391656417
              ],
              [
                173.690025767377,
                -35.2715667323099
              ],
              [
                173.689882832824,
                -35.2718218162828
              ],
              [
                173.689560232752,
                -35.2719842160859
              ],
              [
                173.688902866506,
                -35.2722037497485
              ],
              [
                173.688385567275,
                -35.2721590485241
              ],
              [
                173.688123483641,
                -35.2722202984525
              ],
              [
                173.687857565982,
                -35.2724715990368
              ],
              [
                173.687734633813,
                -35.2730791657569
              ],
              [
                173.687768249241,
                -35.2741038664848
              ],
              [
                173.673881016488,
                -35.2709213154178
              ],
              [
                173.669236766924,
                -35.2699288158749
              ],
              [
                173.668034849542,
                -35.2696038318638
              ],
              [
                173.6681581129856,
                -35.26149233144635
              ],
              [
                173.65380393411,
                -35.2613497491251
              ],
              [
                173.652332450057,
                -35.2574533825482
              ],
              [
                173.64914871724,
                -35.2582292992873
              ],
              [
                173.649456416508,
                -35.259031781771
              ],
              [
                173.636379016661,
                -35.2623923821485
              ],
              [
                173.629279599433,
                -35.2511661664022
              ],
              [
                173.634608600039,
                -35.2503364819423
              ],
              [
                173.628002616383,
                -35.2513342320553
              ],
              [
                173.62634493335,
                -35.250910549271
              ],
              [
                173.623947867388,
                -35.2515738820791
              ],
              [
                173.620079133297,
                -35.2545081326189
              ],
              [
                173.616062117024,
                -35.255217916225
              ],
              [
                173.621480049814,
                -35.2673259490926
              ],
              [
                173.619058599683,
                -35.2822150991871
              ],
              [
                173.620441899793,
                -35.2852947988058
              ],
              [
                173.612460132957,
                -35.2897692827906
              ],
              [
                173.608198933099,
                -35.284385231748
              ],
              [
                173.60749471704,
                -35.2831310985961
              ],
              [
                173.60617169991,
                -35.2821288996162
              ],
              [
                173.605145233177,
                -35.2819964651611
              ],
              [
                173.604657233586,
                -35.2815865989748
              ],
              [
                173.603620516853,
                -35.2800805994036
              ],
              [
                173.603289316699,
                -35.2799111657338
              ],
              [
                173.602725882562,
                -35.2801994317355
              ]
            ],
            [
              [
                173.631720200309,
                -35.1950981154909
              ],
              [
                173.631268150255,
                -35.1949157828292
              ],
              [
                173.628419683557,
                -35.1945058159485
              ],
              [
                173.627349033559,
                -35.195416065751
              ],
              [
                173.626314832728,
                -35.195821165604
              ],
              [
                173.625431783243,
                -35.1967248654707
              ],
              [
                173.624622450461,
                -35.1968702990167
              ],
              [
                173.622977832543,
                -35.1974610660312
              ],
              [
                173.620213183464,
                -35.1973504157309
              ],
              [
                173.616521416509,
                -35.1983668323099
              ],
              [
                173.616112000431,
                -35.1987444160548
              ],
              [
                173.615857399966,
                -35.1998644653877
              ],
              [
                173.616471550029,
                -35.2010212323557
              ],
              [
                173.616176933285,
                -35.20212954902
              ],
              [
                173.61638148301,
                -35.2026861827973
              ],
              [
                173.617927600423,
                -35.2040989490786
              ],
              [
                173.618539049626,
                -35.2044051494131
              ],
              [
                173.622124899561,
                -35.206901648803
              ],
              [
                173.624271516566,
                -35.2078109829387
              ],
              [
                173.627008865939,
                -35.2084003653363
              ],
              [
                173.629736483549,
                -35.2080017655629
              ],
              [
                173.633287550506,
                -35.2086157485076
              ],
              [
                173.634960849202,
                -35.2083598826983
              ],
              [
                173.636839416127,
                -35.2075151493571
              ],
              [
                173.63971483342,
                -35.2052734328194
              ],
              [
                173.640789200209,
                -35.2042842329719
              ],
              [
                173.639491316719,
                -35.2013248157957
              ],
              [
                173.637068733939,
                -35.1989533992286
              ],
              [
                173.635021999207,
                -35.1978169159802
              ],
              [
                173.631720200309,
                -35.1950981154909
              ]
            ]
          ],
          [
            [
              [
                173.634343483345,
                -35.1621327651397
              ],
              [
                173.633977916507,
                -35.1615292151878
              ],
              [
                173.633558866188,
                -35.161046898889
              ],
              [
                173.633800983334,
                -35.1607282488814
              ],
              [
                173.633920750107,
                -35.1602067994576
              ],
              [
                173.635075066559,
                -35.1592296330781
              ],
              [
                173.636072666937,
                -35.1591707987757
              ],
              [
                173.637202516101,
                -35.1586743818559
              ],
              [
                173.638437966827,
                -35.1582514493273
              ],
              [
                173.639710534079,
                -35.1579141655778
              ],
              [
                173.640403299964,
                -35.1583042985214
              ],
              [
                173.640709849845,
                -35.1586859991056
              ],
              [
                173.638420516001,
                -35.1606180322518
              ],
              [
                173.634869950197,
                -35.1636141487225
              ],
              [
                173.634351216523,
                -35.1629597325066
              ],
              [
                173.634202867323,
                -35.1624209655026
              ],
              [
                173.634343483345,
                -35.1621327651397
              ]
            ]
          ],
          [
            [
              [
                173.617611650536,
                -35.1495899158536
              ],
              [
                173.617397000011,
                -35.1492464821806
              ],
              [
                173.62617738251,
                -35.1471736652255
              ],
              [
                173.62497936707,
                -35.1437563661362
              ],
              [
                173.628860316634,
                -35.142860648446
              ],
              [
                173.630825383891,
                -35.1429743322331
              ],
              [
                173.631174916052,
                -35.1431039661514
              ],
              [
                173.631968832873,
                -35.1432669491539
              ],
              [
                173.632146732632,
                -35.1434578163878
              ],
              [
                173.634050217252,
                -35.1440766988788
              ],
              [
                173.634614767236,
                -35.1471066986107
              ],
              [
                173.634544966013,
                -35.1478097318652
              ],
              [
                173.634563966304,
                -35.1486046659442
              ],
              [
                173.634978883995,
                -35.1494007826713
              ],
              [
                173.635799966758,
                -35.1497353991343
              ],
              [
                173.636916700133,
                -35.1493607988622
              ],
              [
                173.639123200208,
                -35.1497499491406
              ],
              [
                173.639434449661,
                -35.1500005664124
              ],
              [
                173.63976050017,
                -35.1507185329313
              ],
              [
                173.640185250491,
                -35.15116648247
              ],
              [
                173.622839482792,
                -35.1553742655711
              ],
              [
                173.621671700175,
                -35.1546169824562
              ],
              [
                173.621443033373,
                -35.1533266163038
              ],
              [
                173.620727933562,
                -35.1523439663791
              ],
              [
                173.619595717347,
                -35.151756281948
              ],
              [
                173.619441282619,
                -35.1513640992159
              ],
              [
                173.618787283441,
                -35.1510871490967
              ],
              [
                173.618468500779,
                -35.1506600823736
              ],
              [
                173.618137067485,
                -35.1499397658256
              ],
              [
                173.617611650536,
                -35.1495899158536
              ]
            ]
          ],
          [
            [
              [
                173.614816050093,
                -35.1447581656901
              ],
              [
                173.614869316108,
                -35.1446093323094
              ],
              [
                173.615228032924,
                -35.1444557996799
              ],
              [
                173.615790967499,
                -35.1451424991725
              ],
              [
                173.615230566273,
                -35.1452125489696
              ],
              [
                173.615032732954,
                -35.1451572156552
              ],
              [
                173.614865783407,
                -35.1449873656811
              ],
              [
                173.614816050093,
                -35.1447581656901
              ]
            ]
          ],
          [
            [
              [
                173.613979500687,
                -35.1434277990697
              ],
              [
                173.613958166597,
                -35.1429284319044
              ],
              [
                173.614251449343,
                -35.1432763824982
              ],
              [
                173.613979500687,
                -35.1434277990697
              ]
            ]
          ],
          [
            [
              [
                173.614056867137,
                -35.1426103493782
              ],
              [
                173.614734900675,
                -35.140557765273
              ],
              [
                173.614493516754,
                -35.1396590494579
              ],
              [
                173.614653466508,
                -35.1394426656745
              ],
              [
                173.615321049832,
                -35.1397532994207
              ],
              [
                173.616260233734,
                -35.1398112657264
              ],
              [
                173.6172678665,
                -35.1402223329293
              ],
              [
                173.617688867051,
                -35.1407893324187
              ],
              [
                173.618298317291,
                -35.1410317821094
              ],
              [
                173.618684032816,
                -35.1414430324736
              ],
              [
                173.619163833981,
                -35.1413577151468
              ],
              [
                173.620311500419,
                -35.1448335156985
              ],
              [
                173.616973200395,
                -35.1456037325116
              ],
              [
                173.616902850671,
                -35.1452491156948
              ],
              [
                173.616282567155,
                -35.144928732255
              ],
              [
                173.615932284013,
                -35.1449573155622
              ],
              [
                173.615603767489,
                -35.1445415326051
              ],
              [
                173.616497349311,
                -35.1442605322742
              ],
              [
                173.616768949813,
                -35.1433451152601
              ],
              [
                173.614511033522,
                -35.1431793828109
              ],
              [
                173.614056867137,
                -35.1426103493782
              ]
            ]
          ],
          [
            [
              [
                173.61374713297,
                -35.1426780829849
              ],
              [
                173.613557932618,
                -35.1423226817615
              ],
              [
                173.612777917404,
                -35.1420303319376
              ],
              [
                173.614235833077,
                -35.1412766658722
              ],
              [
                173.61374713297,
                -35.1426780829849
              ]
            ]
          ],
          [
            [
              [
                173.632939849283,
                -35.1393694161881
              ],
              [
                173.633036799556,
                -35.1404532825744
              ],
              [
                173.633548499573,
                -35.1409324323475
              ],
              [
                173.63400213294,
                -35.1417983325243
              ],
              [
                173.634537832881,
                -35.1424477663338
              ],
              [
                173.634679783161,
                -35.1430393992235
              ],
              [
                173.634256049539,
                -35.1433676993032
              ],
              [
                173.634003849804,
                -35.1438291658733
              ],
              [
                173.632322016931,
                -35.1433475990622
              ],
              [
                173.632097216612,
                -35.1431063830253
              ],
              [
                173.631247683969,
                -35.1429319990922
              ],
              [
                173.630880250597,
                -35.1427957318639
              ],
              [
                173.628957166832,
                -35.1426844658148
              ],
              [
                173.628833033656,
                -35.1425839992359
              ],
              [
                173.632488650819,
                -35.1383165159228
              ],
              [
                173.632582050585,
                -35.1383694327746
              ],
              [
                173.632939849283,
                -35.1393694161881
              ]
            ]
          ],
          [
            [
              [
                173.614429099847,
                -35.1407224329324
              ],
              [
                173.614272933926,
                -35.1402480826174
              ],
              [
                173.612513117157,
                -35.1406046990945
              ],
              [
                173.612968166128,
                -35.1388802158388
              ],
              [
                173.612645449906,
                -35.1385451156224
              ],
              [
                173.61236963343,
                -35.1384621488117
              ],
              [
                173.612585083306,
                -35.1383501491482
              ],
              [
                173.614442066719,
                -35.1393129823037
              ],
              [
                173.614209217516,
                -35.1396512654258
              ],
              [
                173.614486800112,
                -35.140556965928
              ],
              [
                173.614429099847,
                -35.1407224329324
              ]
            ]
          ],
          [
            [
              [
                173.622344666932,
                -35.1407100324684
              ],
              [
                173.620875016518,
                -35.1408314161145
              ],
              [
                173.620106033116,
                -35.1407373824939
              ],
              [
                173.61981223257,
                -35.1409884325199
              ],
              [
                173.619368249362,
                -35.1381489157127
              ],
              [
                173.623147916953,
                -35.137679949316
              ],
              [
                173.623825850262,
                -35.1384048319303
              ],
              [
                173.623869850125,
                -35.138911949011
              ],
              [
                173.623746849884,
                -35.1394086995072
              ],
              [
                173.623921849655,
                -35.1402087156621
              ],
              [
                173.623659232606,
                -35.1403453323056
              ],
              [
                173.623065549476,
                -35.1403228662342
              ],
              [
                173.622344666932,
                -35.1407100324684
              ]
            ]
          ],
          [
            [
              [
                173.683676366888,
                -35.2765973822665
              ],
              [
                173.684504266944,
                -35.2760768162965
              ],
              [
                173.685113433556,
                -35.2757774830462
              ],
              [
                173.685556833059,
                -35.2756829987719
              ],
              [
                173.685752549491,
                -35.2756954823629
              ],
              [
                173.686330316981,
                -35.2759321162687
              ],
              [
                173.686629750624,
                -35.2759828327644
              ],
              [
                173.686941632914,
                -35.2761708318333
              ],
              [
                173.687255450441,
                -35.2762649495706
              ],
              [
                173.687554349733,
                -35.2762561323993
              ],
              [
                173.687977349685,
                -35.276070199394
              ],
              [
                173.688126399972,
                -35.2758723153963
              ],
              [
                173.688312966884,
                -35.2751956324084
              ],
              [
                173.688234283906,
                -35.2742367830681
              ],
              [
                173.688282516447,
                -35.2740143659211
              ],
              [
                173.688198566605,
                -35.2736966491269
              ],
              [
                173.688222200795,
                -35.2729271485753
              ],
              [
                173.688323117313,
                -35.2726608984648
              ],
              [
                173.688464683329,
                -35.2725592164034
              ],
              [
                173.688870299309,
                -35.2726115160372
              ],
              [
                173.689174384118,
                -35.2725591655828
              ],
              [
                173.690171366056,
                -35.2722045989768
              ],
              [
                173.69032953299,
                -35.2720867818271
              ],
              [
                173.690501216486,
                -35.2716162829173
              ],
              [
                173.690269216885,
                -35.2710018664031
              ],
              [
                173.689716783176,
                -35.2701789159559
              ],
              [
                173.688879383147,
                -35.2696577827273
              ],
              [
                173.688268099791,
                -35.2691168324105
              ],
              [
                173.687562066058,
                -35.2679926159612
              ],
              [
                173.687352999257,
                -35.2671330659218
              ],
              [
                173.687626950269,
                -35.2659360656902
              ],
              [
                173.68768308296,
                -35.2650541660266
              ],
              [
                173.687537616434,
                -35.2644277487621
              ],
              [
                173.687269750202,
                -35.2638570661949
              ],
              [
                173.687224033776,
                -35.2634429321728
              ],
              [
                173.68740636658,
                -35.2632196495769
              ],
              [
                173.687718366531,
                -35.2631214497237
              ],
              [
                173.688703416929,
                -35.2629982321964
              ],
              [
                173.689079317134,
                -35.2628629657062
              ],
              [
                173.689287482756,
                -35.2627150662564
              ],
              [
                173.689335200072,
                -35.2624376990881
              ],
              [
                173.689293083186,
                -35.2618083162327
              ],
              [
                173.689213133517,
                -35.2613188330629
              ],
              [
                173.689087633063,
                -35.2610403163801
              ],
              [
                173.689238600415,
                -35.2607485329062
              ],
              [
                173.689548233481,
                -35.2603961825516
              ],
              [
                173.689656900781,
                -35.2600634822527
              ],
              [
                173.689566134015,
                -35.2596129991326
              ],
              [
                173.689417966964,
                -35.2592979990181
              ],
              [
                173.68867579967,
                -35.2584899995248
              ],
              [
                173.688350033412,
                -35.2580021496127
              ],
              [
                173.68826238406,
                -35.2572814652072
              ],
              [
                173.688316049736,
                -35.2570406997782
              ],
              [
                173.688418466289,
                -35.2569392827368
              ],
              [
                173.689002833006,
                -35.2566927491376
              ],
              [
                173.689485167193,
                -35.2562888984656
              ],
              [
                173.689671783211,
                -35.2559258990286
              ],
              [
                173.689663016211,
                -35.2555824984411
              ],
              [
                173.689264616489,
                -35.2550928321002
              ],
              [
                173.688063883989,
                -35.2545351318892
              ],
              [
                173.687572433995,
                -35.2539498990568
              ],
              [
                173.687402300037,
                -35.2533717163866
              ],
              [
                173.687552316737,
                -35.2529791984864
              ],
              [
                173.688174116509,
                -35.2525538324667
              ],
              [
                173.688331783307,
                -35.2523856488879
              ],
              [
                173.688369600027,
                -35.2522457330669
              ],
              [
                173.688283750043,
                -35.2520218984755
              ],
              [
                173.68783534945,
                -35.2515600325999
              ],
              [
                173.687450566667,
                -35.2510290492405
              ],
              [
                173.687513033787,
                -35.250534065178
              ],
              [
                173.687912866717,
                -35.2502727163245
              ],
              [
                173.68876098314,
                -35.2501595493228
              ],
              [
                173.689063533881,
                -35.2499514989016
              ],
              [
                173.689214966298,
                -35.2497146655897
              ],
              [
                173.689274082969,
                -35.2494601159387
              ],
              [
                173.689156616955,
                -35.2485358490075
              ],
              [
                173.689021866256,
                -35.2481589328372
              ],
              [
                173.6887042665,
                -35.247643532227
              ],
              [
                173.688557999508,
                -35.2475345996733
              ],
              [
                173.688135250255,
                -35.2474274485809
              ],
              [
                173.687874249672,
                -35.2472940655138
              ],
              [
                173.687187132585,
                -35.247293981912
              ],
              [
                173.68687843344,
                -35.2471380161069
              ],
              [
                173.686874365941,
                -35.2469983663042
              ],
              [
                173.686970916486,
                -35.2468672163335
              ],
              [
                173.687568167447,
                -35.2465106992391
              ],
              [
                173.687911799793,
                -35.2462153658935
              ],
              [
                173.68804623252,
                -35.2459511823388
              ],
              [
                173.688056115897,
                -35.245206965879
              ],
              [
                173.688162566562,
                -35.2449360830275
              ],
              [
                173.688351150033,
                -35.2447905992628
              ],
              [
                173.688910483368,
                -35.2445648318597
              ],
              [
                173.689025350158,
                -35.2443007657694
              ],
              [
                173.688646332724,
                -35.243178999547
              ],
              [
                173.688407217186,
                -35.2426905829993
              ],
              [
                173.687609032695,
                -35.2418508997323
              ],
              [
                173.687217950646,
                -35.2415397652026
              ],
              [
                173.686957100686,
                -35.2414201153464
              ],
              [
                173.68682720027,
                -35.241265265716
              ],
              [
                173.687042133497,
                -35.2409478829829
              ],
              [
                173.687722100011,
                -35.24047861566
              ],
              [
                173.688405233499,
                -35.2397506164332
              ],
              [
                173.689022666586,
                -35.2385604997048
              ],
              [
                173.689048733699,
                -35.2383588324554
              ],
              [
                173.688854299193,
                -35.237870115972
              ],
              [
                173.688895183528,
                -35.2377599324929
              ],
              [
                173.689038750553,
                -35.2375803991328
              ],
              [
                173.690288666593,
                -35.2365349656765
              ],
              [
                173.692444266545,
                -35.2349969984759
              ],
              [
                173.693024984023,
                -35.2343638654375
              ],
              [
                173.693543483517,
                -35.2343271995132
              ],
              [
                173.694166300614,
                -35.2346412988842
              ],
              [
                173.69435836641,
                -35.2346172817359
              ],
              [
                173.695212299268,
                -35.2336541491753
              ],
              [
                173.695981532573,
                -35.2325528325666
              ],
              [
                173.69636296678,
                -35.2323010490364
              ],
              [
                173.696593916629,
                -35.2320610994656
              ],
              [
                173.6967611496,
                -35.231215482387
              ],
              [
                173.696882150807,
                -35.2310415987383
              ],
              [
                173.697076599398,
                -35.2311068324348
              ],
              [
                173.697154316327,
                -35.2314008325935
              ],
              [
                173.697252049583,
                -35.2315044325474
              ],
              [
                173.698424700271,
                -35.2321178657553
              ],
              [
                173.69892358401,
                -35.2322875987229
              ],
              [
                173.699687267487,
                -35.2327502829026
              ],
              [
                173.700421583561,
                -35.2330555154856
              ],
              [
                173.700780932813,
                -35.2333330485304
              ],
              [
                173.701087716859,
                -35.2337328984856
              ],
              [
                173.70141018373,
                -35.2338851492056
              ],
              [
                173.70165908338,
                -35.2341051157046
              ],
              [
                173.702037750246,
                -35.2342700989481
              ],
              [
                173.702651300141,
                -35.2343416158163
              ],
              [
                173.702784100756,
                -35.2345018156545
              ],
              [
                173.702733149941,
                -35.2351003659112
              ],
              [
                173.702797016661,
                -35.2352938657414
              ],
              [
                173.703185749286,
                -35.2354174490647
              ],
              [
                173.703524599256,
                -35.2353472989648
              ],
              [
                173.703699749737,
                -35.2352136652794
              ],
              [
                173.703985700426,
                -35.2347345830425
              ],
              [
                173.704443366617,
                -35.2331647660096
              ],
              [
                173.704545800163,
                -35.2330278492462
              ],
              [
                173.705475816232,
                -35.2328085991136
              ],
              [
                173.706410116923,
                -35.2326839659669
              ],
              [
                173.707013866947,
                -35.2326911664282
              ],
              [
                173.707339383528,
                -35.232596032033
              ],
              [
                173.707557899971,
                -35.2324470820843
              ],
              [
                173.708128332835,
                -35.2317378321875
              ],
              [
                173.708032699841,
                -35.231514448794
              ],
              [
                173.707753834024,
                -35.2313709162932
              ],
              [
                173.707791033548,
                -35.23124454923
              ],
              [
                173.708062550002,
                -35.2310904490846
              ],
              [
                173.709017200281,
                -35.2310182488018
              ],
              [
                173.709571649249,
                -35.2309091823839
              ],
              [
                173.709952649783,
                -35.2306050321225
              ],
              [
                173.711038816737,
                -35.2301809990235
              ],
              [
                173.711163584088,
                -35.2297513987214
              ],
              [
                173.711051983957,
                -35.2295808493276
              ],
              [
                173.710661799941,
                -35.2294660152831
              ],
              [
                173.710181249816,
                -35.2296567327304
              ],
              [
                173.709959683539,
                -35.2296041828587
              ],
              [
                173.709698534093,
                -35.2291558664368
              ],
              [
                173.709467249974,
                -35.2284690495306
              ],
              [
                173.70943435075,
                -35.2281442158166
              ],
              [
                173.70961918292,
                -35.2279887663232
              ],
              [
                173.710066399254,
                -35.227812148856
              ],
              [
                173.710419632497,
                -35.2273388493019
              ],
              [
                173.710725182888,
                -35.2272187155745
              ],
              [
                173.710941983415,
                -35.2273239992949
              ],
              [
                173.711375633119,
                -35.227905548962
              ],
              [
                173.711625467341,
                -35.2279783992863
              ],
              [
                173.711909833411,
                -35.2279340819118
              ],
              [
                173.713268217148,
                -35.2264948496533
              ],
              [
                173.713315949519,
                -35.2263271494865
              ],
              [
                173.713222799934,
                -35.2259021995338
              ],
              [
                173.713771366719,
                -35.2246847490674
              ],
              [
                173.713985899838,
                -35.2244602658582
              ],
              [
                173.714136232645,
                -35.2244242827096
              ],
              [
                173.714287833684,
                -35.2244707160074
              ],
              [
                173.714450150634,
                -35.2246681824654
              ],
              [
                173.714676616535,
                -35.225222216284
              ],
              [
                173.714798267421,
                -35.2253193652966
              ],
              [
                173.715061600774,
                -35.2253622992702
              ],
              [
                173.717170667185,
                -35.2245903820799
              ],
              [
                173.717650100124,
                -35.2243309495124
              ],
              [
                173.71778181746,
                -35.2241737817978
              ],
              [
                173.717871617343,
                -35.2240170654065
              ],
              [
                173.717828766119,
                -35.2237747991027
              ],
              [
                173.71727936611,
                -35.2231189486773
              ],
              [
                173.717201882531,
                -35.2228060489618
              ],
              [
                173.717291099197,
                -35.2224294987878
              ],
              [
                173.718003499992,
                -35.2215125318146
              ],
              [
                173.717813616532,
                -35.2209764326041
              ],
              [
                173.717746833713,
                -35.220450432504
              ],
              [
                173.717605800066,
                -35.2203649491648
              ],
              [
                173.717376650063,
                -35.2203628826909
              ],
              [
                173.716605883452,
                -35.2207537495663
              ],
              [
                173.715800566259,
                -35.2205358152225
              ],
              [
                173.715168250261,
                -35.2204808822764
              ],
              [
                173.714670483261,
                -35.2202733490609
              ],
              [
                173.714660166609,
                -35.2201474992026
              ],
              [
                173.714857483038,
                -35.2198957155194
              ],
              [
                173.714883299305,
                -35.2197580322528
              ],
              [
                173.715200299908,
                -35.21965838266
              ],
              [
                173.71552983372,
                -35.2196456322513
              ],
              [
                173.715684850464,
                -35.2197332490178
              ],
              [
                173.715935316804,
                -35.2200305323084
              ],
              [
                173.716273917345,
                -35.2200634661514
              ],
              [
                173.716587483211,
                -35.2195584985339
              ],
              [
                173.717177849285,
                -35.2190642653566
              ],
              [
                173.71731869988,
                -35.2184123158574
              ],
              [
                173.717554400103,
                -35.2181143160686
              ],
              [
                173.718119750099,
                -35.218355465449
              ],
              [
                173.718387750162,
                -35.2187029322234
              ],
              [
                173.718572367048,
                -35.2190787825314
              ],
              [
                173.71867151735,
                -35.2191670156004
              ],
              [
                173.718870566728,
                -35.2192106323211
              ],
              [
                173.718989682678,
                -35.2191429160261
              ],
              [
                173.719109367304,
                -35.218930916312
              ],
              [
                173.719226816543,
                -35.2183937325187
              ],
              [
                173.719455766182,
                -35.2180202329959
              ],
              [
                173.719664950188,
                -35.2178141325318
              ],
              [
                173.720258266637,
                -35.2175144997348
              ],
              [
                173.721702699775,
                -35.2178673659852
              ],
              [
                173.722023916216,
                -35.2178615490421
              ],
              [
                173.722454932862,
                -35.2175453653237
              ],
              [
                173.723154216252,
                -35.2168712661541
              ],
              [
                173.723281650345,
                -35.2166202324692
              ],
              [
                173.723249999857,
                -35.2161992153085
              ],
              [
                173.723342600219,
                -35.2160447484905
              ],
              [
                173.723794433389,
                -35.21581078225
              ],
              [
                173.724504866171,
                -35.2153174664071
              ],
              [
                173.724993282943,
                -35.2147418491016
              ],
              [
                173.72487950013,
                -35.2144293490055
              ],
              [
                173.724472432867,
                -35.2139437326168
              ],
              [
                173.723649949945,
                -35.2136962826498
              ],
              [
                173.72359045005,
                -35.2136419824603
              ],
              [
                173.723678133453,
                -35.2135310818353
              ],
              [
                173.724196416992,
                -35.2134406659511
              ],
              [
                173.725197683757,
                -35.2131456824176
              ],
              [
                173.725725200026,
                -35.2131100985647
              ],
              [
                173.725844582811,
                -35.2132416154228
              ],
              [
                173.725952732621,
                -35.2135495822893
              ],
              [
                173.725991049845,
                -35.2147606492403
              ],
              [
                173.726122299499,
                -35.2151164651555
              ],
              [
                173.726327867197,
                -35.215219549178
              ],
              [
                173.726633033392,
                -35.215259698731
              ],
              [
                173.727224699626,
                -35.2150356330101
              ],
              [
                173.727540299754,
                -35.215208482076
              ],
              [
                173.72781000062,
                -35.2154826159844
              ],
              [
                173.728268932517,
                -35.2155279485431
              ],
              [
                173.728631366547,
                -35.2152972323887
              ],
              [
                173.729045283269,
                -35.2146033328886
              ],
              [
                173.729731966888,
                -35.2142018654256
              ],
              [
                173.729880100274,
                -35.2138452486086
              ],
              [
                173.729870132794,
                -35.2132041321594
              ],
              [
                173.729946566112,
                -35.2130887819153
              ],
              [
                173.73027456631,
                -35.2129798159467
              ],
              [
                173.730372666685,
                -35.2129993318103
              ],
              [
                173.730410617256,
                -35.2131042657885
              ],
              [
                173.730222533316,
                -35.2137658991547
              ],
              [
                173.730447399839,
                -35.2138527322068
              ],
              [
                173.730671050656,
                -35.2138617159662
              ],
              [
                173.731084150262,
                -35.2136556156583
              ],
              [
                173.731899249933,
                -35.21288858273
              ],
              [
                173.732659400574,
                -35.2123626157217
              ],
              [
                173.732932399779,
                -35.2123114994688
              ],
              [
                173.733310100136,
                -35.2123439651974
              ],
              [
                173.734114183719,
                -35.2126648493956
              ],
              [
                173.734531650563,
                -35.2125617485202
              ],
              [
                173.73466671671,
                -35.2124434490388
              ],
              [
                173.734700283786,
                -35.2122667490407
              ],
              [
                173.734222549393,
                -35.2117315660427
              ],
              [
                173.734202399676,
                -35.2113355822778
              ],
              [
                173.734584967346,
                -35.2102481157181
              ],
              [
                173.734748750371,
                -35.2100012496609
              ],
              [
                173.735137216255,
                -35.2097575322989
              ],
              [
                173.735252650047,
                -35.2094523494044
              ],
              [
                173.734788999396,
                -35.2096022492834
              ],
              [
                173.734555166967,
                -35.2097589487411
              ],
              [
                173.734026766868,
                -35.2107275824319
              ],
              [
                173.733835867182,
                -35.2115940496611
              ],
              [
                173.734066916937,
                -35.2119571994876
              ],
              [
                173.734364700411,
                -35.2122605318858
              ],
              [
                173.734298233491,
                -35.212370732616
              ],
              [
                173.734055050075,
                -35.2123488653171
              ],
              [
                173.733265566314,
                -35.2120475824177
              ],
              [
                173.732818599843,
                -35.2120563155419
              ],
              [
                173.732481050747,
                -35.212151615249
              ],
              [
                173.732124533414,
                -35.2123546325198
              ],
              [
                173.73184121639,
                -35.212664982301
              ],
              [
                173.730661666969,
                -35.2136111323184
              ],
              [
                173.730560616688,
                -35.213524516481
              ],
              [
                173.730722816941,
                -35.2130291828737
              ],
              [
                173.730699566802,
                -35.2128621151446
              ],
              [
                173.73036351633,
                -35.212712365395
              ],
              [
                173.729797182695,
                -35.2128681486369
              ],
              [
                173.729491350727,
                -35.2131488152729
              ],
              [
                173.729563117326,
                -35.2140347823413
              ],
              [
                173.728883400149,
                -35.2144085990429
              ],
              [
                173.72832070025,
                -35.2152490986557
              ],
              [
                173.728164599221,
                -35.2153207488809
              ],
              [
                173.727859617085,
                -35.2152349830132
              ],
              [
                173.727354250101,
                -35.2147721823357
              ],
              [
                173.727108367258,
                -35.2147708992616
              ],
              [
                173.726595300321,
                -35.214963099557
              ],
              [
                173.726388350219,
                -35.2149227321446
              ],
              [
                173.726305949228,
                -35.2146642996889
              ],
              [
                173.726177883516,
                -35.213164815394
              ],
              [
                173.726003583415,
                -35.2129594156708
              ],
              [
                173.725357516442,
                -35.2128315488386
              ],
              [
                173.723376616905,
                -35.2133572493509
              ],
              [
                173.723195832982,
                -35.2135114324194
              ],
              [
                173.723278299209,
                -35.2137858996329
              ],
              [
                173.723466116945,
                -35.2139042159277
              ],
              [
                173.724277683773,
                -35.2141573824079
              ],
              [
                173.724488516568,
                -35.2144038326199
              ],
              [
                173.724565549449,
                -35.2147080988184
              ],
              [
                173.723776550674,
                -35.2155586826004
              ],
              [
                173.722935166731,
                -35.2160132823122
              ],
              [
                173.722852283629,
                -35.2161922491703
              ],
              [
                173.722921184042,
                -35.2165446320759
              ],
              [
                173.722841417456,
                -35.2167854324683
              ],
              [
                173.721870749353,
                -35.2176321489088
              ],
              [
                173.720902850188,
                -35.2174093819127
              ],
              [
                173.72050226675,
                -35.2172117822354
              ],
              [
                173.720094566543,
                -35.2172546657965
              ],
              [
                173.719214199912,
                -35.2177437492755
              ],
              [
                173.719103516758,
                -35.217952583028
              ],
              [
                173.7189261168,
                -35.2187617155918
              ],
              [
                173.718803765917,
                -35.2188767156926
              ],
              [
                173.718683316593,
                -35.2188199491273
              ],
              [
                173.718411750146,
                -35.2181775495232
              ],
              [
                173.718202016245,
                -35.2181394659503
              ],
              [
                173.717798400739,
                -35.2178960497416
              ],
              [
                173.71754391735,
                -35.21785358214
              ],
              [
                173.717320816796,
                -35.2179323484351
              ],
              [
                173.717117734085,
                -35.2181049164487
              ],
              [
                173.716948434128,
                -35.2188613324577
              ],
              [
                173.716178766586,
                -35.2196957654541
              ],
              [
                173.716022300124,
                -35.2196940986483
              ],
              [
                173.715890082617,
                -35.2195228656417
              ],
              [
                173.715607383631,
                -35.2194255488886
              ],
              [
                173.714965033278,
                -35.219483099267
              ],
              [
                173.714619083074,
                -35.2195829660264
              ],
              [
                173.714292632534,
                -35.2202163490639
              ],
              [
                173.714335584054,
                -35.2204176994607
              ],
              [
                173.714518216288,
                -35.2206139154114
              ],
              [
                173.716215633933,
                -35.2208818823118
              ],
              [
                173.716652367325,
                -35.2210449989541
              ],
              [
                173.716864549182,
                -35.2210120654808
              ],
              [
                173.717343599727,
                -35.2207124328251
              ],
              [
                173.717489050465,
                -35.2207461821189
              ],
              [
                173.717593967043,
                -35.2215793658429
              ],
              [
                173.717149516828,
                -35.2220872663914
              ],
              [
                173.716944516313,
                -35.2224270317537
              ],
              [
                173.716834949892,
                -35.2228534320351
              ],
              [
                173.716998950197,
                -35.223228332648
              ],
              [
                173.717381466228,
                -35.2237099991145
              ],
              [
                173.717503483968,
                -35.224069049038
              ],
              [
                173.717197332744,
                -35.2243038654808
              ],
              [
                173.716109932495,
                -35.2247616993099
              ],
              [
                173.715161533296,
                -35.2250838658227
              ],
              [
                173.714895566019,
                -35.2249864658869
              ],
              [
                173.714568249343,
                -35.2243671658975
              ],
              [
                173.714391382679,
                -35.224205282168
              ],
              [
                173.713784982737,
                -35.2241962654591
              ],
              [
                173.713556316482,
                -35.2242841989821
              ],
              [
                173.712907366829,
                -35.2257891160058
              ],
              [
                173.712951650144,
                -35.2262515323937
              ],
              [
                173.712891133316,
                -35.2264372657104
              ],
              [
                173.711952332577,
                -35.2275494492148
              ],
              [
                173.711726533746,
                -35.2276579822083
              ],
              [
                173.711494366276,
                -35.227610815583
              ],
              [
                173.711080949992,
                -35.2270926153889
              ],
              [
                173.710591283652,
                -35.2269640321382
              ],
              [
                173.710242632513,
                -35.2270890990837
              ],
              [
                173.709853850467,
                -35.2275669824993
              ],
              [
                173.709396933533,
                -35.2278344495917
              ],
              [
                173.709124565932,
                -35.2281263823605
              ],
              [
                173.709151783596,
                -35.2285361991697
              ],
              [
                173.709716982799,
                -35.2297774657844
              ],
              [
                173.709999832787,
                -35.2298977159453
              ],
              [
                173.710736583705,
                -35.229704681828
              ],
              [
                173.710842966741,
                -35.2297431984407
              ],
              [
                173.710868616356,
                -35.2298392821032
              ],
              [
                173.710766299202,
                -35.2300503654281
              ],
              [
                173.710325099353,
                -35.2301139652521
              ],
              [
                173.709274666876,
                -35.2307204489315
              ],
              [
                173.70798716687,
                -35.2308698325655
              ],
              [
                173.707568900762,
                -35.2310501323773
              ],
              [
                173.707371699559,
                -35.231286782961
              ],
              [
                173.707372599632,
                -35.2314654153209
              ],
              [
                173.707720033433,
                -35.231644948889
              ],
              [
                173.707779266648,
                -35.2317546326312
              ],
              [
                173.707574100177,
                -35.2320760660782
              ],
              [
                173.707206433307,
                -35.2323133989634
              ],
              [
                173.706290699846,
                -35.2324864992297
              ],
              [
                173.705631382488,
                -35.2325280324548
              ],
              [
                173.705049266236,
                -35.232641048972
              ],
              [
                173.704805932909,
                -35.2326270662235
              ],
              [
                173.704403883231,
                -35.2327349986552
              ],
              [
                173.703989833941,
                -35.2335392160013
              ],
              [
                173.703760266679,
                -35.2344523659905
              ],
              [
                173.703309333519,
                -35.2351313157733
              ],
              [
                173.703173399616,
                -35.2351657997827
              ],
              [
                173.70310219938,
                -35.2351143989104
              ],
              [
                173.703122767099,
                -35.2343217657172
              ],
              [
                173.703012649762,
                -35.2340695490525
              ],
              [
                173.702358967265,
                -35.2339598325064
              ],
              [
                173.701896366705,
                -35.2337894823619
              ],
              [
                173.701094399815,
                -35.2332541985462
              ],
              [
                173.700706183323,
                -35.2328374986092
              ],
              [
                173.699706884036,
                -35.2324408323176
              ],
              [
                173.699275417255,
                -35.2320775492588
              ],
              [
                173.698279533171,
                -35.2317036991544
              ],
              [
                173.697434800061,
                -35.2312378652864
              ],
              [
                173.697324766466,
                -35.2307795657016
              ],
              [
                173.697068249881,
                -35.230587199388
              ],
              [
                173.69688961666,
                -35.2305903830091
              ],
              [
                173.696659333152,
                -35.2306471326297
              ],
              [
                173.696468483341,
                -35.23081996537
              ],
              [
                173.696409400201,
                -35.2315331485866
              ],
              [
                173.696193883901,
                -35.2320361493132
              ],
              [
                173.695446016437,
                -35.2324753322337
              ],
              [
                173.695384466123,
                -35.232783265753
              ],
              [
                173.69516770034,
                -35.2332404994464
              ],
              [
                173.694516766702,
                -35.2339618825927
              ],
              [
                173.694349417251,
                -35.2342831318461
              ],
              [
                173.694140733084,
                -35.2343120160102
              ],
              [
                173.693890233425,
                -35.2341355819704
              ],
              [
                173.693384517441,
                -35.2340231994152
              ],
              [
                173.693208216618,
                -35.234010281794
              ],
              [
                173.692939466927,
                -35.2340906154992
              ],
              [
                173.692374699821,
                -35.2346936821272
              ],
              [
                173.689869949641,
                -35.2365560323413
              ],
              [
                173.6889700501,
                -35.237397665753
              ],
              [
                173.688633517211,
                -35.237550998528
              ],
              [
                173.688489866393,
                -35.2374191325484
              ],
              [
                173.688421199448,
                -35.2372409828297
              ],
              [
                173.688529266642,
                -35.2362730654309
              ],
              [
                173.688444834034,
                -35.2356219830455
              ],
              [
                173.688081517377,
                -35.2341491989035
              ],
              [
                173.6879517832,
                -35.2338927489674
              ],
              [
                173.68767133316,
                -35.2337442820278
              ],
              [
                173.686994132509,
                -35.2336944492383
              ],
              [
                173.685640566735,
                -35.2334161324118
              ],
              [
                173.685098800232,
                -35.233416549138
              ],
              [
                173.684979416585,
                -35.2333385155913
              ],
              [
                173.684968383574,
                -35.2331349156384
              ],
              [
                173.685204033132,
                -35.2327552156672
              ],
              [
                173.685301783383,
                -35.2323367489317
              ],
              [
                173.684666333261,
                -35.2317572162665
              ],
              [
                173.684553499965,
                -35.2316103653569
              ],
              [
                173.684509582735,
                -35.2313249156979
              ],
              [
                173.684868416636,
                -35.2306430825889
              ],
              [
                173.685348632502,
                -35.2302201490652
              ],
              [
                173.685600650137,
                -35.2298264325569
              ],
              [
                173.685624800749,
                -35.2294756653096
              ],
              [
                173.685489500023,
                -35.2289055989376
              ],
              [
                173.685603366223,
                -35.2286723157719
              ],
              [
                173.685936766514,
                -35.2285038652757
              ],
              [
                173.686767316858,
                -35.2285464152111
              ],
              [
                173.687392749786,
                -35.2284368825172
              ],
              [
                173.687625416709,
                -35.2282610320687
              ],
              [
                173.687977732507,
                -35.2276502986278
              ],
              [
                173.688683532614,
                -35.227205032252
              ],
              [
                173.688845666744,
                -35.2268976159275
              ],
              [
                173.689078149438,
                -35.2267148991805
              ],
              [
                173.689301800571,
                -35.2264109660105
              ],
              [
                173.689340866339,
                -35.2259912492404
              ],
              [
                173.689096365892,
                -35.2256200492297
              ],
              [
                173.688983000153,
                -35.225244248569
              ],
              [
                173.689048849787,
                -35.2247828322522
              ],
              [
                173.688990666412,
                -35.2244861823443
              ],
              [
                173.688889416212,
                -35.2243551661342
              ],
              [
                173.687261932962,
                -35.2234336990553
              ],
              [
                173.686836883114,
                -35.223097749043
              ],
              [
                173.686710983204,
                -35.2227748164414
              ],
              [
                173.687039217287,
                -35.2223087653646
              ],
              [
                173.687195617311,
                -35.2218915325783
              ],
              [
                173.687172716919,
                -35.22176601579
              ],
              [
                173.686557532666,
                -35.2212113164434
              ],
              [
                173.686320267153,
                -35.2206911318968
              ],
              [
                173.686294900063,
                -35.2202633988133
              ],
              [
                173.686140482495,
                -35.2200233994919
              ],
              [
                173.685166149941,
                -35.2198208160614
              ],
              [
                173.684522650472,
                -35.2195642828567
              ],
              [
                173.68370086659,
                -35.2195329989493
              ],
              [
                173.683550015889,
                -35.2194257490195
              ],
              [
                173.683569966834,
                -35.2189170661742
              ],
              [
                173.683675750756,
                -35.2186953825773
              ],
              [
                173.683987883143,
                -35.2184631655493
              ],
              [
                173.684565216882,
                -35.2182285656257
              ],
              [
                173.684602383381,
                -35.2180515989855
              ],
              [
                173.684471415957,
                -35.2178524159352
              ],
              [
                173.683980299852,
                -35.2176549993353
              ],
              [
                173.683126500187,
                -35.2175739152112
              ],
              [
                173.681449166652,
                -35.2168707823964
              ],
              [
                173.680496417322,
                -35.2167433324504
              ],
              [
                173.680268999287,
                -35.2165916324566
              ],
              [
                173.680223167198,
                -35.2164435988759
              ],
              [
                173.68034029928,
                -35.2161232661778
              ],
              [
                173.680744116684,
                -35.2154543818223
              ],
              [
                173.680608366477,
                -35.2151797155561
              ],
              [
                173.680328699787,
                -35.2148480487455
              ],
              [
                173.68004733408,
                -35.2146629489062
              ],
              [
                173.680050617171,
                -35.2145758830463
              ],
              [
                173.680611233178,
                -35.2143438817907
              ],
              [
                173.681307967074,
                -35.2141896321517
              ],
              [
                173.682159799971,
                -35.2138837825995
              ],
              [
                173.683046800433,
                -35.2134307657117
              ],
              [
                173.683106400319,
                -35.2132579829011
              ],
              [
                173.682403616436,
                -35.2120315989081
              ],
              [
                173.682167284034,
                -35.2117541323954
              ],
              [
                173.681774416068,
                -35.2114702658215
              ],
              [
                173.681536116751,
                -35.2115385823958
              ],
              [
                173.68135191697,
                -35.2119608657693
              ],
              [
                173.681116116854,
                -35.2121230163602
              ],
              [
                173.680153816107,
                -35.2117392824789
              ],
              [
                173.679727783219,
                -35.2116780986505
              ],
              [
                173.679116366343,
                -35.2116797317897
              ],
              [
                173.678795182708,
                -35.2115708990431
              ],
              [
                173.678641200507,
                -35.211449966307
              ],
              [
                173.678611682963,
                -35.2110749497287
              ],
              [
                173.678815250762,
                -35.2106454654947
              ],
              [
                173.67877431665,
                -35.2102614824778
              ],
              [
                173.678084932721,
                -35.2099553664042
              ],
              [
                173.677743966662,
                -35.2097323819315
              ],
              [
                173.677329117364,
                -35.2089359822574
              ],
              [
                173.676576033457,
                -35.2085439317775
              ],
              [
                173.676409566896,
                -35.2082675158912
              ],
              [
                173.676458682495,
                -35.2080147821871
              ],
              [
                173.676907083562,
                -35.2073428320906
              ],
              [
                173.677004234001,
                -35.2070068153075
              ],
              [
                173.677580117408,
                -35.2068249326636
              ],
              [
                173.677839449895,
                -35.2066028163363
              ],
              [
                173.677855433338,
                -35.2062590829938
              ],
              [
                173.67760346624,
                -35.205917748451
              ],
              [
                173.677631666135,
                -35.2057180488611
              ],
              [
                173.677857933039,
                -35.2057232159119
              ],
              [
                173.678324232701,
                -35.2061454817979
              ],
              [
                173.678561265908,
                -35.2062397663575
              ],
              [
                173.678813449461,
                -35.2062742491542
              ],
              [
                173.679606882822,
                -35.2061892826153
              ],
              [
                173.68009166636,
                -35.2063616159856
              ],
              [
                173.681017950421,
                -35.2064437330428
              ],
              [
                173.682058582817,
                -35.206310883003
              ],
              [
                173.682298900454,
                -35.2060043829833
              ],
              [
                173.683487950493,
                -35.2062031993201
              ],
              [
                173.684600416934,
                -35.2058331990203
              ],
              [
                173.68494886721,
                -35.2058133153367
              ],
              [
                173.685048000198,
                -35.2058664989341
              ],
              [
                173.685091249964,
                -35.2061267827057
              ],
              [
                173.685302666195,
                -35.2065168825753
              ],
              [
                173.685757216387,
                -35.2068111151814
              ],
              [
                173.685991000251,
                -35.2066787489433
              ],
              [
                173.686061666549,
                -35.2062928159104
              ],
              [
                173.685646249268,
                -35.2057918159199
              ],
              [
                173.685687683783,
                -35.2056697158476
              ],
              [
                173.68606494938,
                -35.205683665857
              ],
              [
                173.686208849918,
                -35.2057406488372
              ],
              [
                173.68651773287,
                -35.2062251990877
              ],
              [
                173.686727283455,
                -35.2063359828137
              ],
              [
                173.686926016954,
                -35.2063553662686
              ],
              [
                173.687526399533,
                -35.2062554496591
              ],
              [
                173.688775166971,
                -35.2058669657208
              ],
              [
                173.68955308311,
                -35.2054112495272
              ],
              [
                173.690751967001,
                -35.2053510818217
              ],
              [
                173.691413283529,
                -35.2047119493699
              ],
              [
                173.691894899681,
                -35.2044515155647
              ],
              [
                173.692116267379,
                -35.2044819322402
              ],
              [
                173.692278933042,
                -35.2046141659114
              ],
              [
                173.692644416913,
                -35.2052304989291
              ],
              [
                173.693071966625,
                -35.2054541992446
              ],
              [
                173.693430933499,
                -35.2055142163898
              ],
              [
                173.693809750101,
                -35.2053769828846
              ],
              [
                173.694047916884,
                -35.2052010153394
              ],
              [
                173.694248900423,
                -35.2047829824072
              ],
              [
                173.694282449412,
                -35.2043679317997
              ],
              [
                173.69438270024,
                -35.204253949402
              ],
              [
                173.694867449465,
                -35.2040071987773
              ],
              [
                173.695084416828,
                -35.2036644658109
              ],
              [
                173.695207116598,
                -35.2036599823962
              ],
              [
                173.695599600129,
                -35.2038247494772
              ],
              [
                173.6960084164,
                -35.2042868992475
              ],
              [
                173.696172115943,
                -35.2043526824023
              ],
              [
                173.697074549911,
                -35.2041694830627
              ],
              [
                173.697387933286,
                -35.2039875990557
              ],
              [
                173.697702399532,
                -35.2039499497333
              ],
              [
                173.697899149848,
                -35.2042074993221
              ],
              [
                173.697826166684,
                -35.2044011325279
              ],
              [
                173.697891949286,
                -35.2044594994638
              ],
              [
                173.698295749919,
                -35.2045255988962
              ],
              [
                173.698690800404,
                -35.2053062654088
              ],
              [
                173.698970316582,
                -35.2054226492215
              ],
              [
                173.699166032597,
                -35.2054329157104
              ],
              [
                173.699094683232,
                -35.2055830164825
              ],
              [
                173.698719550613,
                -35.2058575997772
              ],
              [
                173.698674666732,
                -35.2060576157544
              ],
              [
                173.699211867079,
                -35.2064121496028
              ],
              [
                173.699626116055,
                -35.2068673159814
              ],
              [
                173.700198382872,
                -35.2078005325107
              ],
              [
                173.700376899536,
                -35.2078980989471
              ],
              [
                173.700595299827,
                -35.2079216986104
              ],
              [
                173.70089248308,
                -35.2078637492219
              ],
              [
                173.701346483325,
                -35.2076152319879
              ],
              [
                173.701602966622,
                -35.2076014992646
              ],
              [
                173.702813416535,
                -35.2081775823002
              ],
              [
                173.702929166617,
                -35.2083289326093
              ],
              [
                173.702890782969,
                -35.2088745823992
              ],
              [
                173.702951499517,
                -35.2091597320272
              ],
              [
                173.703053916612,
                -35.2093342329386
              ],
              [
                173.703147049493,
                -35.209371499061
              ],
              [
                173.703512749812,
                -35.2093695658438
              ],
              [
                173.703634950016,
                -35.2092414325073
              ],
              [
                173.703703033691,
                -35.2089700329812
              ],
              [
                173.703859700592,
                -35.2088779154661
              ],
              [
                173.704792350128,
                -35.2090902823953
              ],
              [
                173.704915282992,
                -35.2089896161994
              ],
              [
                173.704950249898,
                -35.2087325319624
              ],
              [
                173.704303383095,
                -35.2080388158348
              ],
              [
                173.704209850598,
                -35.207779432363
              ],
              [
                173.704322832648,
                -35.2075163824376
              ],
              [
                173.704586850116,
                -35.207367416372
              ],
              [
                173.704902600213,
                -35.2073006496083
              ],
              [
                173.705051283201,
                -35.2071570490459
              ],
              [
                173.705207599946,
                -35.2067820661923
              ],
              [
                173.705617132501,
                -35.2065234162499
              ],
              [
                173.705625933843,
                -35.2061843988398
              ],
              [
                173.705305816721,
                -35.2060779322121
              ],
              [
                173.70528260033,
                -35.2060209327412
              ],
              [
                173.70544025012,
                -35.2059161657562
              ],
              [
                173.705610499749,
                -35.2059051658592
              ],
              [
                173.705717550569,
                -35.2059635494748
              ],
              [
                173.705794967395,
                -35.2059100319432
              ],
              [
                173.705521649232,
                -35.2055740491066
              ],
              [
                173.705922882976,
                -35.2049559497091
              ],
              [
                173.705914199947,
                -35.204752232709
              ],
              [
                173.705755299304,
                -35.204408132533
              ],
              [
                173.705829733203,
                -35.2041599988424
              ],
              [
                173.706155615923,
                -35.2037304990044
              ],
              [
                173.706788099219,
                -35.2032541659263
              ],
              [
                173.707087732739,
                -35.2029348825623
              ],
              [
                173.707458549237,
                -35.2021544997546
              ],
              [
                173.707640167074,
                -35.2019738992307
              ],
              [
                173.70785101618,
                -35.2018777160715
              ],
              [
                173.708182800349,
                -35.2018351819317
              ],
              [
                173.708782700658,
                -35.2021538657974
              ],
              [
                173.70919401701,
                -35.2020142651876
              ],
              [
                173.709554433849,
                -35.2020172320224
              ],
              [
                173.70973944996,
                -35.2018755155121
              ],
              [
                173.709851849487,
                -35.2013704661827
              ],
              [
                173.710171666223,
                -35.2010944660751
              ],
              [
                173.71019833367,
                -35.2008285155723
              ],
              [
                173.709886934013,
                -35.2007425827237
              ],
              [
                173.70897664986,
                -35.2011349324732
              ],
              [
                173.708595066496,
                -35.2012100659869
              ],
              [
                173.708493967027,
                -35.2011745322327
              ],
              [
                173.708425033087,
                -35.2010516158021
              ],
              [
                173.708642099332,
                -35.2004492496345
              ],
              [
                173.708614366731,
                -35.2000968660847
              ],
              [
                173.708467499306,
                -35.1999908155719
              ],
              [
                173.707925182599,
                -35.1999669330177
              ],
              [
                173.707873650129,
                -35.1998850496493
              ],
              [
                173.708773966871,
                -35.199023348814
              ],
              [
                173.709298999922,
                -35.198648931943
              ],
              [
                173.709449350048,
                -35.1984343151831
              ],
              [
                173.709811083535,
                -35.198341065892
              ],
              [
                173.709929466558,
                -35.19822756582
              ],
              [
                173.709893549261,
                -35.1977057990535
              ],
              [
                173.709793383561,
                -35.1975488652663
              ],
              [
                173.709581950688,
                -35.1974229163456
              ],
              [
                173.709212816456,
                -35.1974310327194
              ],
              [
                173.708802567104,
                -35.1974222330584
              ],
              [
                173.708425550163,
                -35.1972453985528
              ],
              [
                173.708183116122,
                -35.1972846822477
              ],
              [
                173.70793941736,
                -35.1972415330048
              ],
              [
                173.707293749423,
                -35.1970332660512
              ],
              [
                173.707219383106,
                -35.1969195651797
              ],
              [
                173.7072835836,
                -35.1965501485834
              ],
              [
                173.70722250003,
                -35.1963905163946
              ],
              [
                173.707236382928,
                -35.1965689991111
              ],
              [
                173.707126882513,
                -35.1968976658784
              ],
              [
                173.707255133743,
                -35.1970657487094
              ],
              [
                173.707752549359,
                -35.1972595987807
              ],
              [
                173.708463317309,
                -35.1973411824887
              ],
              [
                173.708742450615,
                -35.1975099164457
              ],
              [
                173.709547949925,
                -35.197574449141
              ],
              [
                173.709768950698,
                -35.1977781489755
              ],
              [
                173.709815599929,
                -35.1979058823328
              ],
              [
                173.709798333175,
                -35.1982381485611
              ],
              [
                173.709347350368,
                -35.19833923248
              ],
              [
                173.709150516449,
                -35.1986207662498
              ],
              [
                173.708586450317,
                -35.1990001988793
              ],
              [
                173.707693983064,
                -35.1998274664678
              ],
              [
                173.707706966646,
                -35.1999463984821
              ],
              [
                173.70787903304,
                -35.2000544657718
              ],
              [
                173.708494416514,
                -35.2001073323913
              ],
              [
                173.708339766696,
                -35.200406715815
              ],
              [
                173.708372300123,
                -35.2005254495189
              ],
              [
                173.708208149706,
                -35.200934882911
              ],
              [
                173.708194016547,
                -35.2011067990033
              ],
              [
                173.708293982997,
                -35.2012499825915
              ],
              [
                173.708759533887,
                -35.2013685989995
              ],
              [
                173.708943483158,
                -35.2013413992589
              ],
              [
                173.709796516772,
                -35.2008580657272
              ],
              [
                173.710059383435,
                -35.2008758324587
              ],
              [
                173.710041817506,
                -35.2010065489826
              ],
              [
                173.709631783654,
                -35.2014117992718
              ],
              [
                173.709568816871,
                -35.2018613491143
              ],
              [
                173.709111266746,
                -35.2019006652121
              ],
              [
                173.708761433088,
                -35.2020418821798
              ],
              [
                173.708228832718,
                -35.2017407824915
              ],
              [
                173.707978883993,
                -35.201722932666
              ],
              [
                173.70320440014,
                -35.1991525156727
              ],
              [
                173.704661200016,
                -35.1945682164118
              ],
              [
                173.697839300355,
                -35.1932560818216
              ],
              [
                173.697024150247,
                -35.1912557495145
              ],
              [
                173.699315983136,
                -35.1840844162759
              ],
              [
                173.700569033378,
                -35.1835583317463
              ],
              [
                173.70101288355,
                -35.1831451329872
              ],
              [
                173.702705050511,
                -35.1822379664014
              ],
              [
                173.703892267381,
                -35.1820679487478
              ],
              [
                173.704561899728,
                -35.181852198562
              ],
              [
                173.706446566967,
                -35.182335199712
              ],
              [
                173.707053483438,
                -35.1827568662188
              ],
              [
                173.70783146706,
                -35.1828583484704
              ],
              [
                173.709029500405,
                -35.1832140488458
              ],
              [
                173.70967481677,
                -35.1835894656169
              ],
              [
                173.70980315045,
                -35.1839453495064
              ],
              [
                173.709538383321,
                -35.1843466991186
              ],
              [
                173.709815533035,
                -35.1847536323051
              ],
              [
                173.712019516722,
                -35.185320498946
              ],
              [
                173.712648466444,
                -35.185354849294
              ],
              [
                173.713243850575,
                -35.1855356161712
              ],
              [
                173.713315033186,
                -35.1858279657774
              ],
              [
                173.716936316441,
                -35.1866343825835
              ],
              [
                173.717811849504,
                -35.187174832117
              ],
              [
                173.719225750473,
                -35.1869491492812
              ],
              [
                173.719876383055,
                -35.1864745822292
              ],
              [
                173.720847316559,
                -35.1863055484598
              ],
              [
                173.722063149909,
                -35.189412433009
              ],
              [
                173.722876266688,
                -35.1895835157635
              ],
              [
                173.726715433563,
                -35.1895911159301
              ],
              [
                173.728613399994,
                -35.1898974326092
              ],
              [
                173.730592549729,
                -35.1901000158334
              ],
              [
                173.731857017266,
                -35.189959082146
              ],
              [
                173.731759033353,
                -35.1886662489411
              ],
              [
                173.730455266956,
                -35.1877255486103
              ],
              [
                173.729389682704,
                -35.1868011485572
              ],
              [
                173.73015561738,
                -35.1850953160596
              ],
              [
                173.732854882571,
                -35.1823325990917
              ],
              [
                173.732546483624,
                -35.1815520494566
              ],
              [
                173.728243599954,
                -35.1800681492785
              ],
              [
                173.730736866535,
                -35.1760028493018
              ],
              [
                173.730918033124,
                -35.1761148988342
              ],
              [
                173.731141282901,
                -35.176162765839
              ],
              [
                173.73145868342,
                -35.1761476992018
              ],
              [
                173.732038949873,
                -35.1760056160332
              ],
              [
                173.73181636655,
                -35.1779556491506
              ],
              [
                173.741557333495,
                -35.1795387159693
              ],
              [
                173.742353250223,
                -35.1808080162646
              ],
              [
                173.742817967312,
                -35.1821450822823
              ],
              [
                173.74281464740108,
                -35.18407922082021
              ],
              [
                173.745330416524,
                -35.1833655660051
              ],
              [
                173.745515733464,
                -35.1825343656241
              ],
              [
                173.746444616839,
                -35.1817567489692
              ],
              [
                173.751370432961,
                -35.1783778661854
              ],
              [
                173.752344633401,
                -35.1767846157082
              ],
              [
                173.752470566401,
                -35.1742485488477
              ],
              [
                173.75288554975,
                -35.1741478660733
              ],
              [
                173.753132283451,
                -35.1739855821902
              ],
              [
                173.75376851703,
                -35.1739222986817
              ],
              [
                173.7540727337,
                -35.1736963654176
              ],
              [
                173.754923117062,
                -35.1738211320142
              ],
              [
                173.755310033072,
                -35.1737255995344
              ],
              [
                173.755871749687,
                -35.1737239494184
              ],
              [
                173.757487566582,
                -35.1732571495268
              ],
              [
                173.758025466369,
                -35.1728066491599
              ],
              [
                173.75814318316,
                -35.1725750820686
              ],
              [
                173.75792224954,
                -35.1724473658832
              ],
              [
                173.757454100247,
                -35.1724634156821
              ],
              [
                173.757395366384,
                -35.1722815988351
              ],
              [
                173.757561100358,
                -35.1721509992331
              ],
              [
                173.758253400249,
                -35.1719730990573
              ],
              [
                173.758526450491,
                -35.1718450327252
              ],
              [
                173.758563049903,
                -35.1717401162162
              ],
              [
                173.758442517153,
                -35.1715687659715
              ],
              [
                173.758851399552,
                -35.1714519490399
              ],
              [
                173.758989866706,
                -35.1713566157586
              ],
              [
                173.759084516391,
                -35.1708174493467
              ],
              [
                173.759672449547,
                -35.1708858493114
              ],
              [
                173.760150349532,
                -35.1708014987875
              ],
              [
                173.760288249906,
                -35.1711361654492
              ],
              [
                173.760781432891,
                -35.1713904487084
              ],
              [
                173.760966949517,
                -35.1717359161942
              ],
              [
                173.761772466394,
                -35.1721278822583
              ],
              [
                173.762077867164,
                -35.1724717157107
              ],
              [
                173.762237516634,
                -35.1725061656804
              ],
              [
                173.762565267109,
                -35.1724421493596
              ],
              [
                173.76282240044,
                -35.17246391567
              ],
              [
                173.762405783798,
                -35.173371582451
              ],
              [
                173.766348250482,
                -35.1745677488557
              ],
              [
                173.768035149651,
                -35.1707974494295
              ],
              [
                173.777196983791,
                -35.1734779326119
              ],
              [
                173.776918350215,
                -35.1766489989209
              ],
              [
                173.775008583546,
                -35.1797544656312
              ],
              [
                173.774700966286,
                -35.1809779161135
              ],
              [
                173.778154316365,
                -35.1818352826585
              ],
              [
                173.779728916644,
                -35.1832866325016
              ],
              [
                173.78462436649,
                -35.18303121547
              ],
              [
                173.784550199884,
                -35.1832142490272
              ],
              [
                173.78458931634,
                -35.1838913987778
              ],
              [
                173.78487621688,
                -35.1854900819593
              ],
              [
                173.785319900202,
                -35.1859052155804
              ],
              [
                173.78603835045,
                -35.1862547159743
              ],
              [
                173.786153883333,
                -35.1867155994652
              ],
              [
                173.78630841627,
                -35.1867706992311
              ],
              [
                173.786648350463,
                -35.1866194661602
              ],
              [
                173.787022266349,
                -35.1868981820843
              ],
              [
                173.787616382855,
                -35.1870341822489
              ],
              [
                173.787998633695,
                -35.1873104992156
              ],
              [
                173.788221266323,
                -35.1878248489119
              ],
              [
                173.788525883075,
                -35.1881228320027
              ],
              [
                173.789165033449,
                -35.188143732036
              ],
              [
                173.789913649867,
                -35.1883325158001
              ],
              [
                173.790279066319,
                -35.1880664487364
              ],
              [
                173.790703716435,
                -35.1879666824265
              ],
              [
                173.790969233489,
                -35.1879927655989
              ],
              [
                173.794622183996,
                -35.1900391822799
              ],
              [
                173.795336466757,
                -35.1902159658352
              ],
              [
                173.79559779964,
                -35.1904745651936
              ],
              [
                173.795778966305,
                -35.1907708159115
              ],
              [
                173.795729717452,
                -35.1915700326209
              ],
              [
                173.795823133865,
                -35.1922439989908
              ],
              [
                173.796268450814,
                -35.1927988158608
              ],
              [
                173.796911532847,
                -35.1932515825541
              ],
              [
                173.795782200029,
                -35.1930790488912
              ],
              [
                173.795735899622,
                -35.1938896495579
              ],
              [
                173.795480849511,
                -35.1936674826396
              ],
              [
                173.794995966509,
                -35.1939824824664
              ],
              [
                173.794562316917,
                -35.1940526322438
              ],
              [
                173.794215000347,
                -35.19441813226
              ],
              [
                173.793765933535,
                -35.1945592158555
              ],
              [
                173.792504033289,
                -35.1952231156784
              ],
              [
                173.79207388367,
                -35.195331998961
              ],
              [
                173.791885267184,
                -35.1955354825
              ],
              [
                173.791703366296,
                -35.1959510659742
              ],
              [
                173.7913128669,
                -35.1959430154972
              ],
              [
                173.790977399806,
                -35.1960459489825
              ],
              [
                173.790564966162,
                -35.1963598988448
              ],
              [
                173.790205633259,
                -35.1963787820762
              ],
              [
                173.78996498276,
                -35.1964826322691
              ],
              [
                173.789418517077,
                -35.1964836487315
              ],
              [
                173.788989049601,
                -35.1967818824204
              ],
              [
                173.788774400136,
                -35.1970861327526
              ],
              [
                173.78850088278,
                -35.1972223987485
              ],
              [
                173.788199433186,
                -35.1975073662333
              ],
              [
                173.788087216911,
                -35.1974701987586
              ],
              [
                173.787953166889,
                -35.1973078659675
              ],
              [
                173.787519533604,
                -35.1973802492562
              ],
              [
                173.787468682567,
                -35.1974950661163
              ],
              [
                173.787610583518,
                -35.1977804826004
              ],
              [
                173.787895400157,
                -35.1981049317879
              ],
              [
                173.787816482837,
                -35.1983616159855
              ],
              [
                173.787937650447,
                -35.1985635662269
              ],
              [
                173.788131817224,
                -35.1986764821691
              ],
              [
                173.788171949399,
                -35.198946165805
              ],
              [
                173.788376583612,
                -35.1989467326073
              ],
              [
                173.788824700271,
                -35.1992049486612
              ],
              [
                173.789319983965,
                -35.1997522163578
              ],
              [
                173.789854267044,
                -35.1999954822144
              ],
              [
                173.790043816194,
                -35.200143332089
              ],
              [
                173.790227300095,
                -35.2004144653899
              ],
              [
                173.790490383327,
                -35.2004677158193
              ],
              [
                173.791228966475,
                -35.2002996489632
              ],
              [
                173.791595466367,
                -35.2003650828163
              ],
              [
                173.791956166472,
                -35.2005697989211
              ],
              [
                173.792295333219,
                -35.2006652822356
              ],
              [
                173.792382333179,
                -35.2009971326644
              ],
              [
                173.792570449898,
                -35.2012179991242
              ],
              [
                173.793177616607,
                -35.2011795663643
              ],
              [
                173.793541866671,
                -35.2012746996973
              ],
              [
                173.793689316757,
                -35.2012565994632
              ],
              [
                173.794101216088,
                -35.2015153153133
              ],
              [
                173.794404733995,
                -35.2014926821215
              ],
              [
                173.7946375166,
                -35.2015646158338
              ],
              [
                173.794926283663,
                -35.2014988324351
              ],
              [
                173.795214416118,
                -35.2015494329688
              ],
              [
                173.795605166643,
                -35.2017194485641
              ],
              [
                173.795844117177,
                -35.2019738151405
              ],
              [
                173.796009183372,
                -35.2020033657399
              ],
              [
                173.796358833675,
                -35.202212783064
              ],
              [
                173.7965741667,
                -35.2022461653526
              ],
              [
                173.796820632812,
                -35.2024547822344
              ],
              [
                173.79714059999,
                -35.2025665156479
              ],
              [
                173.797351116961,
                -35.2027916164393
              ],
              [
                173.797551583334,
                -35.2027750324529
              ],
              [
                173.79776501643,
                -35.2028563496458
              ],
              [
                173.79791753334,
                -35.2028107987641
              ],
              [
                173.798294316906,
                -35.202978732662
              ],
              [
                173.798407633295,
                -35.2030751988044
              ],
              [
                173.800404899566,
                -35.2073081489479
              ],
              [
                173.801842416433,
                -35.2078895825657
              ],
              [
                173.800781699951,
                -35.2089009823696
              ],
              [
                173.800464950698,
                -35.2088155830029
              ],
              [
                173.799257967184,
                -35.2087877491737
              ],
              [
                173.797894467212,
                -35.2088624986967
              ],
              [
                173.796684800271,
                -35.209059882117
              ],
              [
                173.795621615928,
                -35.2095271323703
              ],
              [
                173.794629216697,
                -35.2104324659939
              ],
              [
                173.794234800242,
                -35.2115616155103
              ],
              [
                173.794166500179,
                -35.2122262993791
              ],
              [
                173.793710382636,
                -35.2126594321732
              ],
              [
                173.794805383204,
                -35.2151828821583
              ],
              [
                173.789867216156,
                -35.2168051993455
              ],
              [
                173.789417366624,
                -35.2170963159163
              ],
              [
                173.788936883702,
                -35.2177352995348
              ],
              [
                173.788432100351,
                -35.2181280321278
              ],
              [
                173.787921499535,
                -35.2182718828298
              ],
              [
                173.787574216246,
                -35.2185127820165
              ],
              [
                173.786827533844,
                -35.2188108989202
              ],
              [
                173.786524850363,
                -35.2209188161262
              ],
              [
                173.786051649272,
                -35.2212376823613
              ],
              [
                173.784597533663,
                -35.2219348488142
              ],
              [
                173.783925316416,
                -35.2224960992026
              ],
              [
                173.783783449908,
                -35.223526849179
              ],
              [
                173.782786033483,
                -35.2247695997702
              ],
              [
                173.783639199979,
                -35.2253823324515
              ],
              [
                173.78358838306,
                -35.2269640493268
              ],
              [
                173.783374049578,
                -35.2268656817369
              ],
              [
                173.778599050708,
                -35.2296659826102
              ],
              [
                173.778617900072,
                -35.2294079659231
              ],
              [
                173.778212134096,
                -35.2289493497117
              ],
              [
                173.777324599212,
                -35.2285759484536
              ],
              [
                173.776722099204,
                -35.228470566476
              ],
              [
                173.776573366137,
                -35.2283150825263
              ],
              [
                173.776166950799,
                -35.2282975321246
              ],
              [
                173.776005783697,
                -35.2281969494736
              ],
              [
                173.776020016944,
                -35.2280005656046
              ],
              [
                173.775697332481,
                -35.2278906656931
              ],
              [
                173.775200267173,
                -35.2272879329748
              ],
              [
                173.775252849719,
                -35.2268605990769
              ],
              [
                173.775082950135,
                -35.2264315827137
              ],
              [
                173.774712549869,
                -35.2263040655793
              ],
              [
                173.77457444947,
                -35.2261301825147
              ],
              [
                173.774698916361,
                -35.2255832656557
              ],
              [
                173.774617967177,
                -35.2251530994318
              ],
              [
                173.774416617005,
                -35.2247952321378
              ],
              [
                173.773776432839,
                -35.2241418828193
              ],
              [
                173.7733851838,
                -35.2232297653666
              ],
              [
                173.773038749539,
                -35.2228532324591
              ],
              [
                173.772469150297,
                -35.2227624992735
              ],
              [
                173.772141200205,
                -35.22234921579
              ],
              [
                173.77211361692,
                -35.221833948909
              ],
              [
                173.771879433531,
                -35.2219145497501
              ],
              [
                173.771903700754,
                -35.2224093326503
              ],
              [
                173.772295515948,
                -35.2229244656452
              ],
              [
                173.772898566097,
                -35.2230193159499
              ],
              [
                173.773190615951,
                -35.2233372319582
              ],
              [
                173.773607316051,
                -35.2242649992992
              ],
              [
                173.774198916904,
                -35.2248687818443
              ],
              [
                173.774376583062,
                -35.2251722158428
              ],
              [
                173.774461883394,
                -35.2255566823627
              ],
              [
                173.774341233387,
                -35.2261423325018
              ],
              [
                173.774552433225,
                -35.2264521663824
              ],
              [
                173.774900183302,
                -35.2265640152921
              ],
              [
                173.775022216863,
                -35.2268658828595
              ],
              [
                173.774963767174,
                -35.2272818822083
              ],
              [
                173.775508816507,
                -35.2280163156911
              ],
              [
                173.775775299941,
                -35.2281041153994
              ],
              [
                173.775763183199,
                -35.2282753990724
              ],
              [
                173.776085117073,
                -35.2284675162818
              ],
              [
                173.776472299302,
                -35.2284874995376
              ],
              [
                173.776888100092,
                -35.2287052657936
              ],
              [
                173.777300534097,
                -35.2287440160333
              ],
              [
                173.778087283325,
                -35.2290888824165
              ],
              [
                173.778379366446,
                -35.2294438162772
              ],
              [
                173.778380066222,
                -35.2296083155207
              ],
              [
                173.778115700187,
                -35.2298085656123
              ],
              [
                173.775998583039,
                -35.2296431486151
              ],
              [
                173.775682049269,
                -35.236763449142
              ],
              [
                173.774265416877,
                -35.2372680323895
              ],
              [
                173.772537782934,
                -35.2369999990562
              ],
              [
                173.771974833672,
                -35.2368313987345
              ],
              [
                173.771039100019,
                -35.2360584658216
              ],
              [
                173.770598916503,
                -35.2358617487143
              ],
              [
                173.76959211621,
                -35.235949498922
              ],
              [
                173.768580049319,
                -35.2358060992667
              ],
              [
                173.767554583099,
                -35.236608482388
              ],
              [
                173.766459999921,
                -35.2369967157869
              ],
              [
                173.765011965919,
                -35.2370310664493
              ],
              [
                173.762990282906,
                -35.2430549657896
              ],
              [
                173.762256249394,
                -35.2434493491962
              ],
              [
                173.757410067354,
                -35.2447247485024
              ],
              [
                173.752092266789,
                -35.245885315141
              ],
              [
                173.753678350131,
                -35.249381215907
              ],
              [
                173.753795067012,
                -35.2495075655027
              ],
              [
                173.753997066017,
                -35.2493455825017
              ],
              [
                173.754141016059,
                -35.2494049159811
              ],
              [
                173.754414432987,
                -35.2497958991088
              ],
              [
                173.754474633475,
                -35.2502289327929
              ],
              [
                173.754375583806,
                -35.2502642821261
              ],
              [
                173.75427700017,
                -35.2501569997423
              ],
              [
                173.75361133385,
                -35.2498112823131
              ],
              [
                173.753413366893,
                -35.2498773818963
              ],
              [
                173.753414566775,
                -35.2503145326404
              ],
              [
                173.753246850077,
                -35.2508964158914
              ],
              [
                173.753392850195,
                -35.2515059329741
              ],
              [
                173.753330733488,
                -35.2517672984572
              ],
              [
                173.753018216524,
                -35.2522987328313
              ],
              [
                173.752978582482,
                -35.253170081953
              ],
              [
                173.752853349956,
                -35.2533683823142
              ],
              [
                173.752451600361,
                -35.2536293324329
              ],
              [
                173.752516267216,
                -35.2537356152984
              ],
              [
                173.752085467035,
                -35.2539997654876
              ],
              [
                173.751699333671,
                -35.2543748156493
              ],
              [
                173.751343334092,
                -35.254546066387
              ],
              [
                173.752402166606,
                -35.2567183327858
              ],
              [
                173.754726933131,
                -35.2571846494592
              ],
              [
                173.754579733533,
                -35.2572842319705
              ],
              [
                173.749893049834,
                -35.256356649245
              ],
              [
                173.74947566675,
                -35.2568346152542
              ],
              [
                173.749371432785,
                -35.2573027827432
              ],
              [
                173.748536733251,
                -35.2579724160022
              ],
              [
                173.747441999972,
                -35.2582265492123
              ],
              [
                173.74695629978,
                -35.2600387995605
              ],
              [
                173.745179165961,
                -35.2608527318391
              ],
              [
                173.743317682851,
                -35.2609555489276
              ],
              [
                173.740046333347,
                -35.2638331318731
              ],
              [
                173.739999533065,
                -35.2639378821974
              ],
              [
                173.739128799789,
                -35.2645863995823
              ],
              [
                173.738845033709,
                -35.2653660323528
              ],
              [
                173.738555633199,
                -35.2657264828181
              ],
              [
                173.738202050267,
                -35.2658021491713
              ],
              [
                173.737382433562,
                -35.265704715467
              ],
              [
                173.737163533403,
                -35.2654706154463
              ],
              [
                173.736974200151,
                -35.2650147661037
              ],
              [
                173.736813533391,
                -35.2648043323313
              ],
              [
                173.736590666174,
                -35.2647694318997
              ],
              [
                173.736252566329,
                -35.2649094151866
              ],
              [
                173.736039800647,
                -35.2650692989308
              ],
              [
                173.735504350287,
                -35.2657174652269
              ],
              [
                173.734942849999,
                -35.266269131842
              ],
              [
                173.734724383267,
                -35.2665755158231
              ],
              [
                173.734556100093,
                -35.2670268318529
              ],
              [
                173.733635949848,
                -35.2669257822338
              ],
              [
                173.733036633575,
                -35.2669914323295
              ],
              [
                173.73285600005,
                -35.2670807496369
              ],
              [
                173.732256333261,
                -35.2675837991419
              ],
              [
                173.731852499973,
                -35.2680756156249
              ],
              [
                173.731295332753,
                -35.268968532005
              ],
              [
                173.731062033044,
                -35.2691762489025
              ],
              [
                173.730268782951,
                -35.2692966655258
              ],
              [
                173.729702566207,
                -35.2695230320508
              ],
              [
                173.728730400363,
                -35.270064832743
              ],
              [
                173.725123600304,
                -35.2718301988957
              ],
              [
                173.723873165883,
                -35.2725882324368
              ],
              [
                173.723455533349,
                -35.2729286989295
              ],
              [
                173.72283985049,
                -35.2731108827812
              ],
              [
                173.722283299292,
                -35.2736877325942
              ],
              [
                173.721232299851,
                -35.2739765323388
              ],
              [
                173.721080682568,
                -35.2741509318583
              ],
              [
                173.721103100121,
                -35.2742863323574
              ],
              [
                173.721964833195,
                -35.2749340491284
              ],
              [
                173.722333534,
                -35.2750830661347
              ],
              [
                173.7225956002,
                -35.2753932990018
              ],
              [
                173.72260055021,
                -35.2755594164155
              ],
              [
                173.718089466536,
                -35.2764163660025
              ],
              [
                173.716546466631,
                -35.2749056327016
              ],
              [
                173.713911399748,
                -35.2750273986854
              ],
              [
                173.706461016945,
                -35.2765273163497
              ],
              [
                173.704734933221,
                -35.2758770989097
              ],
              [
                173.698692650381,
                -35.2754387329706
              ],
              [
                173.695146816531,
                -35.2757323491714
              ],
              [
                173.691583233317,
                -35.2771295987727
              ],
              [
                173.68562480014,
                -35.2779104163039
              ],
              [
                173.682025083564,
                -35.277754932046
              ],
              [
                173.682745783049,
                -35.277194165999
              ],
              [
                173.683060199787,
                -35.2770501662082
              ],
              [
                173.683676366888,
                -35.2765973822665
              ]
            ],
            [
              [
                173.733521733318,
                -35.1898725488166
              ],
              [
                173.732909282608,
                -35.1920014652797
              ],
              [
                173.731975399871,
                -35.192654348936
              ],
              [
                173.732909283714,
                -35.1920014661747
              ],
              [
                173.733521733318,
                -35.1898725488166
              ]
            ],
            [
              [
                173.742708849631,
                -35.1841092327507
              ],
              [
                173.742005167146,
                -35.1864464151998
              ],
              [
                173.740962016758,
                -35.1877841157888
              ],
              [
                173.742005167154,
                -35.1864464161014
              ],
              [
                173.742708849631,
                -35.1841092327507
              ]
            ]
          ],
          [
            [
              [
                173.702670583419,
                -35.2079534152631
              ],
              [
                173.701562449937,
                -35.2074442159427
              ],
              [
                173.700611400379,
                -35.2077931821913
              ],
              [
                173.700440550453,
                -35.2077733326272
              ],
              [
                173.700298565962,
                -35.2076842653182
              ],
              [
                173.700082583726,
                -35.2074385151765
              ],
              [
                173.699842833635,
                -35.2069321484335
              ],
              [
                173.699396833892,
                -35.2064386153353
              ],
              [
                173.698810983862,
                -35.2060391658564
              ],
              [
                173.698823666882,
                -35.2058878159921
              ],
              [
                173.699278849413,
                -35.2055797492698
              ],
              [
                173.699362016885,
                -35.2053492827578
              ],
              [
                173.6990092335,
                -35.2053120485782
              ],
              [
                173.698754266649,
                -35.2051746156734
              ],
              [
                173.698439083727,
                -35.2044566322967
              ],
              [
                173.69804478294,
                -35.2043285486272
              ],
              [
                173.697869733301,
                -35.203839365913
              ],
              [
                173.697699599373,
                -35.203741632828
              ],
              [
                173.697452482581,
                -35.2037918154527
              ],
              [
                173.696849150051,
                -35.2040933495578
              ],
              [
                173.696279999821,
                -35.2042110988784
              ],
              [
                173.695812383171,
                -35.2039514985253
              ],
              [
                173.695473650246,
                -35.2036048660699
              ],
              [
                173.694938467497,
                -35.2035319488062
              ],
              [
                173.694742033659,
                -35.2039109658874
              ],
              [
                173.69414318339,
                -35.204171198549
              ],
              [
                173.694163834006,
                -35.2047341151518
              ],
              [
                173.693958349345,
                -35.2050881157974
              ],
              [
                173.693716949954,
                -35.2052481156059
              ],
              [
                173.693318966558,
                -35.205399432984
              ],
              [
                173.692987233613,
                -35.2053137156244
              ],
              [
                173.692628866721,
                -35.2049628658127
              ],
              [
                173.692342967393,
                -35.2045031153573
              ],
              [
                173.692180416549,
                -35.204375465312
              ],
              [
                173.691984283457,
                -35.2043491830648
              ],
              [
                173.691447882956,
                -35.2045441823524
              ],
              [
                173.690570867041,
                -35.2052603992978
              ],
              [
                173.689861699309,
                -35.205259232803
              ],
              [
                173.689550633799,
                -35.2053196985102
              ],
              [
                173.688620700717,
                -35.205833066078
              ],
              [
                173.687282333044,
                -35.2062116659633
              ],
              [
                173.686906650521,
                -35.2062572494738
              ],
              [
                173.68664213347,
                -35.2061794992684
              ],
              [
                173.686355533361,
                -35.2056922658272
              ],
              [
                173.68620111661,
                -35.2055553156824
              ],
              [
                173.685638650095,
                -35.2056110490321
              ],
              [
                173.685539299982,
                -35.2057593492517
              ],
              [
                173.685966616653,
                -35.2063929489833
              ],
              [
                173.685908166715,
                -35.2066092163015
              ],
              [
                173.685820649245,
                -35.206677182023
              ],
              [
                173.685663583105,
                -35.206650182263
              ],
              [
                173.685410399543,
                -35.2064737661191
              ],
              [
                173.685245649479,
                -35.206263732552
              ],
              [
                173.685159082605,
                -35.2058439322418
              ],
              [
                173.684965282545,
                -35.2056962324834
              ],
              [
                173.684672600122,
                -35.2057128658679
              ],
              [
                173.683365083149,
                -35.2060977492905
              ],
              [
                173.682578616073,
                -35.2059192989485
              ],
              [
                173.682265816538,
                -35.2059156652988
              ],
              [
                173.681961383193,
                -35.2062255822282
              ],
              [
                173.681163484101,
                -35.2063518651558
              ],
              [
                173.680290633435,
                -35.2062848318643
              ],
              [
                173.679540133157,
                -35.2060942825876
              ],
              [
                173.679051366585,
                -35.2061921992143
              ],
              [
                173.678559200224,
                -35.2061619492866
              ],
              [
                173.678358633482,
                -35.2060738985015
              ],
              [
                173.677960282575,
                -35.2056870657084
              ],
              [
                173.6777164497,
                -35.2055470995105
              ],
              [
                173.677516816842,
                -35.2055986988762
              ],
              [
                173.677438516545,
                -35.2058038824296
              ],
              [
                173.677645949957,
                -35.2061505656462
              ],
              [
                173.677710099933,
                -35.2064631496613
              ],
              [
                173.677399516778,
                -35.2067525490792
              ],
              [
                173.676890717257,
                -35.206832499177
              ],
              [
                173.676005482813,
                -35.2065091820121
              ],
              [
                173.675350299861,
                -35.2064382818106
              ],
              [
                173.675032600174,
                -35.2064599159179
              ],
              [
                173.674456716706,
                -35.2066417819637
              ],
              [
                173.674206216675,
                -35.206657649245
              ],
              [
                173.677717267192,
                -35.2012720156375
              ],
              [
                173.680015616377,
                -35.1975242664696
              ],
              [
                173.68058888327,
                -35.1969325485315
              ],
              [
                173.679604367246,
                -35.195182182202
              ],
              [
                173.679525233254,
                -35.1948309324038
              ],
              [
                173.679591816514,
                -35.1947106993245
              ],
              [
                173.680142050442,
                -35.1944078817959
              ],
              [
                173.680961949995,
                -35.1930149497427
              ],
              [
                173.681145400587,
                -35.1922514988838
              ],
              [
                173.680894267081,
                -35.191415565632
              ],
              [
                173.680844265897,
                -35.1907958995805
              ],
              [
                173.680906399609,
                -35.1905085662336
              ],
              [
                173.68080001734,
                -35.190077682888
              ],
              [
                173.68150828262,
                -35.1887920317965
              ],
              [
                173.682504916635,
                -35.1883782826153
              ],
              [
                173.682925733146,
                -35.1880388326167
              ],
              [
                173.684489283953,
                -35.1859617988488
              ],
              [
                173.684839299857,
                -35.1845382154185
              ],
              [
                173.685367133077,
                -35.1847975325982
              ],
              [
                173.689951283717,
                -35.1845318987836
              ],
              [
                173.692116717123,
                -35.1855136658424
              ],
              [
                173.693702150018,
                -35.1861085155315
              ],
              [
                173.695594416527,
                -35.1862284653745
              ],
              [
                173.697268334019,
                -35.1859586820162
              ],
              [
                173.697714516438,
                -35.1843167156053
              ],
              [
                173.699033016538,
                -35.1841489826545
              ],
              [
                173.696768033632,
                -35.1912809153572
              ],
              [
                173.698844599748,
                -35.1962655819167
              ],
              [
                173.698615299728,
                -35.1967711321827
              ],
              [
                173.698859166897,
                -35.1975361822176
              ],
              [
                173.699121366243,
                -35.1978406326328
              ],
              [
                173.699231616574,
                -35.1983080985953
              ],
              [
                173.699782649452,
                -35.1986600657061
              ],
              [
                173.700943883953,
                -35.1984493497249
              ],
              [
                173.701323016452,
                -35.19863721578
              ],
              [
                173.701901400177,
                -35.1986566827721
              ],
              [
                173.707680849592,
                -35.2018339652183
              ],
              [
                173.707371366239,
                -35.2021165159226
              ],
              [
                173.70688756698,
                -35.2029988829042
              ],
              [
                173.705975717072,
                -35.2036568817423
              ],
              [
                173.7056622499,
                -35.2041686817927
              ],
              [
                173.705619534125,
                -35.2044828993926
              ],
              [
                173.705794783545,
                -35.2049825326193
              ],
              [
                173.705384383299,
                -35.2055503490324
              ],
              [
                173.705469433587,
                -35.205815083045
              ],
              [
                173.705233016889,
                -35.2058840663313
              ],
              [
                173.705146149214,
                -35.2060498818653
              ],
              [
                173.705477433803,
                -35.2063394324812
              ],
              [
                173.705516016549,
                -35.2064878657401
              ],
              [
                173.705405849992,
                -35.2065921325722
              ],
              [
                173.705144567331,
                -35.2066796820899
              ],
              [
                173.70490276692,
                -35.2071288820633
              ],
              [
                173.704645416964,
                -35.2072610322626
              ],
              [
                173.704301166886,
                -35.207333582574
              ],
              [
                173.704190067016,
                -35.2074592156734
              ],
              [
                173.704164366377,
                -35.2079565652289
              ],
              [
                173.704836749659,
                -35.2087689159069
              ],
              [
                173.704848383049,
                -35.2088900497425
              ],
              [
                173.704621400458,
                -35.2089627991977
              ],
              [
                173.704094682878,
                -35.2087912989083
              ],
              [
                173.703778783553,
                -35.2087763325632
              ],
              [
                173.703519433476,
                -35.2092022824493
              ],
              [
                173.703354266495,
                -35.2092899485697
              ],
              [
                173.703197066973,
                -35.2092583990361
              ],
              [
                173.703085083331,
                -35.2091436159238
              ],
              [
                173.703034399417,
                -35.20860869856
              ],
              [
                173.703095733989,
                -35.2082938996039
              ],
              [
                173.702670583419,
                -35.2079534152631
              ]
            ]
          ],
          [
            [
              [
                173.659335300381,
                -35.1835439326695
              ],
              [
                173.66081635035,
                -35.184236315811
              ],
              [
                173.665954300609,
                -35.1847142319874
              ],
              [
                173.666058034111,
                -35.1869849152107
              ],
              [
                173.666320600815,
                -35.1890954328857
              ],
              [
                173.668800267486,
                -35.1905327153154
              ],
              [
                173.66547401675,
                -35.1954008325574
              ],
              [
                173.677853682761,
                -35.2010474996789
              ],
              [
                173.674206216675,
                -35.206657649245
              ],
              [
                173.673903449797,
                -35.2066240326116
              ],
              [
                173.673593899893,
                -35.2069523318222
              ],
              [
                173.67333721666,
                -35.206959132733
              ],
              [
                173.673131450069,
                -35.2067795822306
              ],
              [
                173.672839315945,
                -35.2061870655509
              ],
              [
                173.672538666908,
                -35.2059038488557
              ],
              [
                173.671009683228,
                -35.2050972162106
              ],
              [
                173.670290350623,
                -35.2049220819129
              ],
              [
                173.669982116147,
                -35.2047740825111
              ],
              [
                173.669684083723,
                -35.2043785986648
              ],
              [
                173.669308633092,
                -35.2041172829115
              ],
              [
                173.668839966985,
                -35.2039194326048
              ],
              [
                173.667803000585,
                -35.2036628320014
              ],
              [
                173.667652684091,
                -35.2035738829597
              ],
              [
                173.667573533046,
                -35.2033256819949
              ],
              [
                173.66766331613,
                -35.2031317656608
              ],
              [
                173.667711083818,
                -35.2027210497065
              ],
              [
                173.667871599744,
                -35.202562532243
              ],
              [
                173.66827785026,
                -35.2024065656301
              ],
              [
                173.668429166724,
                -35.2021108153995
              ],
              [
                173.668368266803,
                -35.2019195489556
              ],
              [
                173.667624800792,
                -35.2017814488786
              ],
              [
                173.667085650535,
                -35.2017680158378
              ],
              [
                173.666648433082,
                -35.2020206824496
              ],
              [
                173.665869683449,
                -35.2027647824961
              ],
              [
                173.665711182546,
                -35.2027881656948
              ],
              [
                173.665425900098,
                -35.2026626491423
              ],
              [
                173.665189516513,
                -35.2022752324304
              ],
              [
                173.665586215902,
                -35.2017576490157
              ],
              [
                173.665599299429,
                -35.20119643246
              ],
              [
                173.665482049847,
                -35.20098553237
              ],
              [
                173.66501686662,
                -35.2007074494274
              ],
              [
                173.664381533078,
                -35.2004346490295
              ],
              [
                173.662891783376,
                -35.1999432329263
              ],
              [
                173.662402800486,
                -35.1999265990511
              ],
              [
                173.661983299889,
                -35.2002155822382
              ],
              [
                173.661749883106,
                -35.2002562990794
              ],
              [
                173.661617599756,
                -35.2001097825195
              ],
              [
                173.661504416948,
                -35.1994179485392
              ],
              [
                173.661354633077,
                -35.1991366320159
              ],
              [
                173.659495683051,
                -35.1980883320987
              ],
              [
                173.659315882507,
                -35.1978327322384
              ],
              [
                173.659111167504,
                -35.1969501661812
              ],
              [
                173.658965982745,
                -35.1966321324311
              ],
              [
                173.658697617204,
                -35.1965108664545
              ],
              [
                173.658471166204,
                -35.1964987989346
              ],
              [
                173.658298899385,
                -35.1965292822736
              ],
              [
                173.657901484101,
                -35.1968087159024
              ],
              [
                173.657518116248,
                -35.1968795162796
              ],
              [
                173.657288300199,
                -35.1968445987473
              ],
              [
                173.657246283903,
                -35.1967331329695
              ],
              [
                173.657491683779,
                -35.1964059824082
              ],
              [
                173.657450049414,
                -35.1963082492351
              ],
              [
                173.657311450478,
                -35.1962396829474
              ],
              [
                173.656664533346,
                -35.1962669992758
              ],
              [
                173.65636648395,
                -35.196185199354
              ],
              [
                173.656190966691,
                -35.1959867659902
              ],
              [
                173.656071649424,
                -35.1956957493307
              ],
              [
                173.655911733573,
                -35.1955588492417
              ],
              [
                173.656039400262,
                -35.1953184826253
              ],
              [
                173.653874683526,
                -35.1956928325781
              ],
              [
                173.653002900254,
                -35.1957675660145
              ],
              [
                173.652534300114,
                -35.1958879156194
              ],
              [
                173.651210232897,
                -35.1960666827273
              ],
              [
                173.650824783709,
                -35.1962703162777
              ],
              [
                173.650085566216,
                -35.1963976821357
              ],
              [
                173.649663116865,
                -35.1963750489605
              ],
              [
                173.649307399711,
                -35.1962731157931
              ],
              [
                173.648489366888,
                -35.196230432598
              ],
              [
                173.647778966013,
                -35.1958961161996
              ],
              [
                173.647700699314,
                -35.1956794660869
              ],
              [
                173.647817216458,
                -35.1954243825437
              ],
              [
                173.647746566354,
                -35.1951527324494
              ],
              [
                173.647789683603,
                -35.1948342663808
              ],
              [
                173.647620533467,
                -35.194499482435
              ],
              [
                173.647502033278,
                -35.1939902991474
              ],
              [
                173.647431083787,
                -35.193489832455
              ],
              [
                173.647484149183,
                -35.1932879656161
              ],
              [
                173.647448967183,
                -35.1929564991495
              ],
              [
                173.647278017334,
                -35.1922830652315
              ],
              [
                173.647111650364,
                -35.1921518991496
              ],
              [
                173.64670611682,
                -35.1920778991947
              ],
              [
                173.646139566869,
                -35.1916506988787
              ],
              [
                173.645595766895,
                -35.1908411491126
              ],
              [
                173.645517565977,
                -35.190629083029
              ],
              [
                173.645595299253,
                -35.1899830657491
              ],
              [
                173.646024682581,
                -35.1897593824598
              ],
              [
                173.646227800189,
                -35.1895126324697
              ],
              [
                173.646368233622,
                -35.1887584821975
              ],
              [
                173.646284550522,
                -35.1885533158231
              ],
              [
                173.64555191645,
                -35.1880132657401
              ],
              [
                173.645078933363,
                -35.1872831492099
              ],
              [
                173.644643283434,
                -35.1870423659901
              ],
              [
                173.644468467317,
                -35.1866984658114
              ],
              [
                173.644461933369,
                -35.1864216489323
              ],
              [
                173.644208050429,
                -35.1862134993519
              ],
              [
                173.643658416972,
                -35.1851751823436
              ],
              [
                173.642963366171,
                -35.1848398658049
              ],
              [
                173.641954799849,
                -35.1842024994605
              ],
              [
                173.64191416685,
                -35.1840861821412
              ],
              [
                173.642074483089,
                -35.183768915844
              ],
              [
                173.641393916596,
                -35.1827409490591
              ],
              [
                173.641309050583,
                -35.1824465495841
              ],
              [
                173.641028467273,
                -35.1823255988073
              ],
              [
                173.640906499538,
                -35.1821756986065
              ],
              [
                173.640805733343,
                -35.1821491826517
              ],
              [
                173.640128399806,
                -35.1821875158531
              ],
              [
                173.639935416559,
                -35.1821503992488
              ],
              [
                173.639834716638,
                -35.1819225158419
              ],
              [
                173.64016968323,
                -35.1813175828782
              ],
              [
                173.640184583591,
                -35.1811824324543
              ],
              [
                173.640107649826,
                -35.1810618654535
              ],
              [
                173.639745916787,
                -35.1809210658076
              ],
              [
                173.639176566881,
                -35.1808988990667
              ],
              [
                173.639107266,
                -35.180931582533
              ],
              [
                173.638950300308,
                -35.1812900151736
              ],
              [
                173.638507932979,
                -35.1815824324637
              ],
              [
                173.638243516445,
                -35.1816260824113
              ],
              [
                173.637934616825,
                -35.1814733489996
              ],
              [
                173.637607366976,
                -35.1805770826305
              ],
              [
                173.636959566803,
                -35.1792833491946
              ],
              [
                173.63646575074,
                -35.1786206655446
              ],
              [
                173.63655036657,
                -35.178482866019
              ],
              [
                173.639127050278,
                -35.1795460322405
              ],
              [
                173.639997734011,
                -35.1797758996955
              ],
              [
                173.644123382659,
                -35.1808650656677
              ],
              [
                173.646618616005,
                -35.1820997492764
              ],
              [
                173.645646199372,
                -35.1789686162915
              ],
              [
                173.660062916181,
                -35.1829568990257
              ],
              [
                173.659335300381,
                -35.1835439326695
              ]
            ]
          ],
          [
            [
              [
                173.710063250076,
                -35.1839676989956
              ],
              [
                173.709897183044,
                -35.1835183497268
              ],
              [
                173.709384066678,
                -35.1832055985349
              ],
              [
                173.709480216284,
                -35.1825876818731
              ],
              [
                173.710388283047,
                -35.1814195161375
              ],
              [
                173.711598100753,
                -35.1813284492948
              ],
              [
                173.711390700204,
                -35.1824790491533
              ],
              [
                173.713180582579,
                -35.185307832507
              ],
              [
                173.712771266207,
                -35.1851657323344
              ],
              [
                173.712072633402,
                -35.1851412826567
              ],
              [
                173.709995467312,
                -35.1846486159855
              ],
              [
                173.709817633258,
                -35.1843436651758
              ],
              [
                173.710063250076,
                -35.1839676989956
              ]
            ]
          ],
          [
            [
              [
                173.700898733898,
                -35.1829479493455
              ],
              [
                173.70039740042,
                -35.1834033989878
              ],
              [
                173.69919135049,
                -35.1839125985118
              ],
              [
                173.697919833087,
                -35.1840892660276
              ],
              [
                173.696736033217,
                -35.1829722824395
              ],
              [
                173.697057084024,
                -35.1823551152817
              ],
              [
                173.698959966508,
                -35.1822321320397
              ],
              [
                173.700565584016,
                -35.181313431769
              ],
              [
                173.700898733898,
                -35.1829479493455
              ]
            ]
          ],
          [
            [
              [
                173.703037366674,
                -35.1794284163782
              ],
              [
                173.702616733723,
                -35.1820677989181
              ],
              [
                173.701125349816,
                -35.1828637656928
              ],
              [
                173.700758900215,
                -35.181150381758
              ],
              [
                173.701842183654,
                -35.1805270158202
              ],
              [
                173.702199366827,
                -35.1796399829888
              ],
              [
                173.703037366674,
                -35.1794284163782
              ]
            ]
          ],
          [
            [
              [
                173.715631000111,
                -35.1802217492799
              ],
              [
                173.71835541665,
                -35.1797551497366
              ],
              [
                173.716090250417,
                -35.1784426156283
              ],
              [
                173.718346667106,
                -35.1763228995171
              ],
              [
                173.718491383567,
                -35.1753255160939
              ],
              [
                173.715314016168,
                -35.1730861492343
              ],
              [
                173.714186166477,
                -35.1709952495824
              ],
              [
                173.718436533609,
                -35.1718117991703
              ],
              [
                173.719084717206,
                -35.1694756161134
              ],
              [
                173.721391016506,
                -35.1698479990452
              ],
              [
                173.72141631675,
                -35.1701771661657
              ],
              [
                173.721825817055,
                -35.1705917324127
              ],
              [
                173.722161366599,
                -35.1706898322152
              ],
              [
                173.722708132952,
                -35.1706808320017
              ],
              [
                173.722683783221,
                -35.1708183495141
              ],
              [
                173.722320867047,
                -35.1711958994461
              ],
              [
                173.722341917209,
                -35.1713700993856
              ],
              [
                173.722536583263,
                -35.1715325327702
              ],
              [
                173.723006533148,
                -35.1715610327598
              ],
              [
                173.723300549732,
                -35.1713688486677
              ],
              [
                173.723337383307,
                -35.1711942653963
              ],
              [
                173.72357621647,
                -35.1712718823846
              ],
              [
                173.723343999715,
                -35.1718492995269
              ],
              [
                173.723385217066,
                -35.1721078819877
              ],
              [
                173.723323482875,
                -35.1723671658023
              ],
              [
                173.723478633815,
                -35.1724400654243
              ],
              [
                173.723544299726,
                -35.172571682112
              ],
              [
                173.723923766887,
                -35.1725585322912
              ],
              [
                173.724459167095,
                -35.1733314661741
              ],
              [
                173.724825649947,
                -35.1733078323309
              ],
              [
                173.724884967028,
                -35.1728108487137
              ],
              [
                173.724974499477,
                -35.1727573987766
              ],
              [
                173.725187666327,
                -35.1728404825312
              ],
              [
                173.725356799975,
                -35.1730242323111
              ],
              [
                173.725288649662,
                -35.1732835491645
              ],
              [
                173.725688700254,
                -35.1733970486944
              ],
              [
                173.726044616489,
                -35.1739837155345
              ],
              [
                173.725292550051,
                -35.1743388321155
              ],
              [
                173.72391741734,
                -35.1764069324451
              ],
              [
                173.724706950077,
                -35.1768019660224
              ],
              [
                173.725045100191,
                -35.1806119164354
              ],
              [
                173.724503617056,
                -35.1820325824825
              ],
              [
                173.722410849725,
                -35.1829453656505
              ],
              [
                173.721526966869,
                -35.1856503324656
              ],
              [
                173.721347116052,
                -35.1857870823553
              ],
              [
                173.719694966169,
                -35.1858524990804
              ],
              [
                173.718190099949,
                -35.1865148826086
              ],
              [
                173.717881166577,
                -35.18644618205
              ],
              [
                173.715794383109,
                -35.1853428152741
              ],
              [
                173.714796833422,
                -35.1849718994538
              ],
              [
                173.715134816471,
                -35.1839604987056
              ],
              [
                173.715631000111,
                -35.1802217492799
              ]
            ]
          ],
          [
            [
              [
                173.663240249839,
                -35.1776206156143
              ],
              [
                173.662955750087,
                -35.1765699825494
              ],
              [
                173.662596700832,
                -35.1758664329802
              ],
              [
                173.664559616993,
                -35.1710080656107
              ],
              [
                173.669652582977,
                -35.1723865657253
              ],
              [
                173.6671708835,
                -35.1783989653901
              ],
              [
                173.666668200133,
                -35.1784924989767
              ],
              [
                173.666019666815,
                -35.1786641656994
              ],
              [
                173.664938633659,
                -35.1785228157573
              ],
              [
                173.66347278271,
                -35.178711081797
              ],
              [
                173.663540616714,
                -35.1782152817618
              ],
              [
                173.663240249839,
                -35.1776206156143
              ]
            ]
          ]
        ]
      }
    }
  ]
}
